ID,Title,Slug,Release Date,Rating,Critic Score,Genre
1300464033,"Snipperclips - Cut it out, together!",snipperclips-cut-it-out-together,3/3/2017,E,80,Puzzle
1300464016,1-2-Switch,1-2-switch,3/3/2017,E10+,58,Party
1300463948,Shovel Knight: Treasure Trove,shovel-knight-treasure-trove,3/3/2017,E,91,2D Platformer
1300457524,Skylanders Imaginators,skylanders-imaginators,3/3/2017,E10+,72,3D Platformer
1300464031,Super Bomberman R,super-bomberman-r,3/3/2017,E10+,62,Action Puzzle
1300464028,Fast RMX,fast-rmx,3/3/2017,E,81,Future Racing
1300460505,Shovel Knight: Specter of Torment,shovel-knight-specter-of-torment,3/3/2017,E,84,2D Platformer
1300440593,I Am Setsuna,i-am-setsuna,3/3/2017,E10+,75,JRPG
1300108776,The Legend of Zelda: Breath of the Wild,the-legend-of-zelda-breath-of-the-wild,3/3/2017,E10+,97,Open-World Action
1300457831,Just Dance 2017,just-dance-2017,3/3/2017,E10+,72,Dancing
1300457439,VOEZ,voez,3/9/2017,T,81,Rhythm
1300005543,World Heroes Perfect,world-heroes-perfect,3/9/2017,T,58,2D Fighting
1300005053,Waku Waku 7,waku-waku-7,3/9/2017,E10+,73,2D Fighting
1300115570,Shock Troopers,shock-troopers,3/9/2017,T,70,Top-Down Shoot-'Em-Up
1300461989,Blaster Master Zero,blaster-master-zero,3/9/2017,E,78,2D Platformer
1300005062,The King of Fighters '98: The Slugfest,the-king-of-fighters-98-the-slugfest,3/9/2017,T,80,2D Fighting
1300005268,Metal Slug 3,metal-slug-3,3/9/2017,T,76,2D Platformer
1300149220,Little Inferno,little-inferno,3/16/2017,T,71,Action Puzzle
1300452267,Human Resource Machine,human-resource-machine,3/16/2017,E10+,77,Puzzle
1300035138,World of Goo,world-of-goo,3/16/2017,E,84,Action Puzzle
1300463079,The Binding of Isaac: Afterbirth +,the-binding-of-isaac-afterbirth-plus,3/17/2017,M,85,Top-Down Shoot-'Em-Up
1300464041,New Frontier Days: Founding Pioneers,new-frontier-days-founding-pioneers,3/23/2017,E,52,Management
1300024393,Othello,othello,3/23/2017,E,55,Board
1300001519,Neo Turf Masters,neo-turf-masters,3/23/2017,E,74,Golf Sim
1300464026,Has-Been Heroes,has-been-heroes,3/28/2017,E10+,53,Turn-Based Tactics
1300461802,Snake Pass,snake-pass,3/28/2017,E,72,Action Puzzle
1300108778,LEGO City Undercover,lego-city-undercover,4/4/2017,E10+,78,Open-World Action
1300465525,Vroom in the Night Sky,vroom-in-the-night-sky,4/5/2017,E,17,Biking
1300465496,Graceful Explosion Machine,graceful-explosion-machine,4/6/2017,E,77,Horizontal Shoot-'Em-Up
1300011703,Alpha Mission II,alpha-mission-ii,4/6/2017,E,64,Vertical Shoot-'Em-Up
1300460623,The Jackbox Party Pack 3,the-jackbox-party-pack-3,4/13/2017,T,81,Party
1300457861,Mr. Shifty,mr-shifty,4/13/2017,T,66,Linear Action Adventure
1300460844,Wonder Boy: The Dragon's Trap,wonder-boy-the-dragons-trap,4/18/2017,E10+,79,Metroidvania
1300196584,Puyo Puyo Tetris,puyo-puyo-tetris,4/25/2017,E10+,81,Stacking Puzzle
1300466540,Kamiko,kamiko,4/27/2017,E,74,Action Adventure
1300461502,Mario Kart 8 Deluxe,mario-kart-8-deluxe,4/28/2017,E,92,Auto Racing
1300462857,TumbleSeed,tumbleseed,5/2/2017,E,78,Action
1300006064,Blazing Star,blazing-star,5/2/2017,E,84,Horizontal Shoot-'Em-Up
1300465524,NBA Playgrounds,nba-playgrounds,5/9/2017,E,63,Basketball
1300467554,Dark Witch Music Episode: Rudymical,dark-witch-music-episode-rudymical,5/11/2017,T,53,Visual Novel
1300449803,Thumper,thumper,5/18/2017,E10+,85,Rhythm
1300316213,Disgaea 5: Alliance of Vengeance,disgaea-5,5/23/2017,T,81,Turn-Based Tactics
1300464030,Ultra Street Fighter II: The Final Challengers,ultra-street-fighter-ii-the-final-challengers,5/26/2017,T,66,2D Fighting
1300302976,Astro Duel,astro-duel,5/30/2017,E10+,59,Top-Down Shoot-'Em-Up
1300464367,Slime-san,slime-san,6/8/2017,E,82,Linear Action Adventure
1300196337,Shantae: Half-Genie Hero,shantae-half-genie-hero,6/8/2017,T,82,2D Platformer
1300466536,Disney/Pixar Cars 3: Driven to Win,disney-pixar-cars-3-driven-to-win,6/13/2017,E10+,59,Auto Racing
1300467864,Mighty Gunvolt Burst,mighty-gunvolt-burst,6/15/2017,E,76,2D Platformer
1300464017,ARMS,arms,6/16/2017,E10+,77,3D Fighting
1300117728,Cave Story Plus,cave-story-plus,6/20/2017,E10+,88,Metroidvania
1300402946,Oceanhorn: Monster of Uncharted Seas,oceanhorn-monster-of-uncharted-seas,6/22/2017,E10+,66,Open-World Action
1300455455,GoNNER,gonner,6/29/2017,E10+,79,2D Platformer
1300467468,The Legend of Zelda: Breath of the Wild - The Master Trials,the-legend-of-zelda-breath-of-the-wild-the-master,6/30/2017,E10+,78,Open-World Action
1300418075,Implosion - Never Lose Hope,implosion-never-lose-hope,7/6/2017,T,74,Top-Down Shoot-'Em-Up
1300464770,Vaccine (2017),vaccine-2017,7/6/2017,M,44,Survival
1300461927,Shephy,shephy,7/6/2017,T,54,Card Battle
1300451298,Bulb Boy,bulb-boy,7/6/2017,T,75,Point-and-Click
1300465586,De Mambo,de-mambo,7/13/2017,E,69,2D Platformer
1300469566,Levels+ : Addictive Puzzle Game,levels-plus-addictive-puzzle-game,7/13/2017,E,62,Logic Puzzle
1300456747,I and Me,i-and-me,7/13/2017,E,60,2D Platformer
1300459504,Death Squared,death-squared,7/13/2017,E,78,Action Puzzle
1300469968,Boost Beast,boost-beast,7/20/2017,E,48,Matching Puzzle
1300461504,Splatoon 2,splatoon-2,7/21/2017,E10+,83,Third Person Shooter
1300455752,Fate/Extella: The Umbral Star,fate-extella-the-umbral-star,7/25/2017,T,69,3D Beat-'Em-Up
1300455339,Overcooked!,overcooked,7/27/2017,E,77,Action Puzzle
1300469935,Qbics Paint,qbics-paint,7/27/2017,E,66,Puzzle
1300470015,Ultra Hyperball,ultra-hyperball,7/28/2017,E,61,Arcade
1300466842,Namco Museum,namco-museum,7/28/2017,T,72,Compilation
1300357697,Retro City Rampage DX,retro-city-rampage-dx,8/3/2017,T,91,Open-World Action
1300470406,Puzzle Adventure Blockle,puzzle-adventure-blockle,8/3/2017,T,64,Action Puzzle
1300463548,Use Your Words,use-your-words,8/3/2017,M,74,Party
1300461021,Infinite Minigolf,infinite-minigolf,8/3/2017,E,66,Golf
1300208455,Gunbarich,gunbarich,8/3/2017,E,66,Vertical Shoot-'Em-Up
1300003449,Strikers 1945,strikers-1945,8/3/2017,E,73,Vertical Shoot-'Em-Up
1300465657,Sine Mora EX,sine-mora-ex,8/8/2017,M,70,Horizontal Shoot-'Em-Up
1300267067,Severed,severed,8/8/2017,T,87,Action Adventure
1300402949,Ironcast,ironcast,8/10/2017,E10+,80,Matching Puzzle
1300467127,Phantom Trigger,phantom-trigger,8/10/2017,E10+,61,Linear Action Adventure
1300456395,Rocket Fist,rocket-fist,8/10/2017,E,76,MOBA
1300464034,Flip Wars,flip-wars,8/10/2017,T,53,Puzzle
1300458868,Sonic Mania,sonic-mania,8/15/2017,E,86,2D Platformer
1300368160,The Jackbox Party Pack,the-jackbox-party-pack,8/17/2017,T,76,Party
1300460764,Minecraft: Story Mode - A Telltale Games Series - The Complete Adventure,minecraft-story-mode-a-telltale-games-series-the,8/22/2017,E10+,67,Point-and-Click
1300250832,forma.8,forma8,8/24/2017,E10+,76,Metroidvania
1300467553,Piczle Lines DX,piczle-lines-dx,8/24/2017,E,76,Action Puzzle
1300468563,Mario + Rabbids: Kingdom Battle,mario-plus-rabbids-kingdom-battle,8/29/2017,E10+,85,Turn-Based Tactics
1300097928,League of Evil,league-of-evil,8/31/2017,E10+,64,2D Platformer
1300464473,R.B.I. Baseball 17,rbi-baseball-17,9/5/2017,E,38,Baseball
1300435668,LEGO Worlds,lego-worlds,9/5/2017,E10+,59,Sandbox
1300451948,NeuroVoider,neurovoider,9/7/2017,E10+,85,Top-Down Shoot-'Em-Up
1300172102,The Bridge (2013),the-bridge-2013,9/7/2017,E,74,Logic Puzzle
1300459440,Lichtspeer,lichtspeer,9/7/2017,T,71,Action Adventure
1300464025,Rayman Legends: Definitive Edition,rayman-legends-definitive-edition,9/12/2017,E10+,84,2D Platformer
1300256206,Quest of Dungeons,quest-of-dungeons,9/14/2017,E10+,74,Roguelike
1300459266,Kingdom: New Lands,kingdom-new-lands,9/14/2017,E10+,74,Strategy
1300470090,36 Fragments of Midnight,36-fragments-of-midnight,9/14/2017,E,37,2D Platformer
1300460919,Semispheres,semispheres,9/14/2017,E,72,Action Puzzle
1300326099,Beach Buggy Racing,beach-buggy-racing,9/14/2017,E,60,Auto Racing
1300474666,Robonauts,robonauts,9/15/2017,E,71,2D Platformer
1300464029,NBA 2K18,nba-2k18,9/15/2017,E10+,74,Basketball Sim
1300465520,SteamWorld Dig 2,steamworld-dig-2,9/21/2017,E10+,88,Metroidvania
1300450808,Thimbleweed Park,thimbleweed-park,9/21/2017,T,82,Point-and-Click
1300457173,Dragon Ball: Xenoverse 2,dragon-ball-xenoverse-2,9/22/2017,T,75,3D Fighting
1300468350,Pokken Tournament DX,pokken-tournament-dx,9/22/2017,E10+,79,3D Fighting
1300469217,The LEGO NINJAGO Movie Video Game,the-lego-ninjago-movie-video-game,9/22/2017,E10+,66,Linear Action Adventure
1300471388,INVERSUS Deluxe,inversus-deluxe,9/28/2017,E,70,Top-Down Shoot-'Em-Up
1300468124,Golf Story,golf-story,9/28/2017,E,78,Action Adventure
1300474703,Conga Master Party!,conga-master-party,9/28/2017,E,71,Party
1300185238,Sparkle 2,sparkle-2,9/28/2017,E,76,Matching Puzzle
1300475567,Picross S,picross-s,9/28/2017,E,67,Logic Puzzle
1300459953,BUTCHER,butcher,9/28/2017,M,70,2D Platformer
1300454716,Binaries,binaries,9/28/2017,E,60,2D Platformer
1300472380,Astro Bears Party,astro-bears-party,9/28/2017,E,57,Party
1300316924,Deemo: The Last Recital,deemo-the-last-recital,9/28/2017,E,88,Rhythm
1300467798,One Piece: Unlimited World Red - Deluxe Edition,one-piece-unlimited-world-red-deluxe-edition,9/29/2017,T,68,Action Adventure
1300468325,FIFA 18,fifa-18,9/29/2017,E,68,Soccer Sim
1300167573,Lovers in a Dangerous Spacetime,lovers-in-a-dangerous-spacetime,10/3/2017,E10+,84,Horizontal Shoot-'Em-Up
1300467467,Earth Atlantis,earth-atlantis,10/5/2017,E,71,Horizontal Shoot-'Em-Up
1300170113,Stardew Valley,stardew-valley,10/5/2017,E10+,87,Virtual Life
1300140418,Axiom Verge,axiom-verge,10/5/2017,E10+,87,Metroidvania
1300177795,Volgarr the Viking,volgarr-the-viking,10/5/2017,T,80,2D Platformer
1300475636,Ninja Shodown,ninja-shodown,10/5/2017,T,61,Party
1300422899,Oxenfree,oxenfree,10/6/2017,T,81,Adventure
1300474072,88 Heroes: 98 Heroes Edition,88-heroes-98-heroes-edition,10/10/2017,E10+,65,2D Platformer
1300187567,Tiny Barbarian DX,tiny-barbarian-dx,10/10/2017,E10+,77,2D Platformer
1300460267,Touhou Kobuto V: Burst Battle,touhou-kobuto-v-burst-battle,10/10/2017,T,38,3D Fighting
1300473262,Yono and the Celestial Elephants,yono-and-the-celestial-elephants,10/12/2017,E,73,Linear Action Adventure
1300444927,Neon Chrome,neon-chrome,10/12/2017,T,67,Top-Down Shoot-'Em-Up
1300476607,Squareboy vs. Bullies: Arena Edition,squareboy-vs-bullies-arena-edition,10/12/2017,E,50,2D Beat-'Em-Up
1300255519,Wulverblade,wulverblade,10/12/2017,M,76,2D Beat-'Em-Up
1300337155,The Flame in the Flood,the-flame-in-the-flood,10/12/2017,T,75,Survival
1300465523,Rogue Trooper Redux,rogue-trooper-redux,10/17/2017,T,60,Third Person Shooter
1300461110,Don't Knock Twice,dont-knock-twice,10/17/2017,M,39,First-Person Adventure
1300464814,Putty Pals,putty-pals,10/18/2017,E,73,2D Platformer
1300454410,The Count Lucanor,the-count-lucanor,10/19/2017,T,72,Action Adventure
1300469565,Super Ping Pong Trick Shot,super-ping-pong-trick-shot,10/19/2017,E,51,Individual Sports
1300464027,Spelunker Party,spelunker-party,10/19/2017,E,65,2D Platformer
1300465469,Revenant Saga,revenant-saga,10/19/2017,E10+,53,JRPG
1300467185,The Jackbox Party Pack 4,the-jackbox-party-pack-4,10/19/2017,T,77,Party
1300190887,Elliot Quest,elliot-quest,10/19/2017,E10+,73,Metroidvania
1300468679,JYDGE,jydge,10/19/2017,T,67,Top-Down Shoot-'Em-Up
1300464019,Fire Emblem Warriors,fire-emblem-warriors,10/20/2017,T,74,3D Beat-'Em-Up
1300004203,Syberia,syberia,10/20/2017,T,76,Third-Person Adventure
1300452869,Poi,poi,10/23/2017,E10+,65,3D Platformer
1300459930,Nights of Azure 2: Bride of the New Moon,nights-of-azure-2-bride-of-the-new-moon,10/24/2017,T,66,Action RPG
1300468566,Just Dance 2018,just-dance-2018,10/24/2017,E10+,71,Dancing
1300456363,This Is the Police,this-is-the-police,10/24/2017,M,66,Strategy
1300468458,The Mummy Demastered,the-mummy-demastered,10/24/2017,E10+,75,2D Platformer
1300477024,Knight Terrors,knight-terrors,10/24/2017,E10+,74,2D Platformer
1300459460,Splasher,splasher,10/26/2017,E,83,2D Platformer
1300467057,Time Recoil,time-recoil,10/26/2017,T,70,Top-Down Shoot-'Em-Up
1300223688,Violett,violett,10/26/2017,E,45,Adventure
1300330370,Moon Hunters,moon-hunters,10/26/2017,E10+,69,Action RPG
1300461501,Super Mario Odyssey,super-mario-odyssey,10/27/2017,E10+,97,3D Platformer
1300156024,King Oddball,king-oddball,10/30/2017,E10+,66,Action Puzzle
1300459720,Perception,perception,10/31/2017,M,62,First-Person Adventure
1300458809,Monster Jam: Crush It,monster-jam-crush-it,10/31/2017,E,36,Auto Racing
1300339342,Monopoly Plus,monopoly-plus,10/31/2017,E,53,Board
1300469973,Morphite,morphite,11/2/2017,T,65,Action Adventure
1300467556,Chess Ultra,chess-ultra,11/2/2017,E,79,Board
1300473218,Super Beat Sports,super-beat-sports,11/2/2017,E,68,Rhythm
1300460603,Wheels of Aurelia,wheels-of-aurelia,11/2/2017,T,42,Action Adventure
1300455011,Farming Simulator 17,farming-simulator-17,11/7/2017,E,73,Virtual Career
1300458869,Sonic Forces,sonic-forces,11/7/2017,E10+,57,3D Platformer
1300458755,Uno (2016),uno-2016,11/7/2017,E,69,Board
1300393573,Tallowmere,tallowmere,11/9/2017,T,62,2D Platformer
1300153349,Octodad: Dadliest Catch,octodad-dadliest-catch,11/9/2017,E,65,Third-Person Adventure
1300456408,Spellspire,spellspire,11/9/2017,E10+,66,RPG
1300467955,Cat Quest,cat-quest,11/10/2017,E10+,74,Action RPG
1300287266,DOOM,doom,11/10/2017,M,79,FPS
1300474755,"Snipperclips Plus: Cut It Out, Together!",snipperclips-plus-cut-it-out-together,11/10/2017,E,84,Puzzle
1300450916,Ittle Dew 2,ittle-dew-2,11/14/2017,E10+,77,Action Adventure
1300451873,Lumo,lumo,11/14/2017,E10+,77,3D Platformer
1300398913,Rocket League,rocket-league,11/14/2017,E,86,Soccer
1300467777,LEGO Marvel Super Heroes 2,lego-marvel-super-heroes-2,11/14/2017,E10+,76,3D Platformer
1300193923,RiME,rime,11/14/2017,E10+,64,Third-Person Adventure
1300025120,L.A. Noire,l-a-noire,11/14/2017,M,79,Open-World Action
1300473220,Ben 10,ben-10,11/14/2017,E10+,41,3D Beat-'Em-Up
1300453434,Batman: The Telltale Series,batman-the-telltale-series,11/14/2017,M,72,Point-and-Click
1300304694,RIVE,rive,11/17/2017,E10+,82,2D Platformer
1300457786,The Elder Scrolls V: Skyrim Special Edition,the-elder-scrolls-v-skyrim-special-edition,11/17/2017,M,84,Western RPG
1300473222,Aces of the Luftwaffe: Squadron,aces-of-the-luftwaffe-squadron,11/17/2017,E10+,71,Vertical Shoot-'Em-Up
1300067036,VVVVVV,vvvvvv,11/17/2017,E,80,Metroidvania
1300455321,Xenoraid,xenoraid,11/17/2017,E,61,Vertical Shoot-'Em-Up
1300240781,Battle Chef Brigade,battle-chef-brigade,11/20/2017,E10+,81,2D Beat-'Em-Up
1300459485,Unbox: Newbie's Adventure,unbox-newbies-adventure,11/21/2017,E,52,3D Platformer
1300418109,SUPERBEAT: XONiC,superbeat-xonic,11/21/2017,T,74,Rhythm
1300456732,Azure Striker Gunvolt: Striker Pack,azure-striker-gunvolt-striker-pack,11/21/2017,T,82,Compilation
1300462122,Gear.Club Unlimited,gearclub-unlimited,11/21/2017,E,64,Auto Racing Sim
1300346190,Dead Synchronicity: Tomorrow Comes Today,dead-synchronicity,11/21/2017,T,72,Point-and-Click
1300473219,Uurnog Uurnlimited,uurnog-uurnlimited,11/21/2017,E,74,2D Platformer
1300454823,Portal Knights,portal-knights,11/23/2017,E10+,74,Action RPG
1300450754,Worms W.M.D,worms-wmd,11/23/2017,E10+,83,Artillery
1300146872,Transcripted,transcripted,11/23/2017,E,76,Puzzle
1300458370,Mantis Burn Racing,mantis-burn-racing,11/23/2017,E10+,77,Auto Racing
1300184906,Stick it to the Man!,stick-it-to-the-man,11/23/2017,E10+,74,3D Platformer
1300370978,Letter Quest: Grimm's Journey,letter-quest-grimms-journey,11/23/2017,E,76,Logic Puzzle
1300021206,Crimsonland,crimsonland,11/24/2017,T,61,Top-Down Shoot-'Em-Up
1300315865,Resident Evil: Revelations 2,resident-evil-revelations-2,11/28/2017,M,73,Survival
1300470967,Resident Evil: Revelations Collection,resident-evil-revelations-collection,11/28/2017,M,78,Compilation
1300079144,Resident Evil: Revelations,resident-evil-revelations,11/28/2017,M,78,Survival
1300004987,Syberia II,syberia-ii,11/30/2017,T,68,Third-Person Adventure
1300452592,OPUS: The Day We Found Earth,opus-the-day-we-found-earth,11/30/2017,E,74,Adventure
1300460245,Serial Cleaner,serial-cleaner,11/30/2017,M,75,Linear Action Adventure
1300455632,Star Ghost,star-ghost,11/30/2017,E,72,Horizontal Shoot-'Em-Up
1300464018,Xenoblade Chronicles 2,xenoblade-chronicles-2,12/1/2017,T,83,Action RPG
1300459608,Nine Parchments,nine-parchments,12/5/2017,E10+,66,Action RPG
1300466672,Caveman Warriors,caveman-warriors,12/5/2017,E10+,52,2D Platformer
1300468699,WWE 2K18,wwe-2k18,12/6/2017,T,35,Wrestling
1300468596,The Legend of Zelda: Breath of the Wild - The Champion's Ballad,the-legend-of-zelda-breath-of-the-wild-the,12/7/2017,E10+,81,Open-World Action
1300464198,The Sexy Brutale,the-sexy-brutale,12/7/2017,T,71,Adventure
1300419524,Dimension Drive,dimension-drive,12/7/2017,E10+,72,Vertical Shoot-'Em-Up
1300184667,Teslagrad,teslagrad,12/7/2017,E,81,2D Platformer
1300007949,Gunbird,gunbird,12/7/2017,E,72,Vertical Shoot-'Em-Up
1300473513,Floor Kids,floor-kids,12/7/2017,E,76,Dancing
1300450669,Red Game Without A Great Name,red-game-without-a-great-name,12/7/2017,E,62,2D Platformer
1300196317,Phantom Breaker: Battle Grounds Overdrive,phantom-breaker-battle-grounds-overdrive,12/7/2017,E10+,69,2D Beat-'Em-Up
1300479150,Plantera Deluxe,plantera-deluxe,12/7/2017,E,60,Tycoon
1300478888,Yodanji,yodanji,12/7/2017,E10+,54,Roguelike
1300464459,Embers of Mirrim,embers-of-mirrim,12/7/2017,E,76,Action Adventure
1300479106,ACORN Tactics,acorn-tactics,12/7/2017,E10+,51,Turn-Based Tactics
1300463826,Vostok Inc.,vostok-inc,12/7/2017,E10+,65,Top-Down Shoot-'Em-Up
1300456193,Riptide GP: Renegade,riptide-gp-renegade,12/7/2017,E10+,75,Future Racing
1300458124,Human: Fall Flat,human-fall-flat,12/7/2017,E,65,3D Platformer
1300459502,Slain: Back from Hell,slain-back-from-hell,12/7/2017,M,47,2D Platformer
1300170391,Tennis in the Face,tennis-in-the-face,12/8/2017,E10+,66,Action Puzzle
1300468411,The End Is Nigh,the-end-is-nigh,12/12/2017,M,80,2D Platformer
1300476054,Party Planet,party-planet,12/12/2017,E,46,Party
1300469174,Pinball FX3,pinball-fx3,12/12/2017,E10+,82,Pinball
1300479875,Mutant Mudds Collection,mutant-mudds-collection,12/14/2017,E,85,Compilation
1300374944,Enter the Gungeon,enter-the-gungeon,12/14/2017,T,87,Top-Down Shoot-'Em-Up
1300192510,Hammerwatch,hammerwatch,12/14/2017,E10+,70,Action Adventure
1300475048,Mecho Tales,mecho-tales,12/14/2017,E,43,2D Platformer
1300296368,Black The Fall,black-the-fall,12/14/2017,E10+,68,3D Platformer
1300454013,Gorogoa,gorogoa,12/14/2017,E,83,Puzzle
1300164469,Bleed,bleed,12/14/2017,T,75,2D Platformer
1300476650,Never Stop Sneakin',never-stop-sneakin,12/14/2017,E10+,71,Action Adventure
1300478626,RXN: Raijin,rxn-raijin,12/14/2017,E,57,Vertical Shoot-'Em-Up
1300453098,One More Dungeon,one-more-dungeon,12/14/2017,E10+,64,FPS
1300425964,Yooka-Laylee,yooka-laylee,12/14/2017,E10+,75,3D Platformer
1300139408,Unepic,unepic,12/15/2017,T,65,Action RPG
1300017734,Romancing SaGa 2,romancing-saga-2,12/15/2017,T,70,JRPG
1300455708,Hiragana Pixel Party,hiragana-pixel-party,12/16/2017,E,57,Edutainment
1300458475,Brawlout,brawlout,12/19/2017,E10+,60,2D Fighting
1300252498,Crawl,crawl,12/19/2017,T,82,Action RPG
1300314565,The Next Penelope,the-next-penelope,12/21/2017,E,79,Future Racing
1300476848,Tiny Troopers: Joint Ops XL,tiny-troopers-joint-ops-xl,12/21/2017,T,50,Top-Down Shoot-'Em-Up
1300175807,Max: The Curse of Brotherhood,max-the-curse-of-brotherhood,12/21/2017,E10+,73,Action Adventure
1300286988,Woodle Tree Adventures,woodle-tree-adventures,12/21/2017,E,28,3D Platformer
1300473221,Tiny Metal,tiny-metal,12/21/2017,E10+,66,Turn-Based Tactics
1300469447,Mom Hid My Game!,mom-hid-my-game,12/21/2017,E,73,Point-and-Click
1300156496,Frederic: Resurrection of Music,frederic-resurrection-of-music,12/21/2017,T,68,Rhythm
1300373094,The Deer God,the-deer-god,12/21/2017,T,39,2D Platformer
1300469768,The Coma: Recut,the-coma-recut,12/21/2017,T,62,Survival
1300465533,Blossom Tales: The Sleeping King,blossom-tales-the-sleeping-king,12/21/2017,E10+,80,Open-World Action
1300267088,Sparkle Unleashed,sparkle-unleashed,12/25/2017,E,68,Matching Puzzle
1300324417,SteamWorld Heist,steamworld-heist,12/28/2017,E10+,91,Turn-Based Strategy
1300454625,Stikbold! A Dodgeball Adventure,stikbold-a-dodgeball-adventure,1/4/2018,E,70,Arcade
1300479463,Pic-a-Pix Deluxe,pic-a-pix-deluxe,1/4/2018,E,78,Logic Puzzle
1300465514,The Escapists 2,the-escapists-2,1/11/2018,T,73,Action
1300043857,Super Meat Boy,super-meat-boy,1/11/2018,T,84,2D Platformer
1300452401,Furi,furi,1/11/2018,M,74,Action Adventure
1300468056,Of Mice and Sand,of-mice-and-sand,1/11/2018,E10+,68,Strategy
1300121360,Azkend 2: The World Beneath,azkend-2-the-world-beneath,1/12/2018,E,68,Matching Puzzle
1300419529,BRAWL,brawl,1/12/2018,M,60,Arcade
1300176707,Gunhouse,gun-house,1/15/2018,E10+,70,Matching Puzzle
1300467323,Nightmare Boy,nightmare-boy,1/16/2018,T,61,Open-World Action
1300454790,InnerSpace,innerspace,1/16/2018,E,63,Aircraft Sim
1300459523,Oh...Sir! The Insult Simulator,ohsir-the-insult-simulator,1/18/2018,T,51,Simulation
1300460995,World to the West,world-to-the-west,1/18/2018,E10+,73,Linear Action Adventure
1300465741,Oh...Sir! The Hollywood Roast,ohsir-the-hollywood-roast,1/18/2018,E,42,Simulation
1300389446,Ambition of the Slimes,ambition-of-the-slimes,1/18/2018,T,70,Turn-Based Tactics
1300285702,Darkest Dungeon,darkest-dungeon,1/18/2018,T,85,RPG
1300479339,VESTA,vesta,1/19/2018,E,64,Action Adventure
1300453307,Baseball Riot,baseball-riot,1/19/2018,E10+,51,Action Puzzle
1300154697,Nuclien,nuclien,1/19/2018,E,67,Puzzle
1300454942,ChromaGun,chromagun,1/22/2018,E10+,69,Action Puzzle
1300468135,Lost Sphear,lost-sphear,1/23/2018,E10+,69,JRPG
1300329067,Shu,shu,1/23/2018,E,72,2D Platformer
1300462948,Celeste,celeste,1/25/2018,E10+,92,2D Platformer
1300450567,Space Dave!,space-dave,1/25/2018,E,72,Vertical Shoot-'Em-Up
1300480690,Tennis (D3),tennis-d3,1/25/2018,E,28,Tennis
1300480936,Super One More Jump,super-one-more-jump,1/25/2018,E,81,2D Platformer
1300450577,Earth's Dawn,earths-dawn,1/25/2018,T,68,2D Beat-'Em-Up
1300195363,Fantasy Hero: Unsigned Legacy,fantasy-hero-unsigned-legacy,1/25/2018,E10+,34,Action RPG
1300461518,Dustoff Heli Rescue 2,dustoff-heli-rescue-2,1/25/2018,E10+,64,Aircraft Combat Sim
1300440554,Tachyon Project,tachyon-project,1/25/2018,E,67,Top-Down Shoot-'Em-Up
1300167288,Shiftlings,shiftlings,2/1/2018,E,72,2D Platformer
1300288294,Night in the Woods,night-in-the-woods,2/1/2018,T,85,Adventure
1300452434,The Men of Yoshiwara: Kikuya,the-men-of-yoshiwara-kikuya,2/1/2018,M,67,Visual Novel
1300191786,SteamWorld Dig,steamworld-dig,2/1/2018,E10+,75,Metroidvania
1300462421,Her Majesty's SPIFFING,her-majestys-spiffing,2/1/2018,T,68,Point-and-Click
1300043441,Sky Force Reloaded,sky-force-reloaded,2/1/2018,E10+,74,Vertical Shoot-'Em-Up
1300300144,Crypt of the NecroDancer,crypt-of-the-necrodancer,2/1/2018,T,86,Rhythm
1300481160,Mad Carnage,mad-carnage,2/2/2018,E10+,46,Turn-Based Tactics
1300465519,Dandara,dandara,2/6/2018,E,73,Metroidvania
1300481298,Black Hole (2018),black-hole-2018,2/6/2018,E10+,68,Top-Down Shoot-'Em-Up
1300479381,Mercenary Kings: Reloaded Edition,mercenary-kings-reloaded-edition,2/6/2018,T,69,Horizontal Shoot-'Em-Up
1300458289,The Darkside Detective,the-darkside-detective,2/7/2018,E10+,81,Point-and-Click
1300454959,Disc Jam,disc-jam,2/8/2018,E,73,Future Sport
1300467565,Aegis Defenders,aegis-defenders,2/8/2018,E10+,74,Action RPG
1300456288,Atomik: RunGunJumpGun,atomik-rungunjumpgun,2/8/2018,E,78,Horizontal Shoot-'Em-Up
1300480146,Mercenaries Saga Chronicles,mercenaries-saga-chronicles,2/8/2018,T,68,Compilation
1300465681,Aperion Cyberstorm,aperion-cyberstorm,2/8/2018,E10+,66,Top-Down Shoot-'Em-Up
1300449816,Dragon Quest Builders,dragon-quest-builders,2/9/2018,E10+,81,Sandbox
1300456012,The Longest Five Minutes,the-longest-five-minutes,2/13/2018,T,67,JRPG
1300114760,Owlboy,owlboy,2/13/2018,E10+,87,Action Adventure
1300459300,The Fall Part 2: Unbound,the-fall-part-2-unbound,2/13/2018,T,70,Action Adventure
1300305877,Xeodrifter,xeodrifter,2/15/2018,E10+,71,2D Platformer
1300464219,Aqua Kitty UDX,aqua-kitty-udx,2/15/2018,E,74,Horizontal Shoot-'Em-Up
1300021407,Samurai Aces,samurai-aces,2/15/2018,E,71,Vertical Shoot-'Em-Up
1300454914,Wanderjahr,wanderjahr,2/15/2018,E,56,JRPG
1300290545,TorqueL,torquel,2/15/2018,E,56,2D Platformer
1300457783,Fe,fe,2/16/2018,E,72,Open-World Action
1300223132,Joe Dever's Lone Wolf,joe-devers-lone-wolf,2/16/2018,T,79,Action
1300035494,Bayonetta,bayonetta,2/16/2018,M,84,Linear Action Adventure
1300458901,Bayonetta + Bayonetta 2,bayonetta-plus-bayonetta-2,2/16/2018,M,90,Compilation
1300154548,Bayonetta 2,bayonetta-2,2/17/2018,,92,Linear Action Adventure
1300464102,Puzzle Puppers,puzzle-puppers,2/20/2018,E,64,Action Puzzle
1300466748,Old Man's Journey,old-mans-journey,2/20/2018,E,73,Adventure
1300481641,Layers of Fear: Legacy,layers-of-fear-legacy,2/21/2018,M,80,Survival
1300464997,Hollow (2017),hollow-2017,2/22/2018,M,36,Survival
1300481992,Membrane,membrane,2/22/2018,E,71,Action Puzzle
1300481745,Superola and the Lost Burgers,superola-and-the-lost-burgers,2/22/2018,E,31,Action
1300458975,Typoman: Revised,typoman-revised,2/22/2018,E10+,68,2D Platformer
1300482289,Pac-Man Championship Edition 2 Plus,pac-man-championship-edition-2-plus,2/22/2018,E,80,Arcade
1300393607,Radiation Island,radiation-island,2/22/2018,T,54,Survival
1300121916,Toki Tori 2,toki-tori-2,2/23/2018,E,84,Action Puzzle
1300454296,The Final Station,the-final-station,2/23/2018,T,80,Linear Action Adventure
1300153897,Payday 2,payday-2,2/27/2018,M,60,FPS
1300482529,Outlast: Bundle of Terror,outlast-bundle-of-terror,2/27/2018,M,77,Survival
1300479286,Bridge Constructor Portal,bridge-constructor-portal,2/28/2018,E,71,Action Puzzle
1300462576,Detention,detention,3/1/2018,M,79,Adventure
1300482607,Paper Wars: Cannon Fodder Devastated,paper-wars-cannon-fodder-devastated,3/1/2018,T,46,Defense
1300472175,Subsurface Circular,subsurface-circular,3/1/2018,E10+,79,Visual Novel
1300482275,Poisoft Thud Card,poisoft-thud-card,3/1/2018,E,33,Board
1300481403,Guilt Battle Arena,guilt-battle-arena,3/1/2018,E10+,53,Party
1300478689,Mulaka,mulaka,3/1/2018,T,73,Action Adventure
1300195849,Damascus Gear: Operation Tokyo,damascus-gear-tokyo-shisen,3/1/2018,T,58,Action RPG
1300462452,A Normal Lost Phone,a-normal-lost-phone,3/1/2018,M,73,Adventure
1300464239,Little Triangle,little-triangle,3/1/2018,T,74,2D Platformer
1300466235,A Hole New World,a-hole-new-world,3/1/2018,T,69,2D Platformer
1300482576,Grid Mania,grid-mania,3/2/2018,E,72,Puzzle
1300249588,Super Toy Cars,super-toy-cars,3/2/2018,E,54,Auto Racing
1300456553,NORTH,north,3/6/2018,E,66,First-Person Adventure
1300480547,Scribblenauts Showdown,scribblenauts-showdown,3/6/2018,E10+,47,Action Puzzle
1300456347,Fear Effect Sedna,fear-effect-sedna,3/6/2018,M,48,RPG
1300128339,"I, Zombie",i-zombie,3/8/2018,T,64,Command RTS
1300459496,Bleed 2,bleed-2,3/8/2018,T,79,2D Platformer
1300482463,Steredenn: Binary Stars,steredenn-binary-stars,3/8/2018,E,79,Horizontal Shoot-'Em-Up
1300483574,Earthlock,earthlock,3/8/2018,E10+,73,JRPG
1300482434,Midnight Deluxe,midnight-deluxe,3/8/2018,E,49,Action Puzzle
1300164606,bit Dungeon,bit-dungeon,3/8/2018,T,55,Roguelike
1300482234,World Conqueror X,world-conqueror-x,3/8/2018,E10+,74,Turn-Based Tactics
1300482565,TurtlePop: Journey to Freedom,turtlepop-journey-to-freedom,3/9/2018,E,62,Action Puzzle
1300450255,Kona,kona,3/9/2018,T,63,First-Person Adventure
1300457795,Flinthook,flinthook,3/9/2018,E10+,77,2D Platformer
1300464378,Danmaku Unlimited 3,danmaku-unlimited-3,3/13/2018,E10+,84,Vertical Shoot-'Em-Up
1300398136,Coffin Dodgers,coffin-dodgers,3/13/2018,T,55,Auto Racing
1300480743,Neonwall,neonwall,3/15/2018,E,54,Action Puzzle
1300454656,Clustertruck,clustertruck,3/15/2018,E,74,3D Platformer
1300469326,The Long Reach,the-long-reach,3/15/2018,M,58,Survival
1300464134,Tesla vs Lovecraft,tesla-vs-lovecraft,3/16/2018,T,74,Top-Down Shoot-'Em-Up
1300468136,Last Day of June,last-day-of-june,3/16/2018,E,76,Third-Person Adventure
1300468592,Kirby Star Allies,kirby-star-allies,3/16/2018,E10+,73,2D Platformer
1300160147,Shantae and the Pirate's Curse,shantae-and-the-pirates-curse,3/20/2018,T,86,Metroidvania
1300472338,Attack on Titan 2,attack-on-titan-2,3/20/2018,M,72,Action Adventure
1300469735,Swim Out,swim-out,3/20/2018,E,71,Strategy
1300475542,OPUS: Rocket of Whispers,opus-rocket-of-whispers,3/22/2018,T,72,Adventure
1300004294,Gekido Advance: Kintaro's Revenge,gekido-advance-kintaros-revenge,3/22/2018,T,65,2D Beat-'Em-Up
1300476133,Slayaway Camp: Butcher's Cut,slayaway-camp-butchers-cut,3/22/2018,M,79,Action Puzzle
1300481070,Castle of Heart,castle-of-heart,3/23/2018,T,53,2D Platformer
1300468381,Atelier Lydie & Suelle: The Alchemists and the Mysterious Paintings,atelier-lydie-and-suelle-the-alchemists-and-the,3/27/2018,T,64,JRPG
1300457391,Warp Shift,warp-shift,3/27/2018,E,74,Action Puzzle
1300452703,Outlast 2,outlast-2,3/27/2018,M,79,Survival
1300483157,The Adventures of Bertram Fiddle: Episode 1 - A Dreadly Business,the-adventures-of-bertram-fiddle-episode-1-a,3/29/2018,T,73,Point-and-Click
1300468256,Lode Runner Legacy,lode-runner-legacy,3/29/2018,E,74,Action Puzzle
1300300248,ClusterPuck 99,clusterpuck-99,3/29/2018,E,68,Sports
1300456279,Shadow Bug,shadow-bug,3/30/2018,E10+,74,2D Platformer
1300003351,Toki Tori,toki-tori,3/30/2018,E,82,Action Puzzle
1300251315,Devious Dungeon,devious-dungeon,3/30/2018,E10+,59,2D Platformer
1300458516,Alteric,alteric,3/30/2018,E,48,2D Platformer
1300459398,Penny-Punching Princess,penny-punching-princess,4/3/2018,T,63,Action RPG
1300471413,The Adventure Pals,the-adventure-pals,4/3/2018,E10+,77,2D Platformer
1300475766,Pinball FX3: Bethesda Pinball,pinball-fx3-bethesda-pinball,4/4/2018,,80,Pinball
1300475627,Metropolis: Lux Obscura,metropolis-lux-obscura,4/4/2018,M,49,Matching Puzzle
1300482216,Urban Trial Playground,urban-trial-playground,4/5/2018,E,67,Individual Sports
1300207200,Dragon Blaze (2000),dragon-blaze-2000,4/5/2018,E,77,Vertical Shoot-'Em-Up
1300481232,Infernium,infernium,4/5/2018,T,67,Action Adventure
1300468465,Super Rocket Shootout,super-rocket-shootout,4/5/2018,E10+,71,Party
1300460469,Beautiful Japanese Scenery: Animated Jigsaws,beautiful-japanese-scenery-animated-jigsaws,4/5/2018,E,44,Puzzle
1300476788,Sling Ming,sling-ming,4/5/2018,E,61,Action Puzzle
1300458796,The Bunker (2016),the-bunker-2016,4/9/2018,T,60,Point-and-Click
1300477923,Masters of Anima,masters-of-anima,4/10/2018,E10+,76,MOBA
1300462366,Super Daryl Deluxe,super-daryl-deluxe,4/10/2018,T,72,Action RPG
1300458723,Bombslinger,bombslinger,4/11/2018,E10+,76,Action Puzzle
1300483687,Rogue Aces,rogue-aces,4/12/2018,E10+,80,Horizontal Shoot-'Em-Up
1300483997,Skies of Fury DX,skies-of-fury-dx,4/12/2018,E10+,79,Aircraft Combat Sim
1300160853,Don't Starve,dont-starve,4/12/2018,E10+,78,Sandbox
1300407979,Word Search by POWGI,word-search-by-powgi,4/12/2018,E,67,Logic Puzzle
1300451438,Burly Men at Sea,burly-men-at-sea,4/12/2018,E10+,72,Visual Novel
1300481471,Streets of Red: Devil's Dare Deluxe,streets-of-red-devils-dare-deluxe,4/12/2018,T,79,2D Beat-'Em-Up
1300483734,Regalia: Of Men and Monarchs - Royal Edition,regalia-of-men-and-monarchs-royal-edition,4/12/2018,T,72,Turn-Based Tactics
1300481255,Shelter Generations,shelter-generations,4/12/2018,T,60,Compilation
1300471541,Football Manager Touch 2018,football-manager-touch-2018,4/13/2018,E,77,Soccer Management
1300457095,Wild Guns Reloaded,wild-guns-reloaded,4/17/2018,E10+,80,Light Gun
1300439283,Cast of the Seven Godsends,cast-of-the-seven-godsends,4/18/2018,T,54,2D Platformer
1300468557,BAFL: Brakes Are For Losers,bafl-brakes-are-for-losers,4/19/2018,E,63,Auto Racing
1300481925,Manticore: Galaxy on Fire,manticore-galaxy-on-fire,4/19/2018,T,69,Space Combat Sim
1300483976,The Way Remastered,the-way-remastered,4/20/2018,T,63,2D Platformer
1300480692,Nintendo Labo: Toycon 01 Variety Kit,nintendo-labo-toycon-01-variety-kit,4/20/2018,E,77,Party
1300480693,Nintendo Labo: Toycon 02 Robot Kit,nintendo-labo-toycon-02-robot-kit,4/20/2018,E10+,68,Party
1300440562,South Park: The Fractured But Whole,south-park-the-fractured-but-whole,4/24/2018,M,80,RPG
1300475102,Gal*Gun 2,galgun-2,4/24/2018,M,62,Light Gun
1300465780,Late Shift,late-shift,4/26/2018,M,73,Adventure
1300467069,Agatha Knife,agatha-knife,4/26/2018,T,70,Point-and-Click
1300470129,A Robot Named Fight!,a-robot-named-fight,4/26/2018,T,71,Metroidvania
1300472207,Another Lost Phone: Laura's Story,another-lost-phone-lauras-story,4/26/2018,M,64,Adventure
1300139493,Saturday Morning RPG,saturday-morning-rpg,4/26/2018,E10+,68,JRPG
1300476582,Naruto Shippuden: Ultimate Ninja Storm Trilogy,naruto-shippuden-ultimate-ninja-storm-trilogy,4/26/2018,T,70,Compilation
1300450723,Sky Rogue,sky-rogue,4/26/2018,E10+,76,Aircraft Combat Sim
1300437492,Light Fall (2018),light-fall-2018,4/26/2018,E10+,72,2D Platformer
1300402891,Jotun,jotun,4/27/2018,T,74,Action Adventure
1300246607,Aqua Moto Racing Utopia,aqua-moto-racing-utopia,4/27/2018,E,58,Arcade Racing
1300466440,Snow Moto Racing Freedom,snow-moto-racing-freedom,4/27/2018,E,52,Arcade Racing
1300484785,Timberman VS,timberman-vs,5/3/2018,E,53,Arcade
1300147693,Nihilumbra,nihilumbra,5/3/2018,E,60,2D Platformer
1300246416,"Don't Die, Mr. Robot!",dont-die-mr-robot,5/3/2018,E,72,Arcade
1300036684,Sly Spy: Secret Agent,sly-spy-secret-agent,5/3/2018,E10+,68,Action
1300185814,Donkey Kong Country: Tropical Freeze,donkey-kong-country-tropical-freeze,5/4/2018,E,86,2D Platformer
1300475560,Shantae: Half-Genie Hero - Ultimate Edition,shantae-half-genie-hero-ultimate-edition,5/8/2018,T,84,2D Platformer
1300456592,Death Road to Canada,death-road-to-canada,5/8/2018,T,79,Top-Down Shoot-'Em-Up
1300439131,Raging Justice,raging-justice,5/8/2018,T,62,2D Beat-'Em-Up
1300469875,Suicide Guy,suicide-guy,5/10/2018,T,55,Action Adventure
1300304510,Three Fourths Home,three-fourths-home,5/10/2018,T,59,Text Adventure
1300483417,Garage,garage,5/10/2018,M,63,Survival
1300282163,The Fall (2014),the-fall-2014,5/10/2018,T,70,Action Adventure
1300464398,Immortal Redneck,immortal-redneck,5/10/2018,M,74,FPS
1300480549,Super Chariot,super-chariot,5/10/2018,E,76,2D Platformer
1300314989,One Piece: Pirate Warriors 3,one-piece-pirate-warriors-3,5/10/2018,T,76,3D Beat-'Em-Up
1300483607,InkSplosion,inksplosion,5/11/2018,,46,Party
1300483794,Hyper Sentinel,hyper-sentinel,5/11/2018,E,70,Horizontal Shoot-'Em-Up
1300481703,The Adventures of Elena Temple,the-adventures-of-elena-temple,5/15/2018,E10+,66,2D Platformer
1300455407,Wizard of Legend,wizard-of-legend,5/15/2018,E10+,76,Action RPG
1300455619,Battle Chasers: Nightwar,battle-chasers-nightwar,5/15/2018,T,80,JRPG
1300484000,Fairune Collection,fairune-collection,5/17/2018,E,73,Compilation
1300477742,FRAMED Collection,framed-collection,5/17/2018,E,79,Compilation
1300484729,Invisiballs,invisiballs,5/17/2018,E,60,Arcade
1300228300,The Banner Saga,the-banner-saga,5/17/2018,T,80,Turn-Based Tactics
1300462784,Yonder: The Cloud Catcher Chronicles,yonder-the-cloud-catcher-chronicles,5/17/2018,E,74,Open-World Action
1300481560,FOX n FORESTS,fox-n-forests,5/17/2018,E,66,2D Platformer
1300470972,Little Nightmares: Complete Edition,little-nightmares-complete-edition,5/18/2018,T,79,Linear Action Adventure
1300483589,PixelJunk Monsters 2,pixeljunk-monsters-2,5/18/2018,E10+,80,Defense
1300480441,Hyrule Warriors: Definitive Edition,hyrule-warriors-definitive-edition,5/18/2018,T,78,3D Beat-'Em-Up
1300468303,Mega Man Legacy Collection 2,mega-man-legacy-collection-2,5/22/2018,E10+,77,Compilation
1300439036,Mega Man Legacy Collection,mega-man-legacy-collection,5/22/2018,E,83,Compilation
1300485099,Disco Dodgeball Remix,disco-dodgeball-remix,5/22/2018,E10+,69,Future Sport
1300465517,Runner3,runner3,5/22/2018,E10+,73,2D Platformer
1300482069,Mega Man Legacy Collection + Mega Man Legacy Collection 2,mega-man-legacy-collection-plus-mega-man-legacy,5/22/2018,E10+,79,Compilation
1300468298,N++: Ultimate Edition,n-plus-plus-ultimate-edition,5/24/2018,E10+,80,2D Platformer
1300485512,Bloodstained: Curse of the Moon,bloodstained-curse-of-the-moon,5/24/2018,T,82,2D Platformer
1300468718,Baobabs Mausoleum - Ep. 1: Ovnifagos Don't Eat Flamingos,baobabs-mausoleum-ep-1-ovnifagos-dont-eat,5/24/2018,T,61,Adventure
1300453801,Punch Club,punch-club,5/24/2018,T,62,Virtual Career
1300485968,Jumping Joe & Friends,jumping-joe-and-friends,5/25/2018,E,54,2D Platformer
1300467411,ATOMINE,atomine,5/25/2018,E,58,Top-Down Shoot-'Em-Up
1300468481,Die for Valhalla!,die-for-valhalla,5/29/2018,T,70,2D Beat-'Em-Up
1300486324,Pokemon Quest,pokemon-quest,5/29/2018,E,64,Action RPG
1300485455,Knights of Pen and Paper +1 Deluxier Edition,knights-of-pen-and-paper-plus-1-deluxier-edition,5/29/2018,T,80,RPG
1300467828,Harvest Moon: Light of Hope,harvest-moon-light-of-hope,5/29/2018,E,62,Tycoon
1300465261,Yoku's Island Express,yokus-island-express,5/29/2018,E10+,82,Metroidvania
1300004824,Ikaruga,ikaruga,5/29/2018,E10+,88,Vertical Shoot-'Em-Up
1300479422,Street Fighter: 30th Anniversary Collection,street-fighter-30th-anniversary-collection,5/29/2018,T,81,Compilation
1300479684,Fallen Legion: Rise to Glory,fallen-legion-rise-to-glory,5/29/2018,E10+,66,Action RPG
1300473789,Shift Quantum,shift-quantum,5/29/2018,T,78,2D Platformer
1300408814,Legend of Kay Anniversary,legend-of-kay-anniversary,5/29/2018,E10+,54,Linear Action Adventure
1300433550,Yesterday Origins,yesterday-origins,5/31/2018,M,68,Point-and-Click
1300447722,Songbringer,songbringer,5/31/2018,T,75,Action RPG
1300457232,West of Loathing,west-of-loathing,5/31/2018,T,85,RPG
1300468466,Milanoir,milanoir,5/31/2018,M,50,RPG
1300462362,ICEY,icey,5/31/2018,E10+,74,2D Platformer
1300465814,Just Shapes & Beats,just-shapes-and-beats,5/31/2018,E10+,83,Rhythm
1300481550,Smoke and Sacrifice,smoke-and-sacrifice,5/31/2018,E10+,72,Action Adventure
1300251280,Shaq Fu: A Legend Reborn,shaq-fu-a-legend-reborn,6/5/2018,T,49,2D Beat-'Em-Up
1300461093,The Infectious Madness of Doctor Dekker,the-infectious-madness-of-doctor-dekker,6/5/2018,T,81,Adventure
1300459929,Birthdays the Beginning,birthdays-the-beginning,6/5/2018,E,71,Sandbox
1300469960,BlazBlue: Cross Tag Battle,blazblue-cross-tag-battle,6/5/2018,T,79,2D Fighting
1300436749,Shape of the World,shape-of-the-world,6/6/2018,E10+,67,Open-World Action
1300175603,Samurai Defender: Ninja Warfare,samurai-defender-ninja-warfare,6/7/2018,E,63,Defense
1300374934,The Banner Saga 2,the-banner-saga-2,6/7/2018,T,80,Turn-Based Tactics
1300478627,Iro Hero,iro-hero,6/7/2018,E,57,Vertical Shoot-'Em-Up
1300468663,Sushi Striker: The Way of Sushido,sushi-striker-the-way-of-sushido,6/8/2018,E,76,Matching Puzzle
1300477043,One Strike,one-strike,6/8/2018,T,61,2D Fighting
1300485614,Legendary Eleven,legendary-eleven,6/8/2018,E,54,Soccer
1300440510,Fallout Shelter,fallout-shelter,6/10/2018,T,61,Strategy
1300481219,Hexologic,hexologic,6/11/2018,E,71,Puzzle
1300450663,Hollow Knight,hollow-knight,6/12/2018,E10+,90,Metroidvania
1300450782,Paladins: Champions of the Realm,paladins-champions-of-the-realm,6/12/2018,T,74,Tactical FPS
1300127178,Fortnite,fortnite,6/5/2025,T,84,Tactical Third Person Shooter
1300482948,Splatoon 2: Octo Expansion,splatoon-2-octo-expansion,6/13/2018,E10+,82,Third Person Shooter
1300480844,R.B.I. Baseball 18,rbi-baseball-18,6/14/2018,E,51,Baseball
1300000826,Donkey Kong,donkey-kong,6/14/2018,E,82,2D Platformer
1300458559,Lanota,lanota,6/14/2018,E,72,Point-and-Click
1300486423,Soccer Slammers,soccer-slammers,6/14/2018,E,58,Soccer
1300483732,LEGO The Incredibles,lego-the-incredibles,6/15/2018,E10+,65,Open-World Action
1300293261,Musynx,musynx,6/19/2018,E10+,78,Rhythm
1300467995,The Lost Child,the-lost-child,6/19/2018,T,63,JRPG
1300450727,INK (2015),ink-2015,6/19/2018,E,68,2D Platformer
1300458052,Drawful 2,drawful-2,6/21/2018,T,72,Board
1300483422,Pode,pode,6/21/2018,E,76,Third-Person Adventure
1300452093,Lost in Harmony,lost-in-harmony,6/21/2018,E,63,Rhythm
1300121182,The Journey Down: Chapter One,the-journey-down-chapter-one,6/21/2018,T,78,Point-and-Click
1300074753,Minecraft,minecraft,6/21/2018,E10+,86,Sandbox
1300001098,Gunbird 2,gunbird-2,6/21/2018,T,73,Vertical Shoot-'Em-Up
1300480442,Mario Tennis Aces,mario-tennis-aces,6/22/2018,E,75,Tennis
1300483420,Lumines Remastered,lumines-remastered,6/26/2018,E10+,83,Matching Puzzle
1300485962,Mario + Rabbids: Kingdom Battle - Donkey Kong Adventure,mario-plus-rabbids-kingdom-battle-donkey-kong,6/26/2018,E10+,82,Turn-Based Tactics
1300032537,de Blob,de-blob,6/26/2018,E,72,3D Platformer
1300316922,Ys VIII: Lacrimosa of DANA,ys-viii-lacrimosa-of-dana,6/26/2018,T,82,Action RPG
1300483790,MotoGP 18,motogp-18,6/28/2018,E,59,Auto Racing Sim
1300071207,LIMBO,limbo,6/28/2018,T,83,2D Platformer
1300286971,INSIDE,inside,6/28/2018,M,91,2D Platformer
1300476709,Dream Alone,dream-alone,6/28/2018,T,45,2D Platformer
1300457797,Figment,figment,6/28/2018,E10+,75,Action Adventure
1300314657,The Journey Down: Chapter Two,the-journey-down-chapter-two,6/28/2018,T,82,Point-and-Click
1300487216,Waking Violet,waking-violet,6/29/2018,E10+,79,Action Puzzle
1300457873,Crash Bandicoot N. Sane Trilogy,crash-bandicoot-n-sane-trilogy,6/29/2018,E10+,78,Compilation
1300468553,Wolfenstein II: The New Colossus,wolfenstein-ii-the-new-colossus,6/29/2018,M,79,FPS
1300486996,SpiritSphere DX,spiritsphere-dx,7/2/2018,E,78,Arcade
1300337156,Runbow,runbow,7/3/2018,E,79,2D Platformer
1300465665,The Journey Down: Chapter Three,the-journey-down-chapter-three,7/5/2018,T,82,Point-and-Click
1300485584,Ultra Space Battle Brawl,ultra-space-battle-brawl,7/5/2018,E10+,76,Arcade
1300487426,Yuso,yuso,7/5/2018,E,66,Puzzle
1300482075,Assault Gunners HD Edition,assault-gunners-hd-edition,7/5/2018,E10+,41,Third Person Shooter
1300467803,Miles & Kilo,miles-and-kilo,7/5/2018,E,75,2D Platformer
1300485458,Awkward,awkward,7/5/2018,M,28,Party
1300458698,Mushroom Wars 2,mushroom-wars-2,7/5/2018,E,72,Command RTS
1300461752,The Wardrobe,the-wardrobe,7/6/2018,M,69,Point-and-Click
1300480439,Pato Box,pato-box,7/9/2018,T,74,Combat Sport
1300119055,Another World: 20th Anniversary Edition,another-world-20th-anniversary,7/9/2018,T,75,2D Platformer
1300458305,The Lion's Song,the-lions-song,7/10/2018,T,81,Point-and-Click
1300372673,20XX,20xx,7/10/2018,E10+,77,2D Platformer
1300472442,Bomber Crew,bomber-crew,7/10/2018,E10+,75,Real-Time Strategy
1300481207,Hotel Transylvania 3: Monsters Overboard,hotel-transylvania-3-monsters-overboard,7/10/2018,E10+,55,Action Adventure
1300478730,Shining Resonance Refrain,shining-resonance-refrain,7/10/2018,T,70,Action RPG
1300467572,Neverout,neverout,7/10/2018,E10+,62,Puzzle
1300464022,Octopath Traveler,octopath-traveler,7/12/2018,T,83,JRPG
1300487610,Super Volley Blast,super-volley-blast,7/12/2018,E,70,Volleyball
1300439282,Holy Potatoes! A Weapon Shop?!,holy-potatoes-a-weapon-shop,7/12/2018,E10+,70,Tycoon
1300483419,Bomb Chicken,bomb-chicken,7/12/2018,E10+,77,2D Platformer
1300486422,Galak-Z: Variant S,galak-z-variant-s,7/12/2018,E10+,62,Vertical Shoot-'Em-Up
1300287031,Captain Toad: Treasure Tracker,captain-toad-treasure-tracker,7/13/2018,E,82,Action Puzzle
1300487487,Super Destronaut DX,super-destronaut-dx,7/13/2018,E,56,Vertical Shoot-'Em-Up
1300456296,Hand of Fate 2,hand-of-fate-2,7/17/2018,T,81,Board
1300475529,Mugsters,mugsters,7/17/2018,T,64,Action Adventure
1300479625,Adventure Time: Pirates of the Enchiridion,adventure-time-pirates-of-the-enchiridion,7/17/2018,E10+,50,JRPG
1300481765,Touhou Genso Wanderer Reloaded,touhou-genso-wanderer-reloaded,7/17/2018,T,64,Roguelike
1300483316,Sonic Mania Plus,sonic-mania-plus,7/17/2018,E,91,2D Platformer
1300464851,The Mooseman,the-mooseman,7/18/2018,E10+,70,Adventure
1300483418,Pool Panic,pool-panic,7/19/2018,E10+,71,Action Adventure
1300463549,Sausage Sports Club,sausage-sports-club,7/19/2018,,66,Party
1300432691,Tanzia,tanzia,7/19/2018,E10+,60,Action RPG
1300487591,VSR: Void Space Racing,vsr-void-space-racing,7/20/2018,E,66,Future Racing
1300447704,Heroki,heroki,7/20/2018,E,68,Action
1300487590,Mega Man X Legacy Collection 2,mega-man-x-legacy-collection-2,7/24/2018,T,60,Compilation
1300483989,Mega Man X Legacy Collection 1 + 2,mega-man-x-legacy-collection-1-plus-2,7/24/2018,T,80,Compilation
1300485860,Mega Man X Legacy Collection,mega-man-x-legacy-collection,7/24/2018,T,84,Compilation
1300468700,Semblance,semblance,7/24/2018,E,74,2D Platformer
1300440577,Crossing Souls,crossing-souls,7/26/2018,M,67,Action Adventure
1300191327,Candle,candle,7/26/2018,E10+,72,2D Platformer
1300482560,2064: Read Only Memories INTEGRAL,2064-read-only-memories-integral,7/26/2018,M,74,Point-and-Click
1300480995,The Banner Saga 3,the-banner-saga-3,7/26/2018,T,83,Turn-Based Tactics
1300488534,Piczle Lines DX: 500 More Puzzles,piczle-lines-dx-500-more-puzzles,7/26/2018,E,76,Logic Puzzle
1300478574,Sleep Tight (2018),sleep-tight-2018,7/26/2018,E10+,64,Top-Down Shoot-'Em-Up
1300108683,Go Vacation,go-vacation,7/27/2018,E,62,Party
1300460851,Hello Neighbor,hello-neighbor,7/27/2018,E10+,39,First-Person Adventure
1300482893,Code of Princess EX,code-of-princess-ex,7/31/2018,T,66,Action RPG
1300468460,Flashback: 25th Anniversary,flashback-25th-anniversary,7/31/2018,E10+,77,2D Platformer
1300024521,Titan Quest,titan-quest,7/31/2018,T,65,Action RPG
1300450687,Iconoclasts,iconoclasts,8/2/2018,T,87,Metroidvania
1300454317,Road to Ballhalla,road-to-ballhalla,8/2/2018,E,80,Action Puzzle
1300455582,1979 Revolution: Black Friday,1979-revolution-black-friday,8/2/2018,M,77,Adventure
1300488870,Picross S 2,picross-s-2,8/2/2018,E,73,Logic Puzzle
1300479300,Cycle 28,cycle-28,8/2/2018,E10+,69,Top-Down Shoot-'Em-Up
1300314990,Salt and Sanctuary,salt-and-sanctuary,8/2/2018,M,82,Metroidvania
1300459528,Flat Heroes,flat-heroes,8/2/2018,E,82,2D Platformer
1300473952,"Guns, Gore & Cannoli 2",guns-gore-and-cannoli-2,8/2/2018,M,76,Third Person Shooter
1300150763,The Inner World,the-inner-world,8/3/2018,E,60,Point-and-Click
1300459658,The Inner World: The Last Wind Monk,the-inner-world-the-last-wind-monk,8/3/2018,E,75,Adventure
1300487061,Overcooked! 2,overcooked-2,8/7/2018,E,81,Action Puzzle
1300488109,Slam Land,slam-land,8/7/2018,E10+,63,2D Fighting
1300465516,Flipping Death,flipping-death,8/7/2018,T,83,Action Adventure
1300465209,Dead Cells,dead-cells,8/7/2018,T,89,Metroidvania
1300484603,Unexplored: Unlocked Edition,unexplored-unlocked-edition,8/9/2018,T,64,Action RPG
1300405481,Megaton Rainfall,megaton-rainfall,8/9/2018,E10+,63,Action
1300146873,Okami HD,okami-hd,8/9/2018,T,89,Action Adventure
1300435338,SubaraCity,subaracity,8/9/2018,E,62,Puzzle
1300464370,Minit,minit,8/9/2018,E,80,Adventure
1300195358,Cosmic Star Heroine,cosmic-star-heroine,8/14/2018,T,78,JRPG
1300489054,The Walking Dead: The Telltale Series - The Final Season Episode 1: Done Running,the-walking-dead-the-telltale-series-the-final-2018,8/14/2018,M,75,Point-and-Click
1300457880,State of Mind,state-of-mind,8/15/2018,M,63,Third-Person Adventure
1300463929,Red's Kingdom,reds-kingdom,8/16/2018,E,66,Action Puzzle
1300460610,Manual Samuel,manual-samuel,8/16/2018,T,68,Adventure
1300452234,Keep Talking and Nobody Explodes,keep-talking-and-nobody-explodes,8/16/2018,E10+,84,Action Puzzle
1300144693,CastleStorm,castlestorm,8/16/2018,T,78,Defense
1300461000,Polygod (2018),polygod-2018,8/17/2018,E10+,58,FPS
1300462244,Detective Gallo,detective-gallo,8/17/2018,E,61,Point-and-Click
1300483423,Bad North,bad-north,8/20/2018,T,72,Real-Time Strategy
1300489793,Prison Architect: Nintendo Switch Edition,prison-architect-nintendo-switch-edition,8/20/2018,M,83,Tycoon
1300473517,Morphies Law,morphies-law,8/20/2018,T,48,Third Person Shooter
1300470424,All-Star Fruit Racing,all-star-fruit-racing,8/21/2018,E,63,Auto Racing
1300463461,Shio,shio,8/23/2018,E,60,2D Platformer
1300274671,Kero Blaster,keroblaster,8/23/2018,E,77,2D Platformer
1300465930,The Low Road,the-low-road,8/23/2018,E10+,63,Point-and-Click
1300468669,Flood of Light,flood-of-light,8/23/2018,E,72,Adventure
1300482288,Little Dragons Cafe,little-dragons-cafe,8/24/2018,E10+,70,Tycoon
1300461788,Monster Hunter Generations Ultimate,monster-hunter-generations-ultimate,8/28/2018,T,80,Action RPG
1300464828,Into the Breach,into-the-breach,8/28/2018,E10+,89,Turn-Based Tactics
1300465170,Victor Vran: Overkill Edition,victor-vran-overkill-edition,8/28/2018,M,82,Action RPG
1300078637,de Blob 2,de-blob-2,8/28/2018,E10+,75,3D Platformer
1300469971,The Walking Dead: The Telltale Series - The Final Season,the-walking-dead-the-telltale-series-the-final,8/28/2018,M,80,Point-and-Click
1300468546,Blade Strangers,blade-strangers,8/28/2018,T,75,2D Fighting
1300293022,Freedom Planet,freedom-planet,8/30/2018,E10+,82,2D Platformer
1300480204,The Messenger,the-messenger,8/30/2018,E10+,86,Metroidvania
1300427407,Azure Reflections,azure-reflections,8/30/2018,T,69,Horizontal Shoot-'Em-Up
1300464380,The VideoKid,the-videokid,8/30/2018,E10+,65,Arcade
1300474941,Haunted Dungeons: Hyakki Castle,haunted-dungeons-hyakki-castle,8/30/2018,T,62,RPG
1300480691,Chiki-Chiki Boxy Racers,chiki-chiki-boxy-racers,8/30/2018,E,63,Auto Racing
1300087317,Dust: An Elysian Tail,dust-an-elysian-tail,8/31/2018,E10+,84,Metroidvania
1300479030,Claws of Furry,claws-of-furry,9/3/2018,E10+,52,2D Platformer
1300483004,Planet Alpha,planet-alpha,9/4/2018,T,76,2D Platformer
1300398911,Ninjin: Clash of Carrots,ninjin-clash-of-carrots,9/4/2018,E10+,76,2D Beat-'Em-Up
1300489057,Moonfall Ultimate,moonfall-ultimate,9/4/2018,E10+,40,Action RPG
1300482094,God Wars The Complete Legend,god-wars-the-complete-legend,9/4/2018,T,70,Turn-Based Tactics
1300161056,Gone Home,gone-home,9/6/2018,M,88,First-Person Adventure
1300229827,Hyper Light Drifter,hyper-light-drifter,9/6/2018,T,88,Action RPG
1300136279,Lifeless Planet,lifeless-planet,9/6/2018,T,53,Action Adventure
1300153950,Broforce,broforce,9/6/2018,T,74,2D Platformer
1300378461,FullBlast,fullblast-2014,9/7/2018,E,54,Vertical Shoot-'Em-Up
1300477281,Sigi: A Fart for Melusina,sigi-a-fart-for-melusina,9/7/2018,E,52,2D Platformer
1300486629,NBA 2K19,nba-2k19,9/7/2018,E,82,Basketball Sim
1300480443,SNK Heroines: Tag Team Frenzy,snk-heroines-tag-team-frenzy,9/7/2018,T,60,2D Fighting
1300480830,STAY (2018),stay-2018,9/12/2018,M,63,Adventure
1300478750,Old School Musical,old-school-musical,9/13/2018,E10+,76,Rhythm
1300274654,Shadow Fight 2,shadow-fight-2,9/13/2018,T,55,2D Fighting
1300444075,Defunct,defunct,9/13/2018,E,57,Third-Person Adventure
1300472410,Final Fantasy XV Pocket Edition,final-fantasy-xv-pocket-edition,9/13/2018,T,69,JRPG
1300312303,Cities: Skylines,cities-skylines,9/13/2018,E,67,Management
1300083840,Bastion,bastion,9/13/2018,E10+,90,Action RPG
1300483967,The Spectrum Retreat,the-spectrum-retreat,9/13/2018,T,78,First-Person Adventure
1300488829,Surgeon Simulator CPR,surgeon-simulator-cpr,9/13/2018,M,59,Virtual Career
1300456984,Nefarious,nefarious,9/13/2018,E10+,65,2D Platformer
1300490523,The Warlock of Firetop Mountain: Goblin Scourge Edition!,the-warlock-of-firetop-mountain-goblin-scourge,9/13/2018,T,78,Western RPG
1300466849,Senran Kagura Reflexions,senran-kagura-reflexions,9/13/2018,M,39,Adventure
1300452383,Wasteland 2: Director's Cut,wasteland-2-directors-cut,9/13/2018,M,76,Western RPG
1300487059,Xenoblade Chronicles 2: Torna ~ The Golden Country,xenoblade-chronicles-2-torna-the-golden-country,9/14/2018,T,80,Action RPG
1300488928,Nintendo Labo: Toycon 03 Vehicle Kit,nintendo-labo-toycon-03-vehicle-kit,9/14/2018,E,69,Party
1300444916,The Swindle,the-swindle,9/17/2018,E10+,63,3D Platformer
1300491005,Capcom Beat 'Em Up Bundle,capcom-beat-em-up-bundle,9/18/2018,T,78,Compilation
1300489365,Scribblenauts Mega Pack,scribblenauts-mega-pack,9/18/2018,E10+,76,Compilation
1300451598,Labyrinth of Refrain: Coven of Dusk,labyrinth-of-refrain-coven-of-dusk,9/18/2018,M,75,JRPG
1300451640,Undertale,undertale,9/18/2018,E10+,93,JRPG
1300003250,Sonic the Hedgehog,sonic-the-hedgehog,9/20/2018,E,77,2D Platformer
1300016404,Lightening Force: Quest for the Darkstar,lightening-force-quest-for-the-darkstar,9/20/2018,E,80,Horizontal Shoot-'Em-Up
1300483421,Reigns: Kings & Queens,reigns-kings-and-queens,9/20/2018,T,77,Compilation
1300193918,Velocity 2X,velocity-2x,9/20/2018,E10+,87,Top-Down Shoot-'Em-Up
1300465399,The Gardens Between,the-gardens-between,9/20/2018,E,79,Adventure
1300414537,Hover,hover,9/20/2018,E,53,3D Platformer
1300479344,Retimed,retimed,9/20/2018,E,72,2D Platformer
1300487606,My Brother Rabbit,my-brother-rabbit,9/21/2018,E,67,Hidden Object
1300152495,Broken Sword 5: The Serpent's Curse,broken-sword-the-serpents-curse,9/21/2018,T,75,Point-and-Click
1300478861,Debris Infinity,debris-infinity,9/21/2018,E,78,Top-Down Shoot-'Em-Up
1300490323,The Escapists: Complete Edition,the-escapists-complete-edition,9/25/2018,T,67,Action
1300489645,The Walking Dead: The Telltale Series - The Final Season Episode 2: Suffer the Children,the-walking-dead-the-telltale-series-the-final-2018-2,9/25/2018,M,70,Point-and-Click
1300464848,A Gummy's Life,a-gummys-life,9/25/2018,E10+,61,Party
1300451604,Ultimate Chicken Horse,ultimate-chicken-horse,9/25/2018,E,80,2D Platformer
1300466468,Oh My Godheads,oh-my-godheads,9/25/2018,T,65,Party
1300125859,South Park: The Stick of Truth,south-park-the-stick-of-truth,9/25/2018,M,82,RPG
1300486895,FIFA 19,fifa-19,9/25/2018,E,71,Soccer Sim
1300490230,Giana Sisters: Twisted Dreams - Owltimate Edition,giana-sisters-twisted-dreams-owltimate-edition,9/25/2018,E,74,2D Platformer
1300478761,Valkyria Chronicles 4,valkyria-chronicles-4,9/25/2018,T,82,Turn-Based Tactics
1300481206,This is the Police 2,this-is-the-police-2,9/25/2018,M,58,Virtual Career
1300474756,Arena of Valor,arena-of-valor,9/25/2018,,79,MOBA
1300155251,Armello,armello,9/27/2018,E10+,80,Board
1300462969,Alwa's Awakening,alwas-awakening,9/27/2018,E,75,Metroidvania
1300487979,Pilot Sports,pilot-sports,9/27/2018,E,53,Aircraft Sim
1300247826,TowerFall Ascension,towerfall-ascension,9/27/2018,E10+,89,2D Platformer
1300474235,Wandersong,wandersong,9/27/2018,E10+,82,2D Platformer
1300405462,Rise & Shine,rise-and-shine,9/27/2018,M,51,2D Platformer
1300468471,Dragon Ball FighterZ,dragon-ball-fighterz,9/28/2018,T,87,2D Fighting
1300490198,Marble It Up!,marble-it-up,9/29/2018,E,74,3D Platformer
1300487980,Valthirian Arc: Hero School Story,valthirian-arc-hero-school-story,10/2/2018,E10+,56,RPG
1300479187,Mega Man 11,mega-man-11,10/2/2018,E10+,80,2D Platformer
1300491779,Overcooked! 2: Surf 'n' Turf,overcooked-2-surf-n-turf,10/3/2018,E,83,Action Puzzle
1300460633,Soulblight,soulblight,10/4/2018,T,46,Roguelike
1300487060,Super Mario Party,super-mario-party,10/5/2018,E,76,Party
1300314985,Guacamelee! Super Turbo Championship Edition,guacamelee-super-turbo-championship-edition,10/8/2018,E10+,86,Metroidvania
1300480734,Disgaea 1 Complete,disgaea-1-complete,10/9/2018,T,76,Turn-Based Tactics
1300483416,Mark of the Ninja: Remastered,mark-of-the-ninja-remastered,10/9/2018,,89,2D Platformer
1300479923,Joggernauts,joggernauts,10/11/2018,E,70,2D Platformer
1300482006,The Missing: JJ Macfield and the Island of Memories,the-missing-jj-macfield-and-the-island-of-memories,10/11/2018,M,74,Action Adventure
1300179159,Chasm (2018),chasm-2018,10/11/2018,T,79,Metroidvania
1300453346,Tricky Towers,tricky-towers,10/11/2018,,74,Stacking Puzzle
1300193904,Child of Light,child-of-light,10/11/2018,E10+,84,RPG
1300480440,The World Ends with You: Final Remix,the-world-ends-with-you-final-remix,10/12/2018,T,77,Action RPG
1300484503,NBA 2K Playgrounds 2,nba-2k-playgrounds-2,10/15/2018,E,69,Basketball
1300478161,Exorder,exorder,10/16/2018,E,53,Turn-Based Tactics
1300483333,Warriors Orochi 4,warriors-orochi-4,10/16/2018,T,60,3D Beat-'Em-Up
1300486993,Crayola Scoot,crayola-scoot,10/16/2018,E,74,Individual Sports
1300486336,LEGO DC Super-Villains,lego-dc-super-villains,10/16/2018,E10+,75,Action Adventure
1300468568,Starlink: Battle for Atlas,starlink-battle-for-atlas,10/16/2018,E10+,74,Space Combat Sim
1300032664,Valkyria Chronicles,valkyria-chronicles,10/16/2018,T,84,Turn-Based Tactics
1300489878,The Jackbox Party Pack 5,the-jackbox-party-pack-5,10/17/2018,T,78,Party
1300485125,Black Bird (2018),black-bird-2018,10/18/2018,E10+,73,Vertical Shoot-'Em-Up
1300467875,WILL: A Wonderful World,will-a-wonderful-world,10/18/2018,M,73,Visual Novel
1300155213,The Room,the-room,10/18/2018,E,75,Point-and-Click
1300470533,Sinner: Sacrifice for Redemption,sinner-sacrifice-for-redemption,10/18/2018,,58,Action Adventure
1300490154,Zarvot,zarvot,10/18/2018,,72,Top-Down Shoot-'Em-Up
1300492154,The Legend of Evil,the-legend-of-evil,10/19/2018,,70,Action
1300489323,Tied Together,tied-together,10/19/2018,,52,2D Platformer
1300480444,Dark Souls Remastered,dark-souls-remastered,10/19/2018,M,83,Action RPG
1300006000,WindJammers,windjammers,10/23/2018,E,81,Individual Sports
1300487007,Just Dance 2019,just-dance-2019,10/23/2018,E,72,Dancing
1300488828,Nickelodeon Kart Racers,nickelodeon-kart-racers,10/23/2018,E,41,Auto Racing
1300490534,Eternum EX,eternum-ex,10/25/2018,T,67,2D Platformer
1300477901,Friday the 13th: Killer Puzzle,friday-the-13th-killer-puzzle,10/25/2018,M,76,Action Puzzle
1300480189,Super Hyperactive Ninja,super-hyperactive-ninja,10/25/2018,,50,2D Platformer
1300453653,Pinstripe,pinstripe,10/25/2018,T,77,Action Adventure
1300481007,7 Billion Humans,7-billion-humans,10/25/2018,E,77,Strategy
1300459530,911 Operator,911-operator,10/26/2018,T,65,Strategy
1300479833,My Hero One's Justice,my-hero-ones-justice,10/26/2018,T,70,3D Fighting
1300449419,SkyScrappers,skyscrappers,10/29/2018,,58,2D Fighting
1300037250,Sports Party,sports-party,10/30/2018,E,57,Sports
1300487913,Mutant Football League: Dynasty Edition,mutant-football-league-dynasty-edition,10/30/2018,M,66,Football
1300486372,Yomawari: The Long Night Collection,yomawari-the-long-night-collection,10/30/2018,M,73,Compilation
1300460421,LEGO Harry Potter Collection,lego-harry-potter-collection,10/30/2018,E10+,73,Compilation
1300474241,Gal Metal,gal-metal,10/30/2018,T,61,Rhythm
1300473225,Save me Mr Tako: Tasukete Tako-San,save-me-mr-tako-tasukete-tako-san,10/30/2018,E10+,66,2D Platformer
1300463911,Death Mark,death-mark,10/31/2018,M,77,Visual Novel
1300175929,Transistor,transistor,11/1/2018,T,86,Action RPG
1300374946,Grim Fandango Remastered,grim-fandango-remastered,11/1/2018,T,84,Third-Person Adventure
1300097422,Swap This!,swap-this,11/2/2018,,59,Edutainment
1300468332,Diablo III: Eternal Collection,diablo-iii-eternal-collection,11/2/2018,M,88,Action RPG
1300464037,Taiko no Tatsujin: Drum 'n' Fun!,taiko-no-tatsujin-drum-n-fun,11/2/2018,E,78,Rhythm
1300488405,The Shapeshifting Detective,the-shapeshifting-detective,11/5/2018,T,69,Adventure
1300467236,Moonlighter,moonlighter,11/5/2018,E10+,83,Action RPG
1300487697,Carnival Games,carnival-games,11/6/2018,E10+,49,Party
1300454603,GRIP: Combat Racing,grip-combat-racing,11/6/2018,E10+,59,Auto Racing
1300491010,World of Final Fantasy Maxima,world-of-final-fantasy-maxima,11/6/2018,E10+,79,JRPG
1300179150,Rogue Legacy,rogue-legacy,11/6/2018,E10+,80,Roguelike
1300465254,Full Metal Furies,full-metal-furies,11/6/2018,,78,2D Beat-'Em-Up
1300180228,Road Redemption,road-redemption,11/6/2018,M,73,Vehicle Combat Sim
1300475370,Deru - The Art of Cooperation,deru-the-art-of-cooperation,11/7/2018,E,79,Puzzle
1300487805,Mercenaries Wings: The False Phoenix,mercenaries-wings-the-false-phoenix,11/8/2018,T,64,Turn-Based Tactics
1300484606,Battlezone: Gold Edition,battlezone-gold-edition,11/8/2018,T,73,Vehicle Combat Sim
1300417675,Sky Force Anniversary,sky-force-anniversary,11/8/2018,E10+,67,Vertical Shoot-'Em-Up
1300453155,Crashlands,crashlands,11/8/2018,T,75,Action RPG
1300437460,The Bug Butcher,the-bug-butcher,11/8/2018,E10+,78,2D Platformer
1300196490,Valiant Hearts: The Great War,valiant-hearts-the-great-war,11/8/2018,T,77,2D Platformer
1300471912,Forgotton Anne,forgotton-anne,11/9/2018,E10+,82,Adventure
1300358021,Trine: Enchanted Edition,trine-enchanted-edition,11/9/2018,,73,2D Platformer
1300508191,Townsmen: A Kingdom Rebuilt,townsmen-a-kingdom-rebuilt-2019,11/9/2018,E,64,Management
1300486805,Project Highrise: Architect's Edition,project-highrise-architects-edition,11/13/2018,E10+,72,Tycoon
1300483988,SNK 40th Anniversary Collection,snk-40th-anniversary-collection,11/13/2018,T,78,Compilation
1300466456,Super Hydorah,super-hydorah,11/15/2018,T,77,Horizontal Shoot-'Em-Up
1300267881,ROCKETSROCKETSROCKETS,rocketsrocketsrockets,11/15/2018,,56,Arcade
1300482218,Trailblazers,trailblazers,11/15/2018,E,62,Future Racing
1300486322,"Pokemon: Let's Go, Eevee!",pokemon-lets-go-eevee,11/16/2018,E,80,Trainer RPG
1300486323,"Pokemon: Let's Go, Pikachu!",pokemon-lets-go-pikachu,11/16/2018,E,79,Trainer RPG
1300493241,Toast Time: Smash Up!,toast-time-smash-up,11/16/2018,,70,2D Platformer
1300457074,Sid Meier's Civilization VI,sid-meiers-civilization-vi,11/16/2018,E10+,86,4X Strategy
1300492318,Youtubers Life: OMG Edition,youtubers-life-omg-edition,11/20/2018,E,53,Virtual Life
1300147270,Warframe,warframe,11/20/2018,M,86,Third Person Shooter
1300489222,Storm Boy,storm-boy,11/20/2018,E10+,48,Adventure
1300467216,Bendy and the Ink Machine,bendy-and-the-ink-machine,11/20/2018,T,63,First-Person Adventure
1300407787,Party Hard,party-hard,11/22/2018,,76,Action
1300460846,Nidhogg 2,nidhogg-2,11/22/2018,,75,Action
1300493133,This War of Mine: Complete Edition,this-war-of-mine-complete-edition-2018,11/27/2018,M,80,Survival
1300483262,NAIRI: Tower of Shirin,nairi-tower-of-shirin,11/28/2018,,72,Action Puzzle
1300456845,Horizon Chase Turbo,horizon-chase-turbo,11/28/2018,E,82,Auto Racing
1300005750,R-Type Dimensions,r-type-dimensions,11/28/2018,E,81,Compilation
1300468922,Cattails,cattails,11/29/2018,E,75,Action RPG
1300287020,ABZU,abzu,11/29/2018,E,80,Third-Person Adventure
1300481112,Coffee Crisis,coffee-crisis,11/30/2018,T,60,2D Beat-'Em-Up
1300493242,OkunoKA,okunoka,11/30/2018,,80,2D Platformer
1300101910,Superbrothers: Sword & Sworcery EP,superbrothers-sword-and-sworcery-ep,11/30/2018,E10+,79,Adventure
1300429900,ARK: Survival Evolved,ark-survival-evolved,11/30/2018,T,29,Sandbox
1300463556,I Am The Hero,i-am-the-hero,11/30/2018,,65,2D Beat-'Em-Up
1300456467,Demetrios - The BIG Cynical Adventure,demetrios-the-big-cynical-adventure,12/3/2018,T,62,Point-and-Click
1300489690,Gear.Club Unlimited 2,gearclub-unlimited-2,12/4/2018,E,57,Auto Racing Sim
1300009721,Toki,toki,12/4/2018,E10+,66,2D Platformer
1300454014,Monster Boy and the Cursed Kingdom,monster-boy-and-the-cursed-kingdom,12/4/2018,E10+,86,Metroidvania
1300493969,Conduct TOGETHER!,conduct-together,12/6/2018,E,80,Action Puzzle
1300480543,Beholder: Complete Edition,beholder-complete-edition,12/6/2018,T,58,Strategy
1300492988,Football Manager 2019 Touch,football-manager-2019-touch,12/6/2018,E,69,Soccer Management
1300478250,Carcassonne: Tiles & Tactics,carcassonne-tiles-and-tactics,12/6/2018,,63,Board
1300482850,Rival Megagun,rival-megagun,12/6/2018,E10+,70,Vertical Shoot-'Em-Up
1300491007,Katamari Damacy REROLL,katamari-damacy-reroll,12/7/2018,E,87,Action Adventure
1300484450,Super Smash Bros. Ultimate,super-smash-bros-ultimate,12/7/2018,E10+,93,2D Fighting
1300483139,Sega Genesis Classics,sega-genesis-classics,12/7/2018,T,80,Compilation
1300477828,Guacamelee! 2,guacamelee-2,12/10/2018,E10+,87,Metroidvania
1300493730,EVERSPACE: Stellar Edition,everspace-stellar-edition,12/11/2018,T,78,Space Combat Sim
1300193871,Solar Flux,solar-flux,12/11/2018,,56,Action Puzzle
1300465518,Kingdom Two Crowns,kingdom-two-crowns,12/11/2018,E10+,85,Action Adventure
1300483138,Desert Child,desert-child,12/11/2018,M,46,Future Racing
1300489466,GRIS,gris,12/13/2018,E,83,2D Platformer
1300017476,Phantasy Star,phantasy-star,12/13/2018,E10+,82,JRPG
1300489321,RollerCoaster Tycoon Adventures,rollercoaster-tycoon-adventures,12/13/2018,E,56,Tycoon
1300480243,Omensight,omensight,12/13/2018,T,69,First-Person Adventure
1300405456,Rain World,rain-world,12/13/2018,E10+,71,2D Platformer
1300493467,Atari Flashback Classics,atari-flashback-classics,12/13/2018,E,67,Compilation
1300493862,Hunter's Legacy: Purrfect Edition,hunters-legacy-purrfect-edition,12/13/2018,E,69,Metroidvania
1300315862,Firewatch,firewatch,12/17/2018,,87,First-Person Adventure
1300469833,Mana Spark,mana-spark,12/17/2018,T,68,Top-Down Shoot-'Em-Up
1300463915,Clue: The Classic Mystery Game,clue-the-classic-mystery-game,12/17/2018,E10+,66,Board
1300482007,Nippon Marathon,nippon-marathon,12/17/2018,E10+,44,Athletics
1300440533,Sheltered,sheltered,12/18/2018,,61,Defense
1300404099,Donut County,donut-county,12/18/2018,E,79,Action Adventure
1300489829,Viviette,viviette,12/20/2018,T,58,Adventure
1300492611,Horizon Shift '81,horizon-shift-81,12/20/2018,E,78,Vertical Shoot-'Em-Up
1300465427,Battle Princess Madelyn,battle-princess-madelyn,12/20/2018,E10+,65,2D Platformer
1300460817,Sundered,sundered,12/21/2018,E10+,76,Metroidvania
1300494087,Aaero: Complete Edition,aaero-complete-edition,12/24/2018,E10+,80,Rail Shooter
1300459206,Super Treasure Arena,super-treasure-arena,12/24/2018,E10+,64,Top-Down Shoot-'Em-Up
1300194484,Dynasty Warriors 8: Xtreme Legends - Complete Edition,dynasty-warriors-8-xtreme-legends-complete-edition,12/27/2018,T,83,3D Beat-'Em-Up
1300455543,Pang Adventures,pang-adventures,1/3/2019,,73,2D Platformer
1300473626,JCB Pioneer: Mars,jcb-pioneer-mars,1/3/2019,E,34,Open-World Action
1300487208,Fitness Boxing,fitness-boxing,1/4/2019,T,66,Exercise
1300483907,Double Cross,double-cross,1/10/2019,E10+,67,2D Platformer
1300005844,OutRun,outrun,1/10/2019,E,84,Auto Racing
1300492658,Elli,elli,1/10/2019,E,67,3D Platformer
1300491385,Neko Navy: Daydream Edition,neko-navy-daydream-edition,1/10/2019,E,73,Horizontal Shoot-'Em-Up
1300489184,"Bury me, my Love",bury-me-my-love,1/10/2019,E10+,73,Visual Novel
1300455082,Momodora: Reverie Under the Moonlight,momodora-reverie-under-the-moonlight,1/10/2019,T,71,Metroidvania
1300452004,HoPiKo,hopiko,1/10/2019,E,73,Arcade
1300455618,Everything,everything,1/10/2019,E,71,Adventure
1300458775,Clock Simulator,clock-simulator,1/10/2019,E,51,Simulation
1300486104,BQM - BlockQuest Maker-,bqm-blockquest-maker-,1/10/2019,E,76,Action Puzzle
1300491006,New Super Mario Bros. U Deluxe,new-super-mario-bros-u-deluxe,1/11/2019,E,80,2D Platformer
1300452965,Hive Jump,hive-jump,1/11/2019,E10+,67,2D Platformer
1300486961,Tales of Vesperia: Definitive Edition,tales-of-vesperia-definitive-edition,1/11/2019,T,83,Action RPG
1300492881,Forever Forest,forever-forest,1/14/2019,E10+,51,Action Adventure
1300001592,Onimusha: Warlords,onimusha-warlords,1/15/2019,M,71,Action Adventure
1300489646,The Walking Dead: The Telltale Series - The Final Season Episode 3: Broken Toys,the-walking-dead-the-telltale-series-the-final-2018-3,1/15/2019,,80,Point-and-Click
1300461068,The Shrouded Isle,the-shrouded-isle,1/17/2019,T,74,Simulation
1300316216,Fairy Fencer F: Advent Dark Force,fairy-fencer-f-advent-dark-force,1/17/2019,T,66,JRPG
1300460120,Dying: Reborn,dying-reborn,1/17/2019,T,43,First-Person Adventure
1300474904,Octahedron,octahedron,1/17/2019,E10+,78,2D Platformer
1300083500,Don Bluth Presents: Dragon's Lair Trilogy,don-bluth-presents-dragons-lair-trilogy,1/17/2019,T,71,Compilation
1300398919,YIIK: A Postmodern RPG,yiik-a-postmodern-rpg,1/17/2019,M,63,JRPG
1300466412,Fight of Gods,fight-of-gods,1/18/2019,T,36,2D Fighting
1300464023,Travis Strikes Again: No More Heroes,travis-strikes-again-no-more-heroes,1/18/2019,M,67,3D Beat-'Em-Up
1300451436,FutureGrind,futuregrind,1/22/2019,E10+,80,Biking
1300480438,The Raven Remastered,the-raven-remastered,1/22/2019,T,74,Point-and-Click
1300469978,When Ski Lifts Go Wrong,when-ski-lifts-go-wrong,1/23/2019,T,72,Skiing
1300468533,Unruly Heroes,unruly-heroes,1/23/2019,E10+,75,2D Platformer
1300458662,Maldita Castilla EX: Cursed Castilla,maldita-castilla-ex-cursed-castilla,1/24/2019,T,77,2D Platformer
1300462319,LEGRAND LEGACY: Tale of the Fatebounds,legrand-legacy-tale-of-the-fatebounds,1/24/2019,T,67,JRPG
1300476627,My Memory of Us,my-memory-of-us,1/24/2019,E10+,77,2D Platformer
1300040563,Swords & Soldiers,swords-and-soldiers,1/25/2019,T,72,Strategy
1300455737,Mages of Mystralia,mages-of-mystralia,1/29/2019,E10+,69,Linear Action Adventure
1300473516,Dragon Marked For Death,dragon-marked-for-death,1/29/2019,T,69,Action RPG
1300018205,Sphinx and the Cursed Mummy,sphinx-and-the-cursed-mummy,1/29/2019,E10+,61,Action Adventure
1300468813,Tangledeep,tangledeep,1/31/2019,E10+,79,Roguelike
1300467922,Necrosphere,necrosphere,1/31/2019,T,69,2D Platformer
1300403744,Downwell,downwell,1/31/2019,E10+,88,Action
1300490946,New Star Manager,new-star-manager,1/31/2019,E,58,Soccer Management
1300465521,Wargroove,wargroove,2/1/2019,E10+,84,Turn-Based Tactics
1300451893,Thea: The Awakening,thea-the-awakening,2/1/2019,T,71,4X Strategy
1300483124,V-Rally 4,v-rally-4,2/5/2019,E,51,Auto Racing
1300286990,The Book of Unwritten Tales 2,the-book-of-unwritten-tales-2,2/5/2019,T,77,Point-and-Click
1300422872,Riot: Civil Unrest,riot-civil-unrest,2/5/2019,M,48,Real-Time Tactics
1300450285,BlazBlue: Central Fiction,blazblue-central-fiction,2/7/2019,T,86,2D Fighting
1300465340,Reverie (2018),reverie-2018,2/7/2019,E,71,Action Adventure
1300457820,Observer,observer,2/7/2019,M,75,First-Person Adventure
1300465544,Away: Journey to the Unexpected,away-journey-to-the-unexpected,2/7/2019,T,62,FPS
1300495995,Evoland: Legendary Edition,evoland-legendary-edition,2/7/2019,E10+,66,Compilation
1300151449,DG2: Defense Grid 2,defense-grid-2,2/7/2019,,73,Defense
1300484076,The Stillness of the Wind,the-stillness-of-the-wind,2/7/2019,E10+,66,Point-and-Click
1300495450,Pumped BMX Pro,pumped-bmx-pro,2/7/2019,E,56,Biking
1300495739,Oniken: Unstoppable Edition,oniken-unstoppable-edition,2/8/2019,T,64,2D Platformer
1300492181,Monster Energy Supercross - The Official Videogame 2,monster-energy-supercross-the-official-videogame-2,2/8/2019,T,66,Auto Racing
1300469551,City of Brass,city-of-brass,2/8/2019,T,75,Action Adventure
1300481483,The Liar Princess and the Blind Prince,the-liar-princess-and-the-blind-prince,2/12/2019,E10+,72,Action Adventure
1300451135,The King's Bird,the-kings-bird,2/12/2019,E,67,2D Platformer
1300000976,Final Fantasy IX,final-fantasy-ix,2/13/2019,T,76,JRPG
1300497461,Tetris 99,tetris-99,2/13/2019,E,83,Stacking Puzzle
1300469195,Iron Crypticle,iron-crypticle,2/13/2019,,75,2D Platformer
1300287042,Modern Combat: Blackout,modern-combat-blackout,2/14/2019,M,50,FPS
1300462785,Mindball Play,mindball-play,2/14/2019,E,79,Arcade Racing
1300495353,OlliOlli: Switch Stance,olliolli-switch-stance,2/14/2019,,83,Compilation
1300468140,Strikey Sisters,strikey-sisters,2/14/2019,,77,Arcade
1300491515,Degrees of Separation,degrees-of-separation,2/14/2019,E,68,2D Platformer
1300106299,Cinders,cinders,2/14/2019,,73,Visual Novel
1300405752,ToeJam & Earl: Back in the Groove!,toejam-and-earl-back-in-the-groove,2/15/2019,E10+,75,2D Platformer
1300489796,Car Mechanic Simulator,car-mechanic-simulator,2/15/2019,E,41,Virtual Career
1300492768,DreamWorks Dragons Dawn of New Riders,dreamworks-dragons-dawn-of-new-riders,2/15/2019,E10+,66,Linear Action Adventure
1300223099,Trine 2: Complete Story,trine-2-complete-story,2/18/2019,,87,2D Platformer
1300474208,Steins;Gate Elite,steinsgate-elite,2/19/2019,M,85,Visual Novel
1300464988,X-Morph: Defense,x-morph-defense,2/21/2019,T,75,Defense
1300485127,Aragami: Shadow Edition,aragami-shadow-edition,2/21/2019,M,73,Action Adventure
1300491218,Devil Engine,devil-engine,2/21/2019,T,72,Horizontal Shoot-'Em-Up
1300485767,Almost There: The Platformer,almost-there-the-platformer,2/21/2019,E,64,2D Platformer
1300494040,Warplanes: WW2 Dogfight,warplanes-ww2-dogfight,2/21/2019,E10+,56,Aircraft Sim
1300308000,Q.U.B.E. 2,qube-2,2/21/2019,T,69,Action Puzzle
1300487008,Trials Rising,trials-rising,2/26/2019,T,78,Auto Racing
1300485457,RemiLore: Lost Girl in the Lands of Lore,remilore-lost-girl-in-the-lands-of-lore,2/26/2019,E10+,61,Action Adventure
1300493857,The LEGO Movie 2 Videogame,the-lego-movie-2-videogame,2/26/2019,E10+,56,Action Adventure
1300460351,Rad Rodgers,rad-rodgers,2/26/2019,M,62,2D Platformer
1300427248,Skyhill,skyhill,2/26/2019,M,70,Roguelike
1300480741,Fimbul,fimbul,2/28/2019,T,44,Action Adventure
1300465820,Ape Out,ape-out,2/28/2019,T,84,Top-Down Shoot-'Em-Up
1300171824,Anodyne,anodyne,2/28/2019,M,64,Open-World Action
1300249452,Swords & Soldiers II,swords-and-soldiers-ii,3/1/2019,,82,Strategy
1300487331,Shred! 2,shred-2,3/1/2019,,70,Biking
1300452916,12 is Better Than 6,12-is-better-than-6,3/5/2019,M,59,Top-Down Shoot-'Em-Up
1300456634,Beat Cop,beat-cop,3/5/2019,M,70,Adventure
1300495809,R.B.I. Baseball 19,rbi-baseball-19,3/5/2019,E,51,Baseball
1300497543,Braveland Trilogy,braveland-trilogy,3/7/2019,E10+,61,Compilation
1300497608,Assault Android Cactus+,assault-android-cactus-plus,3/8/2019,E10+,86,Top-Down Shoot-'Em-Up
1300455096,The Caligula Effect,the-caligula-effect,3/12/2019,M,60,JRPG
1300467771,Claybook,claybook,3/12/2019,E,60,3D Platformer
1300468861,RICO,rico,3/12/2019,M,70,FPS
1300479491,Baba Is You,baba-is-you,3/13/2019,E,84,Action Puzzle
1300477869,The Red Strings Club,the-red-strings-club,3/14/2019,M,80,Visual Novel
1300490000,Golf Peaks,golf-peaks,3/14/2019,E,78,Puzzle
1300497457,Captain Toad: Treasure Tracker - Special Episode,captain-toad-treasure-tracker-special-episode,3/14/2019,E,81,Action Puzzle
1300453718,Turok Remastered,turok-remastered,3/18/2019,M,74,FPS
1300480194,Fate/Extella Link,fate-extella-link,3/19/2019,T,74,3D Beat-'Em-Up
1300498326,Blaster Master Zero II,blaster-master-zero-ii,3/20/2019,E10+,85,Top-Down Shoot-'Em-Up
1300200415,Nuclear Throne,nuclear-throne,3/20/2019,E10+,88,Top-Down Shoot-'Em-Up
1300491011,Chocobo's Mystery Dungeon: Every Buddy!,chocobos-mystery-dungeon-every-buddy,3/20/2019,E10+,73,Roguelike
1300486916,Unravel Two,unravel-two,3/22/2019,E,82,2D Platformer
1300000205,Final Fantasy VII,final-fantasy-vii,3/26/2019,T,81,JRPG
1300495781,Power Rangers: Battle for the Grid,power-rangers-battle-for-the-grid,3/26/2019,T,62,2D Fighting
1300489647,The Walking Dead: The Telltale Series - The Final Season Episode 4: Take Us Back,the-walking-dead-the-telltale-series-the-final-2018-4,3/26/2019,,82,Point-and-Click
1300487146,Nelke & the Legendary Alchemists: Ateliers of the New World,nelke-and-the-legendary-alchemists-ateliers-of-the,3/26/2019,E10+,70,RPG
1300477147,The Princess Guide,the-princess-guide,3/26/2019,T,57,Strategy
1300458583,Windscape,windscape,3/27/2019,,66,Open-World Action
1300481553,The World Next Door,the-world-next-door,3/27/2019,T,63,Action Adventure
1300480402,Warparty,warparty,3/28/2019,T,45,Command RTS
1300459079,She Remembered Caterpillars,she-remembered-caterpillars,3/28/2019,,76,Action Puzzle
1300457199,METAGAL,metagal,3/29/2019,E10+,62,2D Platformer
1300468595,Yoshi's Crafted World,yoshis-crafted-world,3/29/2019,E,79,3D Platformer
1300473615,AngerForce: Reloaded,angerforce-reloaded,4/1/2019,E,73,Vertical Shoot-'Em-Up
1300458913,Darksiders: Warmastered Edition,darksiders-warmastered-edition,4/2/2019,M,77,Open-World Action
1300483042,SpellKeeper,spellkeeper,4/2/2019,,62,Puzzle
1300298279,Shadow Blade: Reload,shadow-blade-reload,4/3/2019,T,66,Action
1300497657,Mechstermination Force,mechstermination-force,4/3/2019,E,79,2D Platformer
1300484674,The friends of Ringo Ishikawa,the-friends-of-ringo-ishikawa,4/3/2019,M,64,2D Beat-'Em-Up
1300453498,Hob,hob,4/3/2019,E10+,76,Open-World Action
1300497008,Bow to Blood: Last Captain Standing,bow-to-blood-last-captain-standing,4/3/2019,E10+,68,Aircraft Combat Sim
1300487027,Overwhelm,overwhelm,4/4/2019,E10+,74,Open-World Action
1300456757,Pitfall Planet,pitfall-planet,4/4/2019,E,74,Action Puzzle
1300471484,Yet Another Zombie Defense HD,yet-another-zombie-defense-hd,4/5/2019,M,48,Defense
1300492272,Super Dragon Ball Heroes: World Mission,super-dragon-ball-heroes-world-mission,4/5/2019,T,69,Card Battle
1300489056,Feather,feather,4/5/2019,E,54,Aircraft Sim
1300499186,Out There: Omega The Alliance,out-there-omega-the-alliance,4/9/2019,,74,Adventure
1300242826,Phoenix Wright: Ace Attorney Trilogy,phoenix-wright-ace-attorney-trilogy,4/9/2019,T,81,Compilation
1300447246,"Cook, Serve, Delicious! 2!!",cook-serve-delicious-2,4/10/2019,E10+,85,Tycoon
1300489132,The Mystery Of Woolley Mountain,the-mystery-of-woolley-mountain,4/10/2019,T,55,Point-and-Click
1300227266,Silence: The Whispered World 2,silence-the-whispered-world-2,4/10/2019,,75,Adventure
1300274640,Shadowgate (2014),shadowgate-2014,4/10/2019,T,62,Point-and-Click
1300307999,Hellblade: Senua's Sacrifice,hellblade-senuas-sacrifice,4/11/2019,M,80,Action Adventure
1300489974,Reigns: Game Of Thrones,reigns-game-of-thrones,4/11/2019,T,74,Board
1300473261,Vaporum,vaporum,4/11/2019,T,77,Action RPG
1300495746,Giga Wrecker Alt.,giga-wrecker-alt,4/12/2019,T,67,Metroidvania
1300118135,Final Fantasy X / X-2 HD Remaster,final-fantasy-x-x-2-hd-remaster,4/16/2019,T,85,Compilation
1300496191,Warhammer Age of Sigmar: Champions,warhammer-age-of-sigmar-champions,4/16/2019,T,74,Card Battle
1300469216,My Time At Portia,my-time-at-portia,4/16/2019,E10+,71,Virtual Life
1300286974,Cuphead,cuphead,4/17/2019,E10+,87,2D Platformer
1300482232,Truberbrook,truberbrook,4/17/2019,T,58,Adventure
1300457694,Katana ZERO,katana-zero,4/17/2019,M,83,2D Platformer
1300497609,Hell is Other Demons,hell-is-other-demons,4/18/2019,,74,Top-Down Shoot-'Em-Up
1300480730,The Padre,the-padre,4/18/2019,,54,Adventure
1300467994,Our World Is Ended.,our-world-is-ended,4/18/2019,M,59,Visual Novel
1300498321,Arcade Classics Anniversary Collection,arcade-classics-anniversary-collection,4/18/2019,T,61,Compilation
1300494299,Mortal Kombat 11,mortal-kombat-11,4/22/2019,M,78,2D Fighting
1300103025,Dragon's Dogma: Dark Arisen,dragons-dogma-dark-arisen,4/23/2019,M,78,Action RPG
1300487363,Aggelos,aggelos,4/24/2019,E,79,Metroidvania
1300054351,Deponia,deponia,4/24/2019,T,64,Point-and-Click
1300488756,Cytus Alpha,cytus-alpha,4/25/2019,T,81,Rhythm
1300484884,Homo Machina,homo-machina,4/25/2019,E,64,Adventure
1300200272,Type:Rider,type-rider,4/25/2019,E,67,2D Platformer
1300495967,SteamWorld Quest: Hand of Gilgamech,steamworld-quest-hand-of-gilgamech,4/25/2019,E,81,Card Battle
1300499777,Picross S 3,picross-s-3,4/25/2019,E,78,Logic Puzzle
1300462918,Panty Party,panty-party,4/25/2019,E10+,48,Third Person Shooter
1300495970,Moero Chronicle Hyper,moero-chronicle-hyper,4/26/2019,M,62,JRPG
1300497456,BoxBoy! + BoxGirl!,boxboy-plus-boxgirl,4/26/2019,E,81,Action Puzzle
1300463717,Super Blood Hockey,super-blood-hockey,4/26/2019,M,65,Hockey
1300478544,Dig Dog,dig-dog,4/26/2019,E,71,2D Platformer
1300457625,Final Fantasy XII: The Zodiac Age,final-fantasy-xii-the-zodiac-age,4/30/2019,T,85,JRPG
1300276102,Duck Game,duck-game,5/1/2019,E10+,83,2D Platformer
1300398916,Table Top Racing: World Tour,table-top-racing-world-tour,5/1/2019,E,68,Auto Racing
1300454320,Venture Kid,venture-kid,5/2/2019,E10+,58,2D Platformer
1300457637,VA-11 Hall-A: Cyberpunk Bartender Action,va-11-hall-a-cyberpunk-bartender-action,5/2/2019,M,83,Simulation
1300477485,World End Syndrome,world-end-syndrome,5/2/2019,M,79,Visual Novel
1300500094,The Swords of Ditto: Mormo's Curse,the-swords-of-ditto-mormos-curse,5/2/2019,E10+,76,Action RPG
1300481311,Bird Game (2018),bird-game-2018,5/3/2019,E,55,Rail Shooter
1300491175,Puyo Puyo Champions,puyo-puyo-champions,5/7/2019,E,74,Matching Puzzle
1300456842,Shakedown Hawaii,shakedown-hawaii,5/7/2019,T,75,Open-World Action
1300456641,Masquerada: Songs and Shadows,masquerada-songs-and-shadows,5/9/2019,T,67,Real-Time Tactics
1300457798,For the King,for-the-king,5/9/2019,T,76,Roguelike
1300477891,Blazing Beaks,blazing-beaks,5/10/2019,E10+,80,Top-Down Shoot-'Em-Up
1300497760,Saints Row: The Third - The Full Package,saints-row-the-third-the-full-package,5/10/2019,M,70,Open-World Action
1300479436,My Big Sister,my-big-sister,5/10/2019,T,64,Adventure
1300498197,Nintendo Labo: Toycon 04 VR Kit,nintendo-labo-toycon-04-vr-kit,5/12/2019,E10+,71,Action
1300457595,Rock of Ages 2: Bigger & Boulder,rock-of-ages-2-bigger-and-boulder,5/14/2019,,75,Action
1300109031,Blades of Time,blades-of-time,5/14/2019,M,38,3D Beat-'Em-Up
1300498311,Sniper Elite V2 Remastered,sniper-elite-v2-remastered,5/14/2019,M,62,Tactical Third Person Shooter
1300407809,Redout (2016),redout-2016,5/14/2019,E,70,Future Racing
1300500092,Project Nimbus: Complete Edition,project-nimbus-complete-edition,5/16/2019,T,68,Third Person Shooter
1300271496,Darkwood,darkwood,5/16/2019,M,74,Survival
1300498320,Castlevania Anniversary Collection,castlevania-anniversary-collection,5/16/2019,T,81,Compilation
1300488124,Koral,koral,5/16/2019,E,64,Adventure
1300487299,Akane,akane,5/17/2019,M,69,2D Beat-'Em-Up
1300486351,Team Sonic Racing,team-sonic-racing,5/21/2019,E,71,Auto Racing
1300306870,Resident Evil HD Remaster,resident-evil-hd-remaster,5/21/2019,M,80,Survival
1300492563,Atelier Lulua: The Scion of Arland,atelier-lulua-the-scion-of-arland,5/21/2019,T,78,JRPG
1300490931,Assassin's Creed III Remastered,assassins-creed-iii-remastered,5/21/2019,M,60,Open-World Action
1300436729,Resident Evil 0: HD Remaster,resident-evil-0-hd-remaster,5/21/2019,M,70,Survival
1300243646,Resident Evil 4 HD,resident-evil-4-hd,5/21/2019,M,80,Survival
1300489924,GunLord X,gunlord-x,5/22/2019,E10+,79,Horizontal Shoot-'Em-Up
1300504962,Wonder Boy Returns Remix,wonder-boy-returns-remix,5/23/2019,E,65,2D Platformer
1300498127,American Fugitive,american-fugitive,5/23/2019,M,62,Open-World Action
1300500933,Hungry Baby: Party Treats,hungry-baby-party-treats,5/24/2019,E,59,Matching Puzzle
1300498389,Super Tennis Blast,super-tennis-blast,5/24/2019,E,77,Tennis
1300491389,Sword Art Online: Hollow Realization - Deluxe Edition,sword-art-online-hollow-realization-deluxe-edition,5/24/2019,,68,Action RPG
1300456437,Back in 1995,back-in-1995,5/24/2019,T,33,Survival
1300155934,Brothers: A Tale of Two Sons,brothers-a-tale-of-two-sons,5/28/2019,T,79,Linear Action Adventure
1300491446,Little Friends: Dogs & Cats,little-friends-dogs-and-cats,5/28/2019,E,53,Virtual Pet
1300485499,Crystal Crisis,crystal-crisis,5/28/2019,E10+,79,Stacking Puzzle
1300490085,Lapis x Labyrinth,lapis-x-labyrinth,5/28/2019,E10+,68,Action RPG
1300298287,TerraTech,terratech,5/29/2019,E10+,60,Vehicle Combat Sim
1300489890,Vectronom,vectronom,5/29/2019,E,82,Action Puzzle
1300451260,Super Cane Magic ZERO,super-cane-magic-zero,5/30/2019,E10+,60,Action RPG
1300490398,Gato Roboto,gato-roboto,5/30/2019,E,72,Metroidvania
1300478724,Golem Gates,golem-gates,5/31/2019,E10+,66,Action RPG
1300459048,Selma and the Wisp,selma-and-the-wisp,5/31/2019,T,48,2D Platformer
1300460703,Warlock's Tower,warlocks-tower,5/31/2019,E,79,Action Puzzle
1300497175,Kotodama: The 7 Mysteries of Fujisawa,kotodama-the-7-mysteries-of-fujisawa,6/4/2019,T,62,Visual Novel
1300451297,Timespinner,timespinner,6/4/2019,T,84,Metroidvania
1300459529,Hue,hue,6/6/2019,E,73,Action Puzzle
1300472428,Phantom Doctrine,phantom-doctrine,6/6/2019,M,71,Turn-Based Strategy
1300468442,Slay the Spire,slay-the-spire,6/6/2019,E10+,85,Card Battle
1300481058,PixARK,pixark,6/6/2019,T,38,Sandbox
1300452324,Refunct,refunct,6/7/2019,E,64,3D Platformer
1300467907,Warlocks 2: God Slayers,warlocks-2-god-slayers,6/7/2019,T,59,Action RPG
1300490811,The Last Remnant Remastered,the-last-remnant-remastered,6/10/2019,M,62,JRPG
1300455753,A Duel Hand Disaster: Trackher,a-duel-hand-disaster-trackher,6/10/2019,T,65,Vertical Shoot-'Em-Up
1300498319,Contra Anniversary Collection,contra-anniversary-collection,6/11/2019,E10+,81,Compilation
1300178289,Battle Worlds: Kronos,battle-worlds-kronos,6/11/2019,E10+,60,Turn-Based Tactics
1300466170,Collection of Mana,collection-of-mana,6/11/2019,E10+,83,Compilation
1300498328,Cadence of Hyrule: Crypt of the NecroDancer Featuring The Legend of Zelda,cadence-of-hyrule-crypt-of-the-necrodancer,6/13/2019,E,85,Rhythm
1300486024,Leisure Suit Larry: Wet Dreams Don't Dry,leisure-suit-larry-wet-dreams-dont-dry,6/13/2019,M,52,Point-and-Click
1300455871,Mainlining,mainlining,6/20/2019,T,38,Virtual Career
1300174057,Slender: The Arrival,slender-the-arrival,6/20/2019,T,55,Survival
1300497912,Rolling Gunner,rolling-gunner,6/20/2019,E10+,84,Horizontal Shoot-'Em-Up
1300467036,Catan Universe,catan-universe,6/20/2019,E,61,Board
1300462498,My Friend Pedro,my-friend-pedro,6/20/2019,M,78,2D Platformer
1300481222,Muse Dash,muse-dash,6/20/2019,T,73,Rhythm
1300494292,Crash Team Racing: Nitro-Fueled,crash-team-racing-nitro-fueled,6/21/2019,E10+,80,Auto Racing
1300003139,Devil May Cry,devil-may-cry,6/24/2019,M,74,Linear Action Adventure
1300478512,We. The Revolution,we-the-revolution,6/25/2019,M,75,Adventure
1300484722,Super Neptunia RPG,super-neptunia-rpg,6/25/2019,T,62,Action RPG
1300430840,Bloodstained: Ritual of the Night,bloodstained-ritual-of-the-night,6/25/2019,T,74,Metroidvania
1300488835,Irony Curtain: From Matryoshka with Love,irony-curtain-from-matryoshka-with-love,6/27/2019,T,69,Adventure
1300499565,Bitlogic - A Cyberpunk Arcade Adventure,bitlogic-a-cyberpunk-arcade-adventure,6/27/2019,E,54,2D Platformer
1300464798,Dandy Dungeon: Legend of Brave Yamada,dandy-dungeon-legend-of-brave-yamada,6/27/2019,E,78,Action Puzzle
1300008319,Virtua Racing,virtua-racing,6/27/2019,E,82,Auto Racing
1300468255,War Tech Fighters,war-tech-fighters,6/27/2019,T,76,Space Combat Sim
1300498206,MotoGP 19,motogp-19,6/27/2019,E,62,Auto Racing Sim
1300489209,Furwind,furwind,6/27/2019,E10+,69,2D Platformer
1300005647,Wonder Boy in Monster Land,wonder-boy-in-monster-land,6/27/2019,E10+,74,Action Adventure
1300465393,Graveyard Keeper,graveyard-keeper,6/27/2019,T,65,Virtual Career
1300106731,Terraria,terraria,6/27/2019,T,82,Sandbox
1300497455,Super Mario Maker 2,super-mario-maker-2,6/28/2019,E,88,2D Platformer
1300483784,Red Faction: Guerrilla Re-Mars-tered,red-faction-guerrilla-re-mars-tered,7/2/2019,M,72,Third Person Shooter
1300468708,Dream Daddy: A Dad Dating Simulator,dream-daddy-a-dad-dating-simulator,7/2/2019,T,88,Virtual Life
1300488574,Lucah: Born of a Dream,lucah-born-of-a-dream,7/3/2019,T,79,Action RPG
1300374943,What Remains of Edith Finch,what-remains-of-edith-finch,7/4/2019,T,88,First-Person Adventure
1300494298,Stranger Things 3: The Game,stranger-things-3-the-game,7/4/2019,T,53,Action Adventure
1300498312,Attack on Titan 2: Final Battle,attack-on-titan-2-final-battle,7/5/2019,M,71,Action Adventure
1300470554,Senran Kagura: Peach Ball,senran-kagura-peach-ball,7/9/2019,M,62,Pinball
1300503714,SolSeraph,solseraph,7/10/2019,E,65,Action Adventure
1300501176,Tiny Metal: Full Metal Rumble,tiny-metal-full-metal-rumble,7/11/2019,E10+,77,Turn-Based Tactics
1300471410,Dead In Vinland,dead-in-vinland,7/11/2019,,74,RPG
1300487696,Blazing Chrome,blazing-chrome,7/11/2019,T,79,2D Platformer
1300470179,Eagle Island,eagle-island,7/11/2019,E10+,70,2D Platformer
1300455592,Nelly Cootalot: The Fowl Fleet,nelly-cootalot-the-fowl-fleet,7/11/2019,T,78,Point-and-Click
1300478635,Professor Lupo and his Horrible Pets,professor-lupo-and-his-horrible-pets,7/11/2019,,74,Action Puzzle
1300476608,God Eater 3,god-eater-3,7/12/2019,T,74,Action RPG
1300487489,Lethal League Blaze,lethal-league-blaze,7/12/2019,E10+,82,2D Fighting
1300470900,Dragon Quest Builders 2,dragon-quest-builders-2,7/12/2019,E10+,85,Sandbox
1300260850,Super Mutant Alien Assault,super-mutant-alien-assault,7/12/2019,T,74,2D Platformer
1300470408,Lust for Darkness,lust-for-darkness,7/12/2019,M,45,First-Person Adventure
1300461060,Streets of Rogue,streets-of-rogue,7/12/2019,T,75,Action RPG
1300503687,Lost Orbit: Terminal Velocity,lost-orbit-terminal-velocity,7/16/2019,T,74,2D Platformer
1300484633,Let's Go Nuts!,lets-go-nuts,7/17/2019,E,43,2D Platformer
1300483718,Etherborn,etherborn,7/18/2019,E,62,3D Platformer
1300494286,Marvel Ultimate Alliance 3: The Black Order,marvel-ultimate-alliance-3-the-black-order,7/19/2019,T,73,Action RPG
1300497540,Astro Bears,astro-bears,7/19/2019,E,66,Party
1300460324,Rise: Race The Future,rise-race-the-future,7/22/2019,E,72,Future Racing
1300500271,Automachef,automachef,7/23/2019,E,68,Tycoon
1300503955,Run the Fan,run-the-fan,7/23/2019,E,71,Action Puzzle
1300468499,Pawarumi,pawarumi,7/24/2019,E10+,77,Vertical Shoot-'Em-Up
1300462361,Fantasy Strike,fantasy-strike,7/25/2019,T,76,2D Fighting
1300489687,Songbird Symphony,songbird-symphony,7/25/2019,E,81,2D Platformer
1300503744,Mighty Switch Force! Collection,mighty-switch-force-collection,7/25/2019,E10+,84,Compilation
1300504434,Super Mega Baseball 2: Ultimate Edition,super-mega-baseball-2-ultimate-edition,7/25/2019,E,87,Baseball
1300459049,Woodle Tree 2: Worlds,woodle-tree-2-worlds,7/25/2019,E,61,3D Platformer
1300504428,Picross Lord of the Nazarick,picross-lord-of-the-nazarick,7/25/2019,T,74,Logic Puzzle
1300293250,Zombie Driver: Ultimate Edition,zombie-driver-ultimate-edition,7/25/2019,M,60,Vehicle Combat Sim
1300000828,DOOM (1993),doom-1993,7/26/2019,M,83,FPS
1300487276,Kill la Kill: IF,kill-la-kill-if,7/26/2019,M,65,3D Fighting
1300486986,Wolfenstein: Youngblood,wolfenstein-youngblood,7/26/2019,M,66,FPS
1300464176,Fire Emblem: Three Houses,fire-emblem-three-houses,7/26/2019,T,89,Turn-Based Tactics
1300144692,DOOM 3 BFG Edition,doom-3-bfg-edition,7/26/2019,M,81,FPS
1300403798,Trine 3: The Artifacts of Power,trine-3-the-artifacts-of-power,7/29/2019,E10+,64,2D Platformer
1300504093,Mutant Year Zero: Road to Eden - Deluxe Edition,mutant-year-zero-road-to-eden-deluxe-edition,7/30/2019,M,71,Turn-Based Tactics
1300483191,Forager,forager,7/30/2019,E10+,78,Action Adventure
1300504160,Morphies Law: Remorphed,morphies-law-remorphed,7/30/2019,T,76,Third Person Shooter
1300499139,Bear With Me: The Lost Robots,bear-with-me-the-lost-robots,7/31/2019,T,65,Point-and-Click
1300492331,Hamsterdam,hamsterdam,8/1/2019,E10+,54,3D Beat-'Em-Up
1300499422,Solo: Islands of the Heart,solo-islands-of-the-heart,8/1/2019,T,55,Action Puzzle
1300490812,Omega Labyrinth Life,omega-labyrinth-life,8/1/2019,M,65,Roguelike
1300455301,The Church in the Darkness,the-church-in-the-darkness,8/2/2019,M,69,Open-World Action
1300038481,DC Universe Online,dc-universe-online,8/6/2019,T,73,MMORPG
1300465984,Shadows 2: Perfidia,shadows-2-perfidia,8/6/2019,,55,Survival
1300480821,Damsel,damsel,8/7/2019,E10+,64,2D Platformer
1300480362,The Forbidden Arts,the-forbidden-arts,8/7/2019,T,50,Open-World Action
1300468887,Pillars of Eternity: Complete Edition,pillars-of-eternity-complete-edition,8/8/2019,M,82,Western RPG
1300498575,Doughlings: Invasion,doughlings-invasion,8/8/2019,E,54,Vertical Shoot-'Em-Up
1300505243,PictoQuest,pictoquest,8/8/2019,E10+,74,Logic Puzzle
1300491388,Sword Art Online: Fatal Bullet - Complete Edition,sword-art-online-fatal-bullet-complete-edition,8/9/2019,T,63,Third Person Shooter
1300485864,Sagebrush,sagebrush,8/9/2019,M,79,First-Person Adventure
1300466242,Turok 2: Seeds of Evil Remaster,turok-2-seeds-of-evil-remaster,8/9/2019,M,60,FPS
1300477517,Never Give Up,never-give-up-2,8/13/2019,T,78,2D Platformer
1300498089,Friday The 13th: The Game - Ultimate Slasher Switch Edition,friday-the-13th-the-game-ultimate-slasher-switch,8/13/2019,M,69,Survival
1300475010,Exception,exception,8/13/2019,E,71,2D Platformer
1300473639,Fell Seal: Arbiter's Mark,fell-seal-arbiters-mark,8/14/2019,T,78,Turn-Based Tactics
1300482779,Vasara Collection,vasara-collection,8/15/2019,T,74,Compilation
1300505289,Gravity Duck,gravity-duck-2019,8/16/2019,E,68,2D Platformer
1300489864,Grandia HD Collection,grandia-hd-collection,8/16/2019,T,72,Compilation
1300467051,FAR: Lone Sails,far-lone-sails,8/18/2019,E,88,Linear Action Adventure
1300263139,SUPERHOT,superhot,8/19/2019,T,84,FPS
1300505563,Hotline Miami Collection,hotline-miami-collection,8/19/2019,M,82,Compilation
1300496691,Yu-Gi-Oh! Legacy of the Duelist: Link Evolution,yu-gi-oh-legacy-of-the-duelist-link-evolution,8/20/2019,T,79,Card Battle
1300498323,Rad,rad,8/20/2019,T,68,Action Adventure
1300497460,Oninaki,oninaki,8/22/2019,T,68,Action RPG
1300005867,Space Harrier,space-harrier,8/22/2019,E,74,Rail Shooter
1300175593,Puyo Puyo,puyo-puyo,8/22/2019,E,76,Matching Puzzle
1300492270,Snooker 19,snooker-19,8/23/2019,E,64,Billiards
1300499483,Whipseey and the Lost Atlas,whipseey-and-the-lost-atlas,8/27/2019,E,54,2D Platformer
1300391772,AER: Memories of Old,aer-memories-of-old,8/28/2019,E10+,73,Open-World Action
1300498981,Heave Ho,heave-ho,8/29/2019,E10+,80,Party
1300492382,Vambrace: Cold Soul,vambrace-cold-soul,8/29/2019,T,59,Roguelike
1300450665,Agent A: A Puzzle In Disguise,agent-a-a-puzzle-in-disguise,8/29/2019,E10+,79,Puzzle
1300505825,Wilmot's Warehouse,wilmots-warehouse,8/29/2019,E,85,Action Puzzle
1300464792,Remothered: Tormented Fathers,remothered-tormented-fathers,8/30/2019,M,55,Survival
1300498951,Bulletstorm: Duke of Switch Edition,bulletstorm-duke-of-switch-edition,8/30/2019,M,74,FPS
1300497462,Astral Chain,astral-chain,8/30/2019,T,87,Action Adventure
1300459769,Legend of the Skyfish,legend-of-the-skyfish,8/30/2019,E10+,46,Linear Action Adventure
1300503942,River City Girls,river-city-girls,8/30/2019,E10+,79,2D Beat-'Em-Up
1300502053,Final Fantasy VIII Remastered,final-fantasy-viii-remastered,9/3/2019,T,80,JRPG
1300505235,Fin and the Ancient Mystery,fin-and-the-ancient-mystery,9/3/2019,E,56,2D Platformer
1300489230,Root Letter: Last Answer,root-letter-last-answer,9/3/2019,M,61,Visual Novel
1300082662,Torchlight II,torchlight-ii,9/3/2019,T,81,Action RPG
1300483979,Spyro Reignited Trilogy,spyro-reignited-trilogy,9/3/2019,E10+,79,Compilation
1300485589,Divinity: Original Sin II - Definitive Edition,divinity-original-sin-ii-definitive-edition,9/4/2019,M,93,Western RPG
1300033566,Deadly Premonition,deadly-premonition,9/4/2019,M,70,Open-World Action
1300506292,Super Kirby Clash,super-kirby-clash,9/4/2019,E,74,Action
1300450847,The Long Journey Home,the-long-journey-home,9/4/2019,M,58,Action Adventure
1300483218,Hyperforma,hyperforma,9/5/2019,E,72,Action Puzzle
1300489406,Headliner: NoviNews,headliner-novinews,9/5/2019,T,75,Adventure
1300503848,NBA 2K20,nba-2k20,9/6/2019,E,73,Basketball Sim
1300498324,Creature in the Well,creature-in-the-well,9/6/2019,E,76,Action Adventure
1300500873,Blasphemous,blasphemous,9/10/2019,M,77,Metroidvania
1300461986,Gun Gun Pixies,gun-gun-pixies,9/10/2019,M,46,Third Person Shooter
1300469933,Sydney Hunter and the Curse of the Mayan,sydney-hunter-and-the-curse-of-the-mayan,9/12/2019,E10+,72,2D Platformer
1300486509,Super Dodgeball Beats,super-dodgeball-beats,9/12/2019,E,60,Rhythm
1300506652,Golazo!,golazo,9/12/2019,E,67,Soccer
1300282561,The Sinking City,the-sinking-city,9/12/2019,M,61,Survival
1300461495,Amnesia Collection,amnesia-collection,9/12/2019,M,76,Compilation
1300487058,Daemon X Machina,daemon-x-machina,9/13/2019,T,69,Vehicle Combat Sim
1300452271,DISTRAINT,distraint,9/13/2019,M,70,Adventure
1300505748,Rest in Pieces,rest-in-pieces,9/13/2019,E10+,67,FPS
1300171615,Star Wars Pinball,star-wars-pinball,9/13/2019,E10+,86,Pinball
1300488035,AI: The Somnium Files,ai-the-somnium-files,9/17/2019,M,86,Action Adventure
1300440569,Castle Crashers Remastered,castle-crashers-remastered,9/17/2019,T,77,2D Beat-'Em-Up
1300393588,LEGO Jurassic World,lego-jurassic-world,9/17/2019,E10+,71,Action Adventure
1300503892,Jet Kave Adventure,jet-kave-adventure,9/17/2019,E10+,65,2D Platformer
1300506249,Puzzle Quest: The Legend Returns,puzzle-quest-the-legend-returns,9/19/2019,E10+,78,Matching Puzzle
1300494283,Sayonara Wild Hearts,sayonara-wild-hearts,9/19/2019,E10+,84,Rhythm
1300403774,Overland,overland,9/19/2019,E10+,75,Turn-Based Tactics
1300268373,GRID Autosport,grid-autosport,9/19/2019,E,79,Auto Racing Sim
1300004565,Devil May Cry 2,devil-may-cry-2,9/19/2019,M,50,Linear Action Adventure
1300497463,The Legend of Zelda: Link's Awakening,the-legend-of-zelda-links-awakening,9/20/2019,E,87,Open-World Action
1300079294,Ni no Kuni: Wrath of the White Witch,ni-no-kuni-wrath-of-the-white-witch,9/20/2019,E10+,84,JRPG
1300476445,Untitled Goose Game,untitled-goose-game,9/20/2019,E,81,Action Adventure
1300003687,Star Wars Jedi Knight II: Jedi Outcast,star-wars-jedi-knight-ii-jedi-outcast,9/24/2019,T,64,Linear Action Adventure
1300454843,Dead by Daylight,dead-by-daylight,9/24/2019,M,61,Survival
1300502071,Contra: Rogue Corps,contra-rogue-corps,9/24/2019,M,42,Top-Down Shoot-'Em-Up
1300459439,Northgard,northgard,9/26/2019,E10+,77,Command RTS
1300473969,Fight'N Rage,fightn-rage,9/26/2019,T,79,2D Beat-'Em-Up
1300506970,Cyber Protocol,cyber-protocol,9/26/2019,E,71,Action Puzzle
1300440042,Darksiders II: Deathinitive Edition,darksiders-ii-deathinitive-edition,9/26/2019,M,77,Open-World Action
1300485513,Gunvolt Chronicles: Luminous Avenger iX,gunvolt-chronicles-luminous-avenger-ix,9/26/2019,T,81,2D Platformer
1300016938,Dragon Quest II,dragon-quest-ii,9/27/2019,T,60,JRPG
1300501847,FIFA 20,fifa-20,9/27/2019,E,43,Soccer Sim
1300005568,Dragon Quest,dragon-quest-1986,9/27/2019,T,63,JRPG
1300497991,Freedom Finger,freedom-finger,9/27/2019,T,74,Horizontal Shoot-'Em-Up
1300006134,Dragon Quest III,dragon-quest-iii,9/27/2019,T,71,JRPG
1300455700,Ori and the Blind Forest: Definitive Edition,ori-and-the-blind-forest-definitive-edition,9/27/2019,E,90,Metroidvania
1300520899,Dragon Quest XI S: Echoes of an Elusive Age - Definitive Edition,dragon-quest-xi-s-echoes-of-an-elusive-age,9/27/2019,T,91,JRPG
1300305067,80 Days,80-days,10/1/2019,E10+,84,Visual Novel
1300413630,Sniper Elite III: Ultimate Edition,sniper-elite-iii-ultimate-edition,10/1/2019,M,73,Tactical Third Person Shooter
1300576343,YU-NO: A Girl Who Chants Love at the Bound of this World,yu-no-a-girl-who-chants-love-at-the-bound-of-this,10/1/2019,M,64,Adventure
1300487019,Neo Cab,neo-cab,10/3/2019,T,74,Adventure
1300489660,Galaxy Champions TV,galaxy-champions-tv,10/3/2019,E10+,65,Top-Down Shoot-'Em-Up
1300504138,Hexagroove: Tactical DJ,hexagroove-tactical-dj,10/3/2019,E,75,Rhythm
1300464108,Candleman,candleman,10/3/2019,E,75,3D Platformer
1300501518,Ghostbusters: The Video Game Remastered,ghostbusters-the-video-game-remastered,10/4/2019,T,73,Linear Action Adventure
1300462028,One Night Stand,one-night-stand,10/4/2019,M,71,Visual Novel
1300500017,BurgerTime Party!,burgertime-party,10/8/2019,E,70,Arcade
1300501873,Yooka-Laylee and the Impossible Lair,yooka-laylee-and-the-impossible-lair,10/8/2019,E,81,2D Platformer
1300487909,Asphalt 9: Legends,asphalt-9-legends,10/8/2019,E,61,Auto Racing
1300457134,Call of Cthulhu: The Official Video Game,call-of-cthulhu-the-official-video-game,10/8/2019,M,68,Survival
1300498189,The Alliance Alive HD Remastered,the-alliance-alive-hd-remastered,10/8/2019,E10+,74,JRPG
1300492565,Trine 4: The Nightmare Prince,trine-4-the-nightmare-prince,10/8/2019,E10+,80,2D Platformer
1300491974,Reventure,reventure,10/8/2019,T,83,Open-World Action
1300498533,MISTOVER,mistover,10/9/2019,T,62,JRPG
1300490319,The Bradwell Conspiracy,the-bradwell-conspiracy,10/10/2019,T,41,First-Person Adventure
1300506473,A Knight's Quest,a-knights-quest-2019,10/10/2019,T,59,Open-World Action
1300484779,Spirit Hunter: NG,spirit-hunter-ng,10/10/2019,M,73,Visual Novel
1300180478,Corpse Party: Blood Drive,corpse-party-blood-drive,10/10/2019,M,54,Survival
1300482579,Mable & The Wood,mable-and-the-wood,10/10/2019,E,56,Metroidvania
1300468614,Valfaris,valfaris,10/10/2019,M,79,2D Platformer
1300452651,AeternoBlade II,aeternoblade-ii,10/11/2019,T,44,Action Adventure
1300497490,Doraemon: Story of Seasons,doraemon-story-of-seasons,10/11/2019,E,75,Tycoon
1300487062,Killer Queen Black,killer-queen-black,10/11/2019,E10+,83,Arcade
1300490526,The Ninja Saviors: Return of the Warriors,the-ninja-saviors-return-of-the-warriors,10/15/2019,T,79,2D Beat-'Em-Up
1300501571,Planescape: Torment: Enhanced Edition / Icewind Dale: Enhanced Edition,planescape-torment-enhanced-edition-icewind-dale,10/15/2019,T,73,Compilation
1300459519,The Witcher 3: Wild Hunt - Complete Edition,the-witcher-3-wild-hunt-complete-edition,10/15/2019,M,85,Action RPG
1300485830,Override: Mech City Brawl,override-mech-city-brawl,10/15/2019,T,62,Action
1300491008,Little Town Hero,little-town-hero,10/16/2019,E10+,64,JRPG
1300201371,Columns II: The Voyage Through Time,columns-ii-the-voyage-through-time,10/17/2019,E,74,Matching Puzzle
1300489692,Felix the Reaper,felix-the-reaper,10/17/2019,T,67,Adventure
1300483446,Kine,kine,10/17/2019,E,69,Action Puzzle
1300465716,Sublevel Zero Redux,sublevel-zero-redux,10/17/2019,E10+,73,Space Combat Sim
1300493438,Stranded Sails: Explorers of the Cursed Islands,stranded-sails-explorers-of-the-cursed-islands,10/17/2019,E10+,57,Open-World Action
1300499066,The Jackbox Party Pack 6,the-jackbox-party-pack-6,10/17/2019,T,71,Party
1300454451,Rabi-Ribi,rabi-ribi,10/17/2019,T,79,2D Platformer
1300006833,Puzzle & Action: Ichidant-R,puzzle-and-action-ichidant-r,10/17/2019,E,70,Party
1300250619,A Hat in Time,a-hat-in-time,10/18/2019,T,76,3D Platformer
1300506596,Ring Fit Adventure,ring-fit-adventure,10/18/2019,E10+,83,Exercise
1300477581,Megaquarium,megaquarium,10/18/2019,E,70,Tycoon
1300507168,StarBlox Inc.,starblox-inc,10/18/2019,E10+,71,Stacking Puzzle
1300491069,Return of the Obra Dinn,return-of-the-obra-dinn,10/18/2019,M,86,First-Person Adventure
1300503953,Digimon Story Cyber Sleuth: Complete Edition,digimon-story-cyber-sleuth-complete-edition,10/18/2019,T,76,Compilation
1300503712,Ice Age: Scrat's Nutty Adventure,ice-age-scrats-nutty-adventure,10/18/2019,E,49,Action Adventure
1300456502,Skullgirls: 2nd Encore,skullgirls-2nd-encore,10/22/2019,T,80,2D Fighting
1300506842,Tangle Tower,tangle-tower,10/22/2019,T,85,Adventure
1300483006,Mary Skelter 2,mary-skelter-2,10/22/2019,M,75,JRPG
1300466448,HAUNTED: Halloween '86 - The Curse Of Possum Hollow,haunted-halloween-86-the-curse-of-possum-hollow,10/24/2019,E10+,73,Action
1300121015,Anthill,anthill,10/24/2019,E,65,Real-Time Strategy
1300475644,Dark Devotion,dark-devotion,10/24/2019,M,65,Action RPG
1300485820,Cat Quest II: The Lupus Empire,cat-quest-ii-the-lupus-empire,10/24/2019,E10+,77,Action RPG
1300507699,Ultra Off-Road 2019: Alaska,ultra-off-road-2019-alaska,10/25/2019,E,25,Vehicle Sim
1300476836,Into the Dead 2,into-the-dead-2,10/25/2019,M,46,Rail Shooter
1300506248,Let's Sing Country,lets-sing-country,10/25/2019,T,62,Rhythm
1300472953,Door Kickers: Action Squad,door-kickers-action-squad,10/28/2019,T,77,2D Platformer
1300493420,Xeno Crisis,xeno-crisis,10/28/2019,T,74,Top-Down Shoot-'Em-Up
1300501325,Atelier Ryza: Ever Darkness & the Secret Hideout,atelier-ryza-ever-darkness-and-the-secret-hideout,10/29/2019,T,84,JRPG
1300156906,Polyroll,polyroll,10/29/2019,E,68,Adventure
1300502055,Disgaea 4 Complete+,disgaea-4-complete-plus,10/29/2019,T,85,Turn-Based Tactics
1300506001,Disney Classic Games: Aladdin and the Lion King,disney-classic-games-aladdin-and-the-lion-king,10/29/2019,E10+,75,Compilation
1300453358,Vampyr,vampyr,10/29/2019,M,69,Action RPG
1300490873,Dusk Diver,dusk-diver,10/29/2019,T,54,Action RPG
1300472344,Close To The Sun,close-to-the-sun,10/29/2019,M,55,First-Person Adventure
1300025141,Resident Evil 5,resident-evil-5,10/29/2019,M,72,Survival
1300504165,Super Monkey Ball: Banana Blitz HD,super-monkey-ball-banana-blitz-hd,10/29/2019,E10+,63,Party
1300083696,Resident Evil 6,resident-evil-6,10/29/2019,M,68,Survival
1300491003,Luigi's Mansion 3,luigis-mansion-3,10/31/2019,E,86,Action Adventure
1300495997,WRC 8 FIA World Rally Championship,wrc-8-fia-world-rally-championship,10/31/2019,E,61,Auto Racing
1300503911,Race with Ryan,race-with-ryan,11/1/2019,E,51,Auto Racing
1300502031,Just Dance 2020,just-dance-2020,11/5/2019,E10+,74,Dancing
1300499058,Mario & Sonic at the Olympic Games Tokyo 2020,mario-and-sonic-at-the-olympic-games-tokyo-2020-2019,11/5/2019,E10+,69,Athletics
1300479423,The Lord of the Rings: Adventure Card Game,the-lord-of-the-rings-adventure-card-game,11/5/2019,,75,Card Battle
1300457231,Construction Simulator 2,construction-simulator-2,11/6/2019,E,72,Virtual Career
1300489224,Tokyo Dark: Remembrance,tokyo-dark-remembrance,11/7/2019,M,74,Point-and-Click
1300506309,"Stay Cool, Kobayashi-san!: A River City Ransom Story",stay-cool-kobayashi-san-a-river-city-ransom-story,11/7/2019,E10+,46,2D Beat-'Em-Up
1300499974,Ritual: Crown of Horns,ritual-crown-of-horns,11/7/2019,T,58,Top-Down Shoot-'Em-Up
1300506478,Super Street: Racer,super-street-racer,11/7/2019,E,66,Auto Racing
1300503776,Skybolt Zack,skybolt-zack,11/7/2019,E,71,2D Platformer
1300502075,New Super Lucky's Tale,new-super-luckys-tale,11/8/2019,E,76,3D Platformer
1300508921,The Stretchers,the-stretchers,11/8/2019,E,75,Action
1300508658,House of Golf,house-of-golf,11/8/2019,E,62,Golf
1300497458,Disney Tsum Tsum Festival,disney-tsum-tsum-festival,11/8/2019,E,63,Party
1300491256,Romancing SaGa 3 (Remaster),romancing-saga-3-remaster,11/11/2019,T,73,JRPG
1300489185,Bee Simulator,bee-simulator,11/12/2019,E,65,Open-World Action
1300488118,Yaga,yaga,11/12/2019,T,67,Action Adventure
1300483153,Thief of Thieves: Season One,thief-of-thieves-season-one,11/12/2019,M,47,Adventure
1300490145,Sparklite,sparklite,11/14/2019,E10+,75,Action Adventure
1300506126,Groove Coaster: Wai Wai Party!!!!,groove-coaster-wai-wai-party,11/14/2019,E10+,83,Rhythm
1300468593,Pokemon Shield,pokemon-shield,11/15/2019,E,80,Trainer RPG
1300501759,Pokemon Sword / Shield Dual Pack,pokemon-sword-shield-dual-pack,11/15/2019,E,80,Trainer RPG
1300497894,Pokemon Sword,pokemon-sword,11/15/2019,E,80,Trainer RPG
1300504749,Zumba Burn it Up!,zumba-burn-it-up,11/19/2019,E,69,Exercise
1300379451,Children of Morta,children-of-morta,11/20/2019,T,80,Action RPG
1300505564,The Touryst,the-touryst,11/21/2019,E,79,Action Adventure
1300483147,Black Future '88,black-future-88,11/21/2019,T,75,2D Platformer
1300498325,Pine,pine,11/26/2019,E10+,48,Open-World Action
1300497691,Monster Jam Steel Titans,monster-jam-steel-titans,11/26/2019,E,53,Auto Racing
1300483142,Decay of Logos,decay-of-logos,11/28/2019,T,27,Action RPG
1300453433,Where the Water Tastes Like Wine,where-the-water-tastes-like-wine,11/29/2019,M,69,Adventure
1300476315,FoxyLand,foxyland,11/29/2019,E,54,2D Platformer
1300502052,SaGa Scarlet Grace: Ambitions,saga-scarlet-grace-ambitions,12/2/2019,T,79,JRPG
1300486726,Heroland,heroland,12/3/2019,T,65,JRPG
1300505676,Farming Simulator 20,farming-simulator-20,12/3/2019,E,59,Virtual Career
1300500468,Tools Up!,tools-up,12/3/2019,E,62,Virtual Career
1300478865,Neverwinter Nights: Enhanced Edition,neverwinter-nights-enhanced-edition,12/3/2019,M,56,Western RPG
1300290561,EarthNight,earthnight,12/3/2019,E10+,70,2D Platformer
1300476998,SIMULACRA,simulacra,12/3/2019,M,64,Virtual Life
1300500982,Must Dash Amigos,must-dash-amigos,12/5/2019,E,61,Party
1300501324,Star Ocean: First Departure R,star-ocean-first-departure-r,12/5/2019,T,74,Action RPG
1300234537,Alien: Isolation,alien-isolation,12/5/2019,M,83,Survival
1300451353,Big Pharma,big-pharma,12/5/2019,M,61,Tycoon
1300506298,Assassin's Creed: The Rebel Collection,assassins-creed-the-rebel-collection,12/6/2019,M,80,Compilation
1300486521,Space Pioneer,space-pioneer,12/6/2019,E10+,58,Top-Down Shoot-'Em-Up
1300440537,Ashen,ashen,12/9/2019,T,71,Open-World Action
1300462866,Dauntless,dauntless,12/10/2019,T,73,Action RPG
1300153813,Call of Juarez: Gunslinger,call-of-juarez-gunslinger,12/10/2019,M,72,FPS
1300509975,Pinball FX3: Williams Pinball - Volume 5,pinball-fx3-williams-pinball-volume-5,12/10/2019,E10+,83,Pinball
1300099264,Steins;Gate: My Darling's Embrace,steinsgate-my-darlings-embrace,12/10/2019,T,73,Visual Novel
1300509262,Shovel Knight Showdown,shovel-knight-showdown,12/10/2019,E10+,75,2D Platformer
1300510281,The Talos Principle: Deluxe Edition,the-talos-principle-deluxe-edition,12/10/2019,T,83,First-Person Adventure
1300505960,Football Manager 2020 Touch,football-manager-2020-touch,12/10/2019,E,71,Soccer Management
1300440857,Steins;Gate 0,steinsgate-0,12/10/2019,M,79,Visual Novel
1300459724,Riverbond,riverbond,12/10/2019,E10+,60,Action Adventure
1300468459,Blacksad: Under the Skin,blacksad-under-the-skin,12/10/2019,M,60,Third-Person Adventure
1300473512,Shovel Knight: King of Cards,shovel-knight-king-of-cards,12/10/2019,E10+,83,2D Platformer
1300101689,Jamestown: Legend of the Lost Colony,jamestown-legend-of-the-lost-colony,12/12/2019,E10+,78,Vertical Shoot-'Em-Up
1300508872,SuperEpic: The Entertainment War,superepic-the-entertainment-war,12/12/2019,E10+,76,2D Platformer
1300483647,Dead End Job,dead-end-job,12/13/2019,T,55,Top-Down Shoot-'Em-Up
1300492203,Down to Hell,down-to-hell,12/23/2019,T,36,2D Platformer
1300010908,Princess Maker 3: Fairy Tales Come True,princess-maker-3-fairy-tales-come-true,12/23/2019,M,58,Virtual Life
1300163797,Goodbye Deponia,goodbye-deponia,12/23/2019,,77,Point-and-Click
1300507269,Dr Kawashima's Brain Training for Nintendo Switch,dr-kawashimas-brain-training-for-nintendo-switch,12/27/2019,,64,Edutainment
1300484175,Ultimate Racing 2D,ultimate-racing-2d,1/6/2020,E,59,Auto Racing
1300460236,THOTH,thoth,1/9/2020,E,73,Top-Down Shoot-'Em-Up
1300176701,140,140,1/9/2020,E,70,2D Platformer
1300506693,Atelier Dusk Trilogy Deluxe Pack,atelier-dusk-trilogy-deluxe-pack,1/14/2020,T,81,Compilation
1300510109,Atelier Ayesha: The Alchemist of Dusk DX,atelier-ayesha-the-alchemist-of-dusk-dx,1/14/2020,T,66,JRPG
1300502059,Puzzle & Dragons Gold,puzzle-and-dragons-gold,1/14/2020,E,42,Matching Puzzle
1300510113,Atelier Shallie: Alchemists of the Dusk Sea DX,atelier-shallie-alchemists-of-the-dusk-sea-dx,1/14/2020,T,74,JRPG
1300501244,Super Mega Space Blaster Special,super-mega-space-blaster-special,1/14/2020,E,68,Horizontal Shoot-'Em-Up
1300481667,Squidlit,squidlit,1/14/2020,E,54,2D Platformer
1300114661,To the Moon,to-the-moon,1/16/2020,T,84,Adventure
1300464794,Stories Untold,stories-untold,1/16/2020,M,79,Text Adventure
1300500640,SELF,self,1/16/2020,E10+,65,Text Adventure
1300452600,Where Angels Cry - Tears Of The Fallen,where-angels-cry-tears-of-the-fallen,1/16/2020,T,43,Hidden Object
1300489508,Super Crush K.O.,super-crush-ko,1/16/2020,E10+,77,2D Platformer
1300506295,Tokyo Mirage Sessions #FE Encore,tokyo-mirage-sessions-fe-encore,1/17/2020,T,81,JRPG
1300505407,Vitamin Connection,vitamin-connection,1/17/2020,E,80,Action
1300462175,Lydia,lydia,1/17/2020,T,68,Adventure
1300500478,Red Bow,red-bow,1/17/2020,T,61,Adventure
1300506895,Psikyo Shooting Stars Alpha,psikyo-shooting-stars-alpha,1/21/2020,E10+,69,Compilation
1300436736,"Football, Tactics & Glory",football-tactics-and-glory,1/22/2020,E,58,Soccer Management
1300095517,Oddworld: Stranger's Wrath HD,oddworld-strangers-wrath-hd,1/23/2020,T,72,Action Adventure
1300462304,Mosaic,mosaic,1/23/2020,T,63,Adventure
1300195113,SpeedRunners,speedrunners,1/23/2020,E10+,71,2D Platformer
1300004545,Shinobi (1987),shinobi-1987,1/23/2020,E10+,78,2D Platformer
1300501328,198X,198x,1/23/2020,T,65,Party
1300350329,"Warhammer 40,000: Space Wolf",warhammer-40000-space-wolf,1/23/2020,M,55,Turn-Based Tactics
1300016953,Fantasy Zone,fantasy-zone,1/23/2020,E,84,Horizontal Shoot-'Em-Up
1300511865,Super Tennis,super-tennis,1/27/2020,E,35,Tennis
1300172157,Actual Sunlight,actual-sunlight,1/28/2020,M,60,Adventure
1300491171,Thronebreaker: The Witcher Tales,thronebreaker-the-witcher-tales,1/28/2020,T,84,Card Battle
1300473514,Kentucky Route Zero: TV Edition,kentucky-route-zero-tv-edition,1/28/2020,T,87,Adventure
1300489331,Coffee Talk,coffee-talk,1/29/2020,M,74,Visual Novel
1300511379,Code Shifter,code-shifter,1/29/2020,E,55,2D Platformer
1300489186,Arc of Alchemist,arc-of-alchemist,1/30/2020,E10+,36,Action RPG
1300494101,Skellboy,skellboy,1/30/2020,E,59,Action RPG
1300504789,Bookbound Brigade,bookbound-brigade,1/30/2020,E,62,Metroidvania
1300510363,Prison Princess,prison-princess,1/30/2020,T,73,Visual Novel
1300491647,Speaking Simulator,speaking-simulator,1/30/2020,T,68,Virtual Life
1300453656,Aviary Attorney,aviary-attorney,1/30/2020,T,81,Visual Novel
1300496319,Eclipse: Edge of Light,eclipse-edge-of-light,1/30/2020,T,63,First-Person Adventure
1300487131,Sisters Royale: Five Sisters Under Fire,sisters-royale-five-sisters-under-fire,1/30/2020,E10+,59,Vertical Shoot-'Em-Up
1300504429,Not Tonight: Take Back Control Edition,not-tonight-take-back-control-edition,1/31/2020,T,78,Virtual Career
1300468889,HYPERCHARGE: Unboxed,hypercharge-unboxed,1/31/2020,E10+,74,FPS
1300512156,Bridge Constructor Ultimate Edition,bridge-constructor-ultimate-edition,1/31/2020,E,72,Virtual Career
1300510108,Willy Jetman: Astromonkey's Revenge,willy-jetman-astromonkeys-revenge,1/31/2020,E,75,Open-World Action
1300507930,Monster Energy Supercross - The Official Videogame 3,monster-energy-supercross-the-official-videogame-3,2/4/2020,E,67,Auto Racing
1300510439,Wide Ocean Big Jacket,wide-ocean-big-jacket,2/4/2020,T,79,Third-Person Adventure
1300502067,The Dark Crystal: Age of Resistance Tactics,the-dark-crystal-age-of-resistance-tactics,2/4/2020,E10+,59,Turn-Based Tactics
1300497380,7th Sector,7th-sector,2/5/2020,T,70,Linear Action Adventure
1300495752,KUNAI,kunai,2/6/2020,E10+,73,2D Platformer
1300261695,Code:Realize - Guardian of Rebirth,coderealize-guardian-of-rebirth,2/6/2020,T,83,Visual Novel
1300454900,Knights and Bikes,knights-and-bikes,2/6/2020,E10+,83,Action Adventure
1300509315,SEN: Seven Eight Nine,sen-seven-eight-nine,2/6/2020,E,65,Logic Puzzle
1300455658,The Turing Test,the-turing-test,2/7/2020,T,77,FPS
1300223350,Crash Drive 2,crash-drive-2,2/7/2020,E,58,Auto Racing
1300496242,EQQO,eqqo,2/7/2020,E,67,Point-and-Click
1300453250,Marooners,marooners,2/7/2020,E,50,Party
1300508911,AO Tennis 2,ao-tennis-2,2/11/2020,E,64,Tennis
1300512766,Tilt Pack,tilt-pack,2/11/2020,E,61,Party
1300477489,Florence,florence,2/13/2020,T,90,Visual Novel
1300511710,Fire Emblem: Three Houses - Side Story: Cindered Shadows,fire-emblem-three-houses-side-story-cindered,2/13/2020,T,75,Turn-Based Tactics
1300506002,Warriors Orochi 4 Ultimate,warriors-orochi-4-ultimate,2/14/2020,T,70,3D Beat-'Em-Up
1300501825,Darksiders Genesis,darksiders-genesis,2/14/2020,T,74,Action RPG
1300419517,Snack World: The Dungeon Crawl Gold,snack-world-the-dungeon-crawl-gold,2/14/2020,T,68,Action RPG
1300505392,Psikyo Shooting Stars Bravo,psikyo-shooting-stars-bravo,2/18/2020,T,67,Compilation
1300505884,3000th Duel,3000th-duel,2/19/2020,E10+,71,2D Platformer
1300008851,Puyo Puyo Tsuu,puyo-puyo-tsuu,2/20/2020,E,79,Matching Puzzle
1300505030,Under Night In-Birth Exe:Late[cl-r],under-night-in-birth-exelatecl-r,2/20/2020,T,82,2D Fighting
1300509441,Katana Kami: A Way of the Samurai Story,katana-kami-a-way-of-the-samurai-story,2/20/2020,M,70,Action RPG
1300512599,Double Dragon & Kunio-kun Retro Brawler Bundle,double-dragon-and-kunio-kun-retro-brawler-bundle,2/20/2020,E10+,78,Compilation
1300025567,Devil May Cry 3: Special Edition,devil-may-cry-3-special-edition,2/20/2020,M,82,Linear Action Adventure
1300005520,Sonic the Hedgehog 2,sonic-the-hedgehog-2,2/20/2020,E,83,2D Platformer
1300469864,Brief Battles,brief-battles,2/21/2020,E10+,63,Party
1300509542,Tower of Babel - no mercy,tower-of-babel-no-mercy,2/21/2020,E,70,Action Puzzle
1300512992,Ego Protocol: Remastered,ego-protocol-remastered,2/21/2020,E,46,Action Puzzle
1300478098,Ciel Fledge: A Daughter Raising Simulator,ciel-fledge-a-daughter-raising-simulator,2/21/2020,E10+,48,Tycoon
1300480360,Last Encounter,last-encounter,2/21/2020,E10+,52,Top-Down Shoot-'Em-Up
1300480550,Two Point Hospital,two-point-hospital,2/25/2020,E10+,85,Tycoon
1300110933,Rune Factory 4,rune-factory-4,2/25/2020,T,81,Action RPG
1300490724,Samurai Shodown,samurai-shodown,2/25/2020,M,75,2D Fighting
1300505950,Mega Man Zero / ZX Legacy Collection,mega-man-zero-zx-legacy-collection,2/25/2020,T,83,Compilation
1300504315,Hayfever,hayfever,2/25/2020,E,76,2D Platformer
1300483149,One Finger Death Punch 2,one-finger-death-punch-2,2/26/2020,T,83,2D Fighting
1300512430,Soul Axiom Rebooted,soul-axiom-rebooted,2/27/2020,T,67,Action Adventure
1300468059,Underhero,underhero,2/27/2020,T,86,2D Platformer
1300185162,Kingdom Rush Frontiers,kingdom-rush-frontiers,2/27/2020,E10+,73,Defense
1300507129,Voxelgram,voxelgram,2/27/2020,E,70,Logic Puzzle
1300223104,MouseCraft,mousecraft,2/27/2020,E,77,Action Puzzle
1300449305,Hero Must Die. Again,hero-must-die-again,2/27/2020,T,75,JRPG
1300483717,Ganbare! Super Strikers,ganbare-super-strikers,2/28/2020,E,53,Soccer
1300502027,realMyst: Masterpiece Edition,realmyst-masterpiece-edition,2/28/2020,E,79,First-Person Adventure
1300489265,Bloodroots,bloodroots,2/28/2020,T,75,3D Beat-'Em-Up
1300501355,Depixtion,depixtion,2/28/2020,E,78,Logic Puzzle
1300261438,Metro Redux,metro-redux,2/28/2020,M,80,Compilation
1300282579,Metro: 2033 Redux,metro-2033-redux,2/28/2020,M,86,FPS
1300282578,Metro: Last Light Redux,metro-last-light-redux,2/28/2020,M,86,FPS
1300513609,Syrup and the Ultimate Sweet,syrup-and-the-ultimate-sweet,3/4/2020,T,64,Visual Novel
1300176735,Ibb & Obb,ibb-and-obb,3/5/2020,E,78,Action Puzzle
1300507577,Murder by Numbers,murder-by-numbers,3/5/2020,T,78,Visual Novel
1300509456,Wunderling,wunderling,3/5/2020,E,81,2D Platformer
1300483532,Afterparty,afterparty,3/6/2020,M,74,Adventure
1300496252,Save Koch,save-koch,3/6/2020,T,63,Real-Time Strategy
1300511377,Pokemon Mystery Dungeon: Rescue Team DX,pokemon-mystery-dungeon-rescue-team-dx,3/6/2020,E,69,Roguelike
1300197553,Talisman: Digital Edition,talisman-digital-edition,3/9/2020,E10+,63,Board
1300010391,Langrisser I & II,langrisser-i-and-ii,3/10/2020,T,76,Compilation
1300511897,Hidden Through Time,hidden-through-time,3/12/2020,E,79,Hidden Object
1300510004,Neon City Riders,neon-city-riders,3/12/2020,E10+,61,2D Beat-'Em-Up
1300498505,Half Past Fate,half-past-fate,3/12/2020,E,69,Adventure
1300486410,Brotherhood United,brotherhood-united,3/12/2020,M,49,2D Platformer
1300506656,inbento,inbento,3/12/2020,E,76,Stacking Puzzle
1300483029,Alder's Blood,alders-blood,3/13/2020,T,74,Turn-Based Tactics
1300507098,My Hero One's Justice 2,my-hero-ones-justice-2,3/13/2020,T,65,3D Fighting
1300507606,Syder Reloaded,syder-reloaded,3/13/2020,E10+,75,Top-Down Shoot-'Em-Up
1300484673,Roundguard,roundguard,3/13/2020,E10+,79,Action Puzzle
1300498257,Stela,stela,3/13/2020,E10+,63,2D Platformer
1300488350,Dead or School,dead-or-school,3/13/2020,M,65,Action RPG
1300483221,Narcos: Rise of the Cartels,narcos-rise-of-the-cartels,3/17/2020,M,41,Turn-Based Tactics
1300506073,La-Mulana 1 & 2: Hidden Treasures Edition,la-mulana-1-and-2-hidden-treasures-edition,3/17/2020,T,80,Compilation
1300500226,OVERPASS,overpass,3/17/2020,E,54,Auto Racing Sim
1300496736,Sky Racket,sky-racket,3/17/2020,E10+,72,Horizontal Shoot-'Em-Up
1300042209,La-Mulana,la-mulana,3/17/2020,T,78,Metroidvania
1300509443,R.B.I. Baseball 20,rbi-baseball-20,3/17/2020,E,55,Baseball
1300506517,Exit the Gungeon,exit-the-gungeon,3/17/2020,E10+,68,2D Platformer
1300456852,La-Mulana 2,la-mulana-2,3/17/2020,T,82,Metroidvania
1300502060,Dezatopia,dezatopia,3/19/2020,E10+,71,Horizontal Shoot-'Em-Up
1300000829,DOOM 64,doom-64,3/20/2020,M,76,FPS
1300491012,Animal Crossing: New Horizons,animal-crossing-new-horizons,3/20/2020,E,90,Virtual Life
1300487085,Bug Academy,bug-academy,3/23/2020,E,82,Action
1300480583,Dogurai,dogurai,3/24/2020,E10+,71,2D Platformer
1300472199,Deep Sky Derelicts,deep-sky-derelicts,3/24/2020,T,78,JRPG
1300494391,Panzer Dragoon,panzer-dragoon,3/26/2020,T,63,Rail Shooter
1300514576,Good Job!,good-job,3/26/2020,E,78,Action Puzzle
1300506475,Shinsekai: Into the Depths,shinsekai-into-the-depths,3/26/2020,E10+,78,2D Platformer
1300513170,Ara Fell: Enhanced Edition,ara-fell-enhanced-edition,3/26/2020,T,69,JRPG
1300503952,One Piece: Pirate Warriors 4,one-piece-pirate-warriors-4,3/27/2020,T,69,3D Beat-'Em-Up
1300497303,Gigantosaurus: The Game,gigantosaurus-the-game,3/27/2020,E,60,Action Adventure
1300316942,Saints Row IV: Re-Elected,saints-row-iv-re-elected,3/27/2020,M,71,Open-World Action
1300490009,Duck Souls,duck-souls,3/27/2020,E10+,76,2D Platformer
1300501321,The Complex,the-complex,3/31/2020,M,65,Adventure
1300505459,Bubble Bobble 4 Friends,bubble-bobble-4-friends,3/31/2020,E,68,Action Puzzle
1300176732,Treachery in Beatdown City,treachery-in-beatdown-city,3/31/2020,T,68,2D Beat-'Em-Up
1300494370,Operencia: The Stolen Sun,operencia-the-stolen-sun,3/31/2020,T,81,Action RPG
1300386921,Zombie Army Trilogy,zombie-army-trilogy,3/31/2020,M,70,Third Person Shooter
1300513073,Cooking Mama: Cookstar,cooking-mama-cookstar,3/31/2020,E,46,Virtual Career
1300520827,Ty the Tasmanian Tiger HD,ty-the-tasmanian-tiger-hd,3/31/2020,E10+,70,3D Platformer
1300495785,Totally Reliable Delivery Service,totally-reliable-delivery-service,4/1/2020,E,42,Open-World Action
1300463246,Cat Girl Without Salad: Amuse-Bouche,cat-girl-without-salad-amuse-bouche,4/1/2020,E10+,63,Horizontal Shoot-'Em-Up
1300427440,Curious Expedition,curious-expedition,4/2/2020,T,68,Adventure
1300485342,HyperParasite,hyperparasite,4/3/2020,M,71,Top-Down Shoot-'Em-Up
1300488840,In Other Waters,in-other-waters,4/3/2020,T,78,Adventure
1300083676,Disaster Report 4: Summer Memories,disaster-report-4-summer-memories,4/7/2020,T,59,Survival
1300491987,Grimvalor,grimvalor,4/7/2020,T,76,Action Adventure
1300514609,Gunbrick: Reloaded,gunbrick-reloaded,4/9/2020,E,74,Action Puzzle
1300451437,Tharsis,tharsis,4/11/2020,T,58,Board
1300491013,Billion Road,billion-road,4/16/2020,E,70,Board
1300514586,Galaxy Warfighter,galaxy-warfighter,4/16/2020,E,55,Horizontal Shoot-'Em-Up
1300513230,Piczle Cross Adventure,piczle-cross-adventure,4/16/2020,E10+,78,Adventure
1300504859,Make War,make-war,4/16/2020,T,46,Turn-Based Strategy
1300487515,A Fold Apart,a-fold-apart,4/17/2020,E,70,Adventure
1300482337,ITTA,itta,4/22/2020,T,77,Top-Down Shoot-'Em-Up
1300491277,Yumeutsutsu Re:Master,yumeutsutsu-remaster,4/23/2020,M,75,Visual Novel
1300501676,Broken Lines,broken-lines,4/23/2020,M,68,Turn-Based Tactics
1300515405,Picross S 4,picross-s-4,4/23/2020,E,77,Logic Puzzle
1300489123,Sunless Sea: Zubmariner Edition,sunless-sea-zubmariner-edition,4/23/2020,M,73,Action Adventure
1300502068,Trials of Mana,trials-of-mana,4/24/2020,T,74,Action RPG
1300480320,Naruto Shippuden: Ultimate Ninja Storm 4 - Road to Boruto,naruto-shippuden-ultimate-ninja-storm-4-road-to-2017,4/24/2020,T,79,3D Fighting
1300494369,Moving Out,moving-out,4/28/2020,E,77,Virtual Career
1300498905,Telling Lies,telling-lies,4/28/2020,M,80,Visual Novel
1300452771,Indivisible,indivisible,4/28/2020,T,79,Action RPG
1300506843,Dread Nautical,dread-nautical,4/29/2020,E10+,71,Roguelike
1300001038,SNK Gals Fighters,snk-gals-fighters,4/29/2020,E,73,2D Fighting
1300491056,Ministry of Broadcast,ministry-of-broadcast,4/30/2020,M,75,2D Platformer
1300490127,Streets of Rage 4,streets-of-rage-4,4/30/2020,T,87,2D Beat-'Em-Up
1300016354,G-LOC Air Battle,g-loc-air-battle,4/30/2020,E10+,74,Aircraft Combat Sim
1300489329,Arcade Spirits,arcade-spirits,5/1/2020,T,75,Visual Novel
1300506949,Fledgling Heroes,fledgling-heroes,5/7/2020,E,68,2D Platformer
1300493274,Void Bastards,void-bastards,5/7/2020,M,78,FPS
1300506055,Jay and Silent Bob: Mall Brawl,jay-and-silent-bob-mall-brawl,5/7/2020,T,73,2D Beat-'Em-Up
1300511357,Slayin 2,slayin-2,5/7/2020,T,68,Action RPG
1300489595,Spirit of the North,spirit-of-the-north,5/7/2020,E,59,Third-Person Adventure
1300514741,PONG Quest,pong-quest,5/7/2020,E,47,Arcade
1300515788,Monochrome World,monochrome-world,5/7/2020,E,69,Action Puzzle
1300456371,80's Overdrive,80s-overdrive,5/7/2020,E,67,Auto Racing
1300474237,Lonely Mountains: Downhill,lonely-mountains-downhill,5/7/2020,E10+,84,Biking
1300457766,Fury Unleashed,fury-unleashed,5/8/2020,T,76,2D Platformer
1300510280,SuperMash,supermash,5/8/2020,E10+,49,Party
1300494905,Jet Lancer,jet-lancer,5/12/2020,T,81,Vertical Shoot-'Em-Up
1300465909,Huntdown,huntdown,5/12/2020,T,86,2D Platformer
1300514043,Super Mega Baseball 3,super-mega-baseball-3,5/13/2020,E,87,Baseball
1300482577,Ion Fury,ion-fury,5/14/2020,M,77,FPS
1300502021,TT Isle of Man: Ride On The Edge 2,tt-isle-of-man-ride-on-the-edge-2,5/14/2020,E,63,Auto Racing
1300510870,SHMUP Collection,shmup-collection,5/14/2020,E10+,77,Compilation
1300107661,Oddworld: Munch's Oddysee HD,oddworld-munch-s-oddysee-hd,5/14/2020,T,58,Action Adventure
1300486988,The Elder Scrolls: Blades,the-elder-scrolls-blades,5/14/2020,T,42,Western RPG
1300256932,Star Horizon,star-horizon,5/14/2020,T,52,Rail Shooter
1300503853,Hatsune Miku: Project Diva MegaMix,hatsune-miku-project-diva-megamix,5/15/2020,T,79,Rhythm
1300223466,Dungeon of the Endless,dungeon-of-the-endless,5/15/2020,T,75,Real-Time Strategy
1300493240,The Eternal Castle Remastered,the-eternal-castle-remastered,5/15/2020,E10+,73,Adventure
1300454108,Golf With Your Friends,golf-with-your-friends,5/19/2020,E10+,71,Golf
1300512510,The Wonderful 101: Remastered,the-wonderful-101-remastered,5/19/2020,T,72,2D Platformer
1300507482,Cannibal Cuisine,cannibal-cuisine,5/20/2020,T,60,Party
1300505568,Red Wings: Aces of the Sky,red-wings-aces-of-the-sky,5/21/2020,E10+,68,Aircraft Combat Sim
1300482020,WHAT THE GOLF?,what-the-golf,5/21/2020,E10+,84,Golf
1300506161,Arrest of a stone Buddha,arrest-of-a-stone-buddha,5/21/2020,T,64,Horizontal Shoot-'Em-Up
1300497534,Five Nights at Freddy's: Help Wanted,five-nights-at-freddys-help-wanted,5/21/2020,T,53,Survival
1300515968,Monster Prom: XXL,monster-prom-xxl,5/21/2020,M,73,Adventure
1300494284,Journey to the Savage Planet,journey-to-the-savage-planet,5/21/2020,T,78,Open-World Action
1300491646,Minecraft Dungeons,minecraft-dungeons,5/26/2020,E10+,72,Action RPG
1300513691,Missile Command: Recharged,missile-command-recharged,5/27/2020,E,68,Vertical Shoot-'Em-Up
1300501569,Bug Fables: The Everlasting Sapling,bug-fables-the-everlasting-sapling,5/28/2020,E,85,Action RPG
1300498679,Shantae and the Seven Sirens,shantae-and-the-seven-sirens,5/28/2020,T,79,Metroidvania
1300017829,Thunder Spirits,thunder-spirits,5/28/2020,E,80,Horizontal Shoot-'Em-Up
1300486977,Atomicrops,atomicrops,5/28/2020,T,67,Top-Down Shoot-'Em-Up
1300500902,Fly Punch Boom!,fly-punch-boom,5/28/2020,E10+,64,Party
1300505686,Resolutiion,resolutiion,5/28/2020,T,74,Linear Action Adventure
1300506300,Xenoblade Chronicles: Definitive Edition,xenoblade-chronicles-definitive-edition,5/29/2020,T,89,Action RPG
1300458265,BioShock: The Collection,bioshock-the-collection,5/29/2020,M,84,Compilation
1300489509,XCOM 2 Collection,xcom-2-collection,5/29/2020,T,77,Turn-Based Tactics
1300514575,Borderlands Legendary Collection,borderlands-legendary-collection,5/29/2020,M,82,Compilation
1300470280,Do Not Feed the Monkeys,do-not-feed-the-monkeys,6/1/2020,E,77,Simulation
1300472172,Skelattack,skelattack,6/2/2020,E10+,60,2D Platformer
1300498886,Liberated,liberated,6/2/2020,M,59,Linear Action Adventure
1300454785,The TakeOver,the-takeover,6/4/2020,T,73,2D Beat-'Em-Up
1300503363,OUTBUDDIES,outbuddies,6/5/2020,T,70,2D Platformer
1300494293,The Outer Worlds,the-outer-worlds,6/5/2020,M,66,Western RPG
1300514578,Clubhouse Games: 51 Worldwide Classics,clubhouse-games-51-worldwide-classics,6/5/2020,E,82,Party
1300513511,Rigid Force Redux,rigid-force-redux,6/5/2020,E10+,71,Horizontal Shoot-'Em-Up
1300498616,Potata,potata,6/6/2020,E,66,2D Platformer
1300499266,Jump King,jump-king,6/9/2020,E,74,2D Platformer
1300502755,Evan's Remains,evans-remains,6/11/2020,E10+,69,2D Platformer
1300492510,Project Warlock,project-warlock,6/11/2020,,71,FPS
1300481600,Ancestors Legacy,ancestors-legacy,6/11/2020,M,70,Command RTS
1300491231,Summer in Mara,summer-in-mara,6/16/2020,E10+,59,Adventure
1300495763,Colt Canyon,colt-canyon,6/16/2020,T,72,Top-Down Shoot-'Em-Up
1300510360,Darius Cozmic Collection: Console,darius-cozmic-collection-console,6/16/2020,,66,Compilation
1300510358,Darius Cozmic Collection: Arcade,darius-cozmic-collection-arcade,6/16/2020,E,76,Compilation
1300489529,Edna & Harvey: The Breakout - 10th Anniversary Edition,edna-and-harvey-the-breakout-10th-anniversary,6/17/2020,,68,Point-and-Click
1300511375,Pokemon Sword / Shield: The Isle of Armor,pokemon-sword-shield-the-isle-of-armor,6/17/2020,E,69,Trainer RPG
1300518360,Namco Museum Archives Vol. 2,namco-museum-archives-vol-2,6/18/2020,E10+,67,Compilation
1300456632,Ruiner,ruiner,6/18/2020,M,82,Third Person Shooter
1300518359,Namco Museum Archives Vol. 1,namco-museum-archives-vol-1,6/18/2020,E10+,70,Compilation
1300465367,Railway Empire,railway-empire,6/19/2020,E,74,Tycoon
1300482077,Burnout Paradise Remastered,burnout-paradise-remastered,6/19/2020,E10+,78,Auto Racing
1300492712,The Coma 2: Vicious Sisters,the-coma-2-vicious-sisters,6/19/2020,T,74,Survival
1300494383,Ultracore (2020),ultracore-2020,6/23/2020,T,65,2D Platformer
1300501757,SpongeBob SquarePants: Battle for Bikini Bottom - Rehydrated,spongebob-squarepants-battle-for-bikini-bottom-2,6/23/2020,E10+,66,3D Platformer
1300518814,Pokemon Cafe Mix,pokemon-cafe-mix,6/23/2020,E,64,Matching Puzzle
1300487045,Ninjala,ninjala,6/24/2020,E10+,68,Action
1300487028,Night Call,night-call,6/24/2020,M,66,Adventure
1300510235,Death Come True,death-come-true,6/24/2020,T,75,Adventure
1300451112,Collar x Malice,collar-x-malice,6/25/2020,M,77,Visual Novel
1300506301,Brigandine: The Legend of Runersia,brigandine-the-legend-of-runersia,6/25/2020,T,76,Turn-Based Tactics
1300504972,The Almost Gone,the-almost-gone,6/25/2020,,73,Adventure
1300501968,Blair Witch,blair-witch,6/25/2020,M,59,Survival
1300516959,Urban Trial Tricky,urban-trial-tricky,6/25/2020,E,64,Biking
1300004917,Mr. Driller: Drill Land,mr-driller-drill-land,6/25/2020,E,80,Action Puzzle
1300507343,"Yes, Your Grace",yes-your-grace,6/26/2020,T,74,Tycoon
1300516193,Urban Flow,urban-flow,6/26/2020,E,80,Action Puzzle
1300464529,The Legend of Heroes: Trails of Cold Steel III,the-legend-of-heroes-trails-of-cold-steel-iii,6/30/2020,T,84,JRPG
1300510306,Infliction: Extended Cut,infliction-extended-cut,7/2/2020,M,69,Survival
1300504975,Biped,biped,7/2/2020,E,72,3D Platformer
1300517467,Keen: One Girl Army,keen-one-girl-army,7/2/2020,,76,Action Puzzle
1300506848,Infini,infini,7/3/2020,T,61,Adventure
1300498887,Superliminal,superliminal,7/7/2020,E,77,First-Person Adventure
1300479840,Catherine: Full Body,catherine-full-body,7/7/2020,M,80,Survival
1300484323,Demon's Rise - War for the Deep,demons-rise-war-for-the-deep,7/9/2020,,53,Turn-Based Tactics
1300483358,Elden: Path of the Forgotten,elden-path-of-the-forgotten,7/9/2020,T,64,Action Adventure
1300432536,CrossCode,crosscode,7/9/2020,T,82,Action RPG
1300519129,Bloodstained: Curse of the Moon 2,bloodstained-curse-of-the-moon-2,7/10/2020,T,82,2D Platformer
1300506296,Deadly Premonition 2: A Blessing in Disguise,deadly-premonition-2-a-blessing-in-disguise,7/10/2020,M,56,Survival
1300511578,Creepy Tale,creepy-tale,7/10/2020,T,54,Adventure
1300503890,Story of Seasons: Friends of Mineral Town,story-of-seasons-friends-of-mineral-town,7/14/2020,E10+,77,Tycoon
1300498568,Neon Abyss,neon-abyss,7/14/2020,T,79,2D Platformer
1300507069,void tRrLM(); //Void Terrarium,void-trrlm-void-terrarium,7/14/2020,T,74,Roguelike
1300505292,REZ PLZ,rez-plz,7/15/2020,T,64,2D Platformer
1300489205,Never Breakup,never-breakup,7/16/2020,E,52,Action Puzzle
1300511033,Waifu Uncovered,waifu-uncovered,7/16/2020,M,58,Vertical Shoot-'Em-Up
1300477400,Neversong,neversong,7/16/2020,E10+,78,Action Adventure
1300498392,Radical Rabbit Stew,radical-rabbit-stew,7/16/2020,E,77,Arcade
1300482115,"Warhammer 40,000: Mechanicus",warhammer-40000-mechanicus,7/17/2020,T,72,Turn-Based Tactics
1300516960,Paper Mario: The Origami King,paper-mario-the-origami-king,7/17/2020,E,80,RPG
1300505519,Rock of Ages 3: Make & Break,rock-of-ages-3-make-and-break,7/21/2020,T,64,Defense
1300513482,Panzer Paladin,panzer-paladin,7/21/2020,E10+,77,2D Platformer
1300519202,GERRRMS,gerrrms,7/23/2020,E,55,Party
1300503816,Aeolis Tournament,aeolis-tournament,7/23/2020,E,66,Party
1300515499,Crysis Remastered,crysis-remastered,7/23/2020,M,66,FPS
1300483400,Carrion,carrion,7/23/2020,M,76,Metroidvania
1300310235,Dex,dex,7/24/2020,M,72,Action RPG
1300494045,Mittelborg: City of Mages,mittelborg-city-of-mages,7/24/2020,,34,Strategy
1300497903,Cubicity: Slide puzzle,cubicity-slide-puzzle,7/25/2020,,60,Action Puzzle
1300499065,Samurai Shodown NeoGeo Collection,samurai-shodown-neogeo-collection,7/28/2020,T,76,Compilation
1300513307,Ageless,ageless,7/28/2020,E,68,2D Platformer
1300290583,Megadimension Neptunia VII,megadimension-neptunia-vii,7/28/2020,T,70,JRPG
1300520477,Heroes of Hammerwatch - Ultimate Edition,heroes-of-hammerwatch-ultimate-edition,7/29/2020,T,85,Action RPG
1300518601,Buried Stars,buried-stars,7/30/2020,T,83,Visual Novel
1300470146,Nowhere Prophet,nowhere-prophet,7/30/2020,T,81,Card Battle
1300493434,Hotel Sowls,hotel-sowls,7/30/2020,M,67,Point-and-Click
1300505961,Sentinels of Freedom,sentinels-of-freedom,7/30/2020,,60,Turn-Based Tactics
1300506310,Fairy Tail,fairy-tail,7/31/2020,T,69,RPG
1300520915,Tiny Racer,tiny-racer,7/31/2020,E,29,Auto Racing
1300506844,Dodo Peak,dodo-peak,7/31/2020,E,56,2D Platformer
1300495863,SPITLINGS,spitlings,8/4/2020,,65,Arcade
1300516883,Skully,skully,8/4/2020,E,61,3D Platformer
1300512313,Ultra Foodmess,ultra-foodmess,8/5/2020,E10+,61,Party
1300499128,Drink More Glurp,drink-more-glurp,8/6/2020,,58,Party
1300505719,Cruel Bands Career,cruel-bands-career,8/6/2020,,58,Defense
1300488252,Swimsanity!,swimsanity,8/6/2020,E10+,65,2D Platformer
1300451719,Samurai Shodown! 2: Pocket Fighting Series,samurai-shodown-2-pocket-fighting-series,8/7/2020,E,65,2D Fighting
1300001257,King of Fighters R-2,king-of-fighters-r-2,8/7/2020,E10+,71,2D Fighting
1300469268,Is It Wrong to Try to Pick Up Girls in a Dungeon? Familia Myth Infinite Combate,is-it-wrong-to-try-to-pick-up-girls-in-a-dungeon,8/11/2020,T,60,Roguelike
1300484770,Banner of the Maid,banner-of-the-maid,8/12/2020,T,70,Turn-Based Tactics
1300497898,Metamorphosis (2020),metamorphosis-2020,8/12/2020,T,52,First-Person Adventure
1300502076,Volta-X,volta-x,8/12/2020,E10+,76,Real-Time Strategy
1300485841,Collar x Malice - Unlimited -,collar-x-malice-unlimited-,8/13/2020,M,65,Visual Novel
1300500466,Bite the Bullet,bite-the-bullet,8/13/2020,T,61,2D Platformer
1300492633,Boomerang Fu,boomerang-fu,8/13/2020,E10+,78,Party
1300473956,Darkestville Castle,darkestville-castle,8/13/2020,T,70,Point-and-Click
1300465529,Double Kick Heroes,double-kick-heroes,8/13/2020,M,74,Rhythm
1300455338,Faeria,faeria,8/13/2020,,80,Card Battle
1300501969,Spiritfarer,spiritfarer,8/18/2020,T,84,Sandbox
1300512257,Helheim Hassle,helheim-hassle,8/18/2020,,75,Adventure
1300489904,Evergate,evergate,8/18/2020,T,70,2D Platformer
1300498909,A Short Hike,a-short-hike,8/18/2020,E,88,Adventure
1300508924,Takeshi & Hiroshi,takeshi-and-hiroshi,8/18/2020,E10+,67,RPG
1300476964,Raji: An Ancient Epic,raji-an-ancient-epic,8/18/2020,T,69,Action Adventure
1300398912,Manifold Garden,manifold-garden,8/18/2020,E,75,Action Adventure
1300521457,Phoenotopia: Awakening,phoenotopia-awakening,8/20/2020,E10+,72,Action Adventure
1300510279,Gleamlight,gleamlight,8/20/2020,,42,2D Platformer
1300515740,Peaky Blinders: Mastermind,peaky-blinders-mastermind,8/20/2020,M,66,Action Puzzle
1300520377,One Line Coloring,one-line-coloring,8/21/2020,E,74,Puzzle
1300495838,Inmost,inmost,8/21/2020,T,78,2D Platformer
1300502906,Aokana - Four Rhythms Across the Blue,aokana-four-rhythms-across-the-blue,8/21/2020,M,78,Visual Novel
1300513449,Samurai Jack: Battle Through Time,samurai-jack-battle-through-time,8/21/2020,T,70,Action Adventure
1300516492,PGA Tour 2K21,pga-tour-2k21,8/21/2020,E,72,Golf Sim
1300496391,No Straight Roads,no-straight-roads,8/25/2020,E10+,71,Open-World Action
1300485586,Giraffe and Annika,giraffe-and-annika,8/25/2020,E,62,Third-Person Adventure
1300255522,World of Tanks Blitz,world-of-tanks-blitz,8/26/2020,,68,Third Person Shooter
1300497645,Struggling,struggling,8/27/2020,T,59,2D Platformer
1300505184,Witcheye,witcheye,8/27/2020,,70,2D Platformer
1300484855,Hypnospace Outlaw,hypnospace-outlaw,8/27/2020,T,84,Point-and-Click
1300010438,moon: Remix RPG Adventure,moon-remix-rpg-adventure,8/27/2020,E10+,77,RPG
1300494294,The Last Campfire,the-last-campfire,8/27/2020,E,83,Action Puzzle
1300505567,Best Friend Forever,best-friend-forever,8/27/2020,T,60,Visual Novel
1300490722,Final Fantasy Crystal Chronicles: Remastered Edition,final-fantasy-crystal-chronicles-remastered,8/27/2020,T,60,Action RPG
1300501874,Immortal Realms: Vampire Wars,immortal-realms-vampire-wars,8/28/2020,M,68,Strategy
1300511552,Nexomon: Extinction,nexomon-extinction,8/28/2020,E10+,71,Trainer RPG
1300511890,Captain Tsubasa: Rise of New Champions,captain-tsubasa-rise-of-new-champions,8/28/2020,E10+,71,Soccer
1300514883,Windbound,windbound,8/28/2020,,63,Survival
1300515495,Jump Force: Deluxe Edition,jump-force-deluxe-edition,8/28/2020,T,50,3D Fighting
1300496019,Road to Guangdong,road-to-guangdong,8/28/2020,E,62,Vehicle Sim
1300474934,MX vs. ATV All Out,mx-vs-atv-all-out,9/1/2020,E10+,55,Auto Racing Sim
1300489875,Ary and the Secret of Seasons,ary-and-the-secret-of-seasons,9/1/2020,E10+,58,Action Adventure
1300510255,Spellbreak,spellbreak,9/3/2020,T,71,Third Person Shooter
1300481959,Spinch,spinch,9/3/2020,E,69,2D Platformer
1300513105,Connection Haunted,connection-haunted,9/3/2020,E10+,38,FPS
1300491422,Here Be Dragons,here-be-dragons,9/3/2020,,68,Turn-Based Tactics
1300510556,Paradise Killer,paradise-killer,9/4/2020,M,81,Visual Novel
1300518244,ATOM RPG,atom-rpg,9/4/2020,M,65,Western RPG
1300518505,NBA 2K21,nba-2k21,9/4/2020,E,69,Basketball
1300499277,Lair of the Clockwork God,lair-of-the-clockwork-god,9/4/2020,M,80,Adventure
1300450810,RPG Maker MV,rpg-maker-mv,9/8/2020,E10+,59,Application
1300523147,AVICII Invector Encore Edition,avicii-invector-encore-edition,9/8/2020,T,78,Rhythm
1300520726,OkunoKA Madness,okunoka-madness,9/8/2020,E10+,82,2D Platformer
1300501634,MO:Astray,moastray,9/10/2020,T,81,2D Platformer
1300504004,Bake 'n Switch,bake-n-switch,9/10/2020,E,55,Party
1300489623,Bounty Battle,bounty-battle,9/10/2020,E10+,23,2D Fighting
1300513510,Hotshot Racing,hotshot-racing,9/10/2020,E,74,Auto Racing
1300410069,Adventures of Pip,adventures-of-pip,9/10/2020,E10+,71,2D Platformer
1300515143,Vampire: The Masquerade - Shadows of New York,vampire-the-masquerade-shadows-of-new-york,9/10/2020,M,65,Visual Novel
1300491214,Minoria,minoria,9/10/2020,T,70,Open-World Action
1300507708,Inertial Drift,inertial-drift,9/11/2020,E,79,Auto Racing
1300482830,Fight Crab,fight-crab,9/15/2020,T,70,3D Fighting
1300505828,Moero Crystal H,moero-crystal-h,9/17/2020,M,75,Action RPG
1300510473,Mini Motor Racing X,mini-motor-racing-x,9/17/2020,,68,Auto Racing
1300522859,Super Punch Patrol,super-punch-patrol,9/17/2020,,75,2D Beat-'Em-Up
1300196362,The Long Dark,the-long-dark,9/17/2020,T,76,Survival
1300494289,Hades,hades,9/17/2020,T,93,Action RPG
1300513472,Nevaeh,nevaeh,9/17/2020,E10+,67,2D Platformer
1300468536,Ori and the Will of the Wisps,ori-and-the-will-of-the-wisps,9/17/2020,E,93,Metroidvania
1300521403,Journey of the Broken Circle,journey-of-the-broken-circle,9/18/2020,E,76,Adventure
1300522977,Super Mario 3D All-Stars,super-mario-3d-all-stars,9/18/2020,E,82,Compilation
1300515967,WWE 2K Battlegrounds,wwe-2k-battlegrounds,9/18/2020,T,56,Wrestling
1300495989,Georifters,georifters,9/18/2020,E,61,2D Platformer
1300514880,Worm Jazz,worm-jazz,9/21/2020,E,73,Action Puzzle
1300490415,Rebel Galaxy Outlaw,rebel-galaxy-outlaw,9/22/2020,T,83,Open-World Action
1300524215,Kirby Fighters 2,kirby-fighters-2,9/23/2020,E,65,2D Fighting
1300497371,Unrailed!,unrailed,9/23/2020,,69,Strategy
1300465161,Lost Ember,lost-ember,9/24/2020,E10+,62,Open-World Action
1300523144,RollerCoaster Tycoon 3: Complete Edition,rollercoaster-tycoon-3-complete-edition,9/24/2020,E10+,72,Tycoon
1300507279,Going Under,going-under,9/24/2020,T,81,Action Adventure
1300511207,Embracelet,embracelet,9/24/2020,T,81,Third-Person Adventure
1300518750,Undead Darlings ~no cure for love~,undead-darlings-no-cure-for-love-2020,9/28/2020,T,68,Adventure
1300512115,Alwa's Legacy,alwas-legacy,9/29/2020,E,80,Metroidvania
1300487493,MindSeize,mindseize,9/29/2020,E10+,74,2D Platformer
1300501474,Orangeblood,orangeblood,10/1/2020,,57,JRPG
1300497822,Warsaw,warsaw,10/1/2020,T,69,Turn-Based Tactics
1300522976,Super Mario Bros. 35,super-mario-bros-35,10/1/2020,E,75,2D Platformer
1300028790,Ys Origin,ys-origin,10/1/2020,T,82,Action RPG
1300523296,Let's Sing Queen,lets-sing-queen,10/2/2020,T,70,Rhythm
1300451468,Agatha Christie: The ABC Murders,agatha-christie-the-abc-murders,10/6/2020,T,69,Third-Person Adventure
1300518490,Nickelodeon Kart Racers 2: Grand Prix,nickelodeon-kart-racers-2-grand-prix,10/6/2020,E,72,Auto Racing
1300518983,FIFA 21,fifa-21,10/6/2020,E,33,Soccer Sim
1300501028,Piofiore: Fated Memories,piofiore-fated-memories,10/8/2020,M,78,Visual Novel
1300505484,Filament,filament,10/8/2020,E,84,Adventure
1300514256,I Am Dead,i-am-dead,10/8/2020,E10+,79,Adventure
1300181147,Game Dev Tycoon,game-dev-tycoon,10/8/2020,,81,Tycoon
1300484968,Ikenfell,ikenfell,10/8/2020,T,73,JRPG
1300489799,Falcon Age,falcon-age,10/8/2020,E10+,65,Action Adventure
1300510282,The Survivalists,the-survivalists,10/9/2020,E10+,70,Survival
1300521754,G.I. Joe: Operation Blackout,gi-joe-operation-blackout,10/13/2020,T,57,Third Person Shooter
1300513783,Prinny 1-2: Exploded and Reloaded,prinny-1-2-exploded-and-reloaded,10/13/2020,T,69,Compilation
1300498576,Foregone,foregone,10/13/2020,,70,2D Platformer
1300496031,Vigil: The Longest Night,vigil-the-longest-night,10/14/2020,T,75,Metroidvania
1300505565,Roki,roki,10/15/2020,E10+,79,Adventure
1300500145,HARDCORE MECHA,hardcore-mecha,10/15/2020,T,77,2D Platformer
1300518668,Space Crew,space-crew,10/15/2020,,62,Space Combat Sim
1300519989,Shantae: Risky's Revenge - Director's Cut,shantae-riskys-revenge-directors-cut,10/15/2020,E10+,72,Metroidvania
1300501580,Batbarian: Testament of the Primordials,batbarian-testament-of-the-primordials,10/15/2020,E10+,74,Action Adventure
1300493145,Cloudpunk,cloudpunk,10/15/2020,M,54,Open-World Action
1300513276,The Jackbox Party Pack 7,the-jackbox-party-pack-7,10/15/2020,T,76,Party
1300506014,TERROR SQUID,terror-squid,10/15/2020,E,68,Top-Down Shoot-'Em-Up
1300483146,9 Monkeys of Shaolin,9-monkeys-of-shaolin,10/16/2020,T,69,3D Beat-'Em-Up
1300482513,Zoids Wild: Blast Unleashed,zoids-wild-blast-unleashed,10/16/2020,E10+,61,3D Fighting
1300522975,Mario Kart Live: Home Circuit,mario-kart-live-home-circuit,10/16/2020,E,75,Auto Racing
1300495518,Crown Trick,crown-trick,10/16/2020,,80,Roguelike
1300465129,HyperBrawl Tournament,hyperbrawl-tournament,10/20/2020,,65,Party
1300498153,ScourgeBringer,scourgebringer,10/21/2020,,80,2D Platformer
1300503893,Horace,horace,10/21/2020,T,82,Adventure
1300491294,Double Pug Switch,double-pug-switch,10/22/2020,E,66,2D Platformer
1300489425,Torchlight III,torchlight-iii,10/22/2020,,63,Action RPG
1300506061,If Found...,if-found,10/22/2020,T,80,Visual Novel
1300498322,The Red Lantern,the-red-lantern,10/22/2020,T,65,Survival
1300513404,Disc Room,disc-room,10/22/2020,T,81,Action Puzzle
1300511376,Pokemon Sword / Shield: The Crown Tundra,pokemon-sword-shield-the-crown-tundra,10/22/2020,,75,Trainer RPG
1300484970,LUNA The Shadow Dust,luna-the-shadow-dust,10/22/2020,E,71,Point-and-Click
1300518617,GONNER 2,gonner-2,10/22/2020,,75,2D Platformer
1300508680,Pumpkin Jack,pumpkin-jack,10/23/2020,E10+,73,3D Platformer
1300518481,Transformers: Battlegrounds,transformers-battlegrounds,10/23/2020,E10+,69,Turn-Based Tactics
1300510317,Carto,carto,10/27/2020,E,79,Adventure
1300522432,Cobra Kai: The Karate Kid Saga Continues,cobra-kai-the-karate-kid-saga-continues,10/27/2020,T,63,2D Beat-'Em-Up
1300156064,Oddworld: Abe's Oddysee - New 'n' Tasty,oddworld-abes-oddysee-new-n-tasty,10/27/2020,T,77,2D Platformer
1300451717,The Last Blade: Beyond the Destiny,the-last-blade-beyond-the-destiny,10/28/2020,E,68,2D Fighting
1300027036,No More Heroes,no-more-heroes,10/28/2020,M,82,3D Beat-'Em-Up
1300040823,No More Heroes 2: Desperate Struggle,no-more-heroes-2-desperate-struggle,10/28/2020,M,82,3D Beat-'Em-Up
1300459804,Oceanhorn 2: Knights of the Lost Realm,oceanhorn-2-knights-of-the-lost-realm,10/28/2020,T,71,Open-World Action
1300521874,Control: Ultimate Edition,control-ultimate-edition,10/28/2020,M,72,Action Adventure
1300482439,Part Time UFO,part-time-ufo,10/28/2020,E10+,78,Arcade
1300510597,Cthulhu Saves Christmas,cthulhu-saves-christmas,10/28/2020,T,83,JRPG
1300482853,Barbearian,barbearian,10/29/2020,E10+,81,Action RPG
1300511687,Touhou Spell Bubble,touhou-spell-bubble,10/29/2020,E,77,Matching Puzzle
1300525338,Crimzon Clover - World EXplosion,crimzon-clover-world-explosion,10/29/2020,E,85,Vertical Shoot-'Em-Up
1300512975,Wallachia: Reign of Dracula,wallachia-reign-of-dracula,10/29/2020,T,68,2D Platformer
1300493654,Clea,clea,10/30/2020,T,62,Adventure
1300518892,Mad Rat Dead,mad-rat-dead,10/30/2020,T,79,Rhythm
1300490462,Legends of Ethernal,legends-of-ethernal,10/30/2020,E10+,61,2D Platformer
1300495806,Angry Video Game Nerd I & II Deluxe,angry-video-game-nerd-i-and-ii-deluxe,10/30/2020,M,75,Compilation
1300506595,Umihara Kawase BaZooKa!,umihara-kawase-bazooka,10/30/2020,E10+,51,2D Platformer
1300521442,Pikmin 3 Deluxe,pikmin-3-deluxe,10/30/2020,E10+,85,Real-Time Strategy
1300522598,Jurassic World Evolution: Complete Edition,jurassic-world-evolution-complete-edition,11/3/2020,,75,Tycoon
1300520219,Bakugan: Champions of Vestroia,bakugan-champions-of-vestroia,11/3/2020,E10+,53,Action RPG
1300519550,Tennis World Tour 2,tennis-world-tour-2,11/3/2020,E,55,Tennis
1300501891,Chicken Police - Paint it RED!,chicken-police-paint-it-red,11/5/2020,M,83,Visual Novel
1300490716,Cafe Enchante,cafe-enchante,11/5/2020,T,79,Visual Novel
1300452455,Seven Knights -Time Wanderer-,seven-knights-time-wanderer-,11/5/2020,T,61,RPG
1300512907,YesterMorrow,yestermorrow,11/5/2020,,49,2D Platformer
1300478908,TENS!,tens,11/5/2020,E,76,Puzzle
1300468264,Tropico 6,tropico-6,11/6/2020,T,70,Management
1300470401,Descenders,descenders,11/6/2020,E,73,Biking
1300458317,Replica,replica,11/7/2020,T,53,Point-and-Click
1300513512,Fuser,fuser,11/9/2020,T,80,Rhythm
1300468230,Sakuna: Of Rice and Ruin,sakuna-of-rice-and-ruin,11/10/2020,T,80,Action RPG
1300522482,Just Dance 2021,just-dance-2021,11/12/2020,E,70,Dancing
1300478589,Apparition,apparition,11/13/2020,,36,Survival
1300518762,Kingdom Hearts: Melody of Memory,kingdom-hearts-melody-of-memory,11/13/2020,E10+,79,Rhythm
1300524792,Need for Speed: Hot Pursuit Remastered,need-for-speed-hot-pursuit-remastered,11/13/2020,E10+,74,Auto Racing
1300525691,Five Dates,five-dates,11/17/2020,T,56,Adventure
1300187300,Serious Sam Collection,serious-sam-collection,11/17/2020,M,71,Compilation
1300455542,Sniper Elite 4,sniper-elite-4,11/17/2020,M,79,Tactical FPS
1300223375,Pure Pool,pure-pool,11/17/2020,E,77,Billiards
1300494878,Cake Bash,cake-bash,11/19/2020,E,75,Party
1300491665,ART SQOOL,art-sqool,11/19/2020,E,46,Third-Person Adventure
1300483086,Star Renegades,star-renegades,11/19/2020,T,67,Turn-Based Tactics
1300523143,Hyrule Warriors: Age of Calamity,hyrule-warriors-age-of-calamity,11/20/2020,T,78,3D Beat-'Em-Up
1300468928,Tracks: The Train Set Game,tracks-the-train-set-game,11/24/2020,E,63,Tycoon
1300524570,Root Double: Before Crime * After Days - Xtend Edition,root-double-before-crime-after-days-xtend-edition,11/26/2020,M,78,Visual Novel
1300515769,Picklock,picklock,11/26/2020,T,50,Action Adventure
1300527291,Picross S 5,picross-s-5,11/26/2020,E,71,Logic Puzzle
1300517950,QV,qv,11/26/2020,,75,3D Platformer
1300527543,Electro Ride: The Neon Racing,electro-ride-the-neon-racing,11/27/2020,E,50,Future Racing
1300516977,Destropolis,destropolis,11/27/2020,E10+,67,Top-Down Shoot-'Em-Up
1300502073,Empire of Sin,empire-of-sin,12/1/2020,M,50,Turn-Based Tactics
1300508962,Chronos: Before the Ashes,chronos-before-the-ashes,12/1/2020,T,67,Action Adventure
1300526836,Sam & Max Save the World Remastered,sam-and-max-save-the-world-remastered,12/2/2020,T,75,Point-and-Click
1300083541,Shiren the Wanderer: The Tower of Fortune and the Dice of Fate,shiren-the-wanderer-the-tower-of-fortune-and-the,12/2/2020,E10+,75,Roguelike
1300462093,Wildfire (2020),wildfire-2020,12/3/2020,E10+,73,2D Platformer
1300414531,Absolute Drift,absolute-drift,12/3/2020,E,70,Auto Racing
1300502034,Immortals Fenyx Rising,immortals-fenyx-rising,12/3/2020,T,78,Open-World Action
1300489781,PHOGS!,phogs,12/3/2020,,78,Third-Person Adventure
1300522479,Taiko no Tatsujin: Rhythmic Adventure Pack,taiko-no-tatsujin-rhythmic-adventure-pack,12/3/2020,T,70,Rhythm
1300523826,Fitness Boxing 2: Rhythm & Exercise,fitness-boxing-2-rhythm-and-exercise,12/4/2020,E,66,Exercise
1300500442,John Wick Hex,john-wick-hex,12/4/2020,M,73,Turn-Based Tactics
1300502062,Commandos 2 HD Remaster,commandos-2-hd-remaster,12/4/2020,T,52,Real-Time Tactics
1300005066,Fire Emblem: Shadow Dragon & the Blade of Light,fire-emblem-shadow-dragon-and-the-blade-of-light,12/4/2020,E,63,Turn-Based Tactics
1300526553,Drawn to Life: Two Realms,drawn-to-life-two-realms,12/7/2020,E,50,Sandbox
1300486984,DOOM Eternal,doom-eternal,12/8/2020,M,80,FPS
1300482532,Monster Sanctuary,monster-sanctuary,12/8/2020,E10+,74,Action Adventure
1300522478,Puyo Puyo Tetris 2,puyo-puyo-tetris-2,12/8/2020,E10+,80,Matching Puzzle
1300505571,Ghostrunner,ghostrunner,12/9/2020,M,73,3D Platformer
1300489779,Evolution: The Video Game,evolution-the-video-game,12/10/2020,,68,Board
1300528206,Tanuki Justice,tanuki-justice,12/10/2020,E10+,72,2D Platformer
1300504937,Shady Part of Me,shady-part-of-me,12/10/2020,E,73,Adventure
1300514069,OctaFight,octafight,12/10/2020,E10+,53,2D Platformer
1300514259,PixelJunk Eden 2,pixeljunk-eden-2,12/10/2020,E,78,2D Platformer
1300522537,Space Invaders Forever,space-invaders-forever,12/11/2020,E,65,Compilation
1300524285,Football Manager 2021 Touch,football-manager-2021-touch,12/14/2020,,73,Soccer Management
1300506780,Calico,calico,12/15/2020,E,57,Virtual Life
1300492759,Among Us,among-us,12/15/2020,E10+,79,Survival
1300522481,Collection of SaGa: Final Fantasy Legend,collection-of-saga-final-fantasy-legend,12/15/2020,E10+,71,Compilation
1300488313,Dicey Dungeons,dicey-dungeons,12/15/2020,E10+,88,Strategy
1300506821,Grindstone,grindstone,12/15/2020,T,87,Matching Puzzle
1300507541,When The Past Was Around,when-the-past-was-around,12/15/2020,E,79,Point-and-Click
1300527711,SYNTHETIK: Ultimate,synthetik-ultimate,12/16/2020,,67,Action
1300477897,Body of Evidence,body-of-evidence,12/17/2020,,56,Virtual Career
1300522944,Mercenaries Blaze: Dawn of the Twin Dragons,mercenaries-blaze-dawn-of-the-twin-dragons,12/17/2020,E10+,70,Turn-Based Tactics
1300502947,Traffix,traffix,12/21/2020,,82,Action Puzzle
1300139393,Double Dragon: Neon,double-dragon-neon,12/21/2020,T,76,2D Beat-'Em-Up
1300000947,Fatal Fury: First Contact,fatal-fury-first-contact,12/23/2020,E10+,62,2D Fighting
1300139000,Super Meat Boy Forever,super-meat-boy-forever,12/23/2020,T,66,2D Platformer
1300042563,Bit.Trip Beat,bit-trip-beat,12/25/2020,,73,Rhythm
1300054568,Bit.Trip Void,bit-trip-void,12/25/2020,,74,Rhythm
1300065868,Bit.Trip Runner,bit-trip-runner,12/25/2020,,78,Rhythm
1300043728,Bit.Trip Core,bit-trip-core,12/25/2020,,76,Rhythm
1300083384,Bit.Trip Fate,bit-trip-fate,12/25/2020,,66,Rhythm
1300092003,Bit.Trip Flux,bit-trip-flux,12/25/2020,,80,Rhythm
1300477829,The Hong Kong Massacre,the-hong-kong-massacre,12/26/2020,M,56,Top-Down Shoot-'Em-Up
1300516061,Professor Lupo: Ocean,professor-lupo-ocean,12/28/2020,,66,Action Puzzle
1300505201,Wingspan,wingspan,12/29/2020,E,78,Board
1300518660,Werewolf: The Apocalypse - Heart of the Forest,werewolf-the-apocalypse-heart-of-the-forest,1/7/2021,M,73,Visual Novel
1300504620,Sense: A Cyberpunk Ghost Story,sense-a-cyberpunk-ghost-story,1/7/2021,M,55,Visual Novel
1300490613,Iris.Fall,irisfall,1/7/2021,E,73,Adventure
1300528652,Wrestling Empire,wrestling-empire,1/11/2021,T,57,Wrestling
1300511221,Rhythm Fighter,rhythm-fighter,1/14/2021,,72,Rhythm
1300523392,Scott Pilgrim vs. the World: The Game - Complete Edition,scott-pilgrim-vs-the-world-the-game-complete,1/14/2021,T,79,2D Beat-'Em-Up
1300529331,WRITHE,writhe,1/15/2021,,60,FPS
1300521585,Red Colony Uncensored,red-colony-uncensored,1/18/2021,,35,Survival
1300518502,Hitman 3,hitman-3,1/20/2021,M,70,Action Adventure
1300529995,Tadpole Treble Encore,tadpole-treble-encore,1/21/2021,E,82,Rhythm
1300512810,Unspottable,unspottable,1/21/2021,,68,Party
1300495113,NEOVERSE,neoverse,1/21/2021,T,62,JRPG
1300487495,Redout: Space Assault,redout-space-assault,1/22/2021,E10+,68,Space Combat Sim
1300516567,The Unexpected Quest,the-unexpected-quest,1/23/2021,E10+,49,Tycoon
1300516429,SOLAS 128,solas-128,1/25/2021,E,82,Puzzle
1300528066,Dead Cells: Fatal Falls,dead-cells-fatal-falls,1/26/2021,,84,Metroidvania
1300520721,Atelier Ryza 2: Lost Legends & the Secret Fairy,atelier-ryza-2-lost-legends-and-the-secret-fairy,1/26/2021,T,80,JRPG
1300498904,Cyber Shadow,cyber-shadow,1/26/2021,E10+,82,2D Platformer
1300507003,Sword of the Necromancer,sword-of-the-necromancer,1/28/2021,M,58,Roguelike
1300526085,Colossus Down,colossus-down,1/28/2021,T,59,2D Beat-'Em-Up
1300527585,Gods Will Fall,gods-will-fall,1/28/2021,,59,Open-World Action
1300480810,Heaven's Vault,heavens-vault,1/28/2021,,77,Adventure
1300523498,Golden Force,golden-force,1/28/2021,M,65,2D Platformer
1300525071,Citizens Unite!: Earth x Space,citizens-unite-earth-x-space,1/28/2021,E10+,68,Compilation
1300500430,TOHU,tohu,1/28/2021,,65,Point-and-Click
1300489229,Olija,olija,1/28/2021,T,78,2D Platformer
1300517751,Re:ZERO - Starting Life in Another World: The Prophecy of the Throne,rezero-starting-life-in-another-world-the-prophecy,1/29/2021,T,76,Visual Novel
1300522609,Turrican Flashback Collection,turrican-flashback-collection,1/29/2021,E10+,70,Compilation
1300509197,Glyph,glyph,2/1/2021,,70,3D Platformer
1300479343,Cultist Simulator,cultist-simulator,2/2/2021,T,64,Card Battle
1300527940,Habroxia 2,habroxia-2,2/3/2021,T,73,Horizontal Shoot-'Em-Up
1300488037,Asterix & Obelix XXL 3: The Crystal Menhir,asterix-and-obelix-xxl-3-the-crystal-menhir,2/4/2021,E10+,52,Linear Action Adventure
1300506302,Kowloon High-School Chronicle,kowloon-high-school-chronicle,2/4/2021,T,72,JRPG
1300518210,NUTS,nuts-2021,2/4/2021,E,64,First-Person Adventure
1300497537,Haven,haven,2/4/2021,M,78,Adventure
1300514255,Blue Fire,blue-fire,2/4/2021,E10+,71,3D Platformer
1300260151,Skyforge,skyforge,2/4/2021,,52,MMORPG
1300486813,Hero-U: Rogue to Redemption,hero-u-rogue-to-redemption,2/9/2021,,76,Action RPG
1300520905,The Outer Worlds: Peril on Gorgon,the-outer-worlds-peril-on-gorgon,2/10/2021,,68,Western RPG
1300505577,Little Nightmares II,little-nightmares-ii,2/11/2021,T,82,Linear Action Adventure
1300488887,Summer Catchers,summer-catchers,2/11/2021,,74,2D Platformer
1300489442,UnderMine,undermine,2/11/2021,E10+,83,Action Adventure
1300522350,Romance of the Three Kingdoms XIV: Diplomacy and Strategy Expansion Pack Bundle,romance-of-the-three-kingdoms-xiv-diplomacy-and,2/11/2021,E10+,73,4X Strategy
1300522978,Super Mario 3D World + Bowser's Fury,super-mario-3d-world-plus-bowsers-fury,2/12/2021,E,89,3D Platformer
1300524386,Gal*Gun Returns,galgun-returns,2/12/2021,M,68,Light Gun
1300531145,Half Past Fate: Romantic Distancing,half-past-fate-romantic-distancing,2/14/2021,,55,Adventure
1300501341,#DRIVE,drive-2019,2/16/2021,E,69,Auto Racing
1300490934,Azur Lane: Crosswave,azur-lane-crosswave,2/16/2021,T,63,Third Person Shooter
1300001907,SNK vs. Capcom: Match of the Millennium,snk-vs-capcom-match-of-the-millennium,2/17/2021,T,78,2D Fighting
1300528628,Capcom Arcade Stadium,capcom-arcade-stadium,2/17/2021,T,80,Compilation
1300479822,Astrologaster,astrologaster,2/18/2021,T,79,Adventure
1300499236,Speed Limit,speed-limit,2/18/2021,T,68,Action
1300487474,Anodyne 2: Return to Dust,anodyne-2-return-to-dust,2/18/2021,E10+,77,3D Platformer
1300505591,Cathedral (2019),cathedral-2019,2/18/2021,E10+,71,Metroidvania
1300480076,PUSS!,puss,2/19/2021,,64,Action Puzzle
1300532260,Blizzard Arcade Collection,blizzard-arcade-collection,2/19/2021,T,75,Compilation
1300147575,Thomas Was Alone,thomas-was-alone,2/19/2021,E,79,2D Platformer
1300501406,Dry Drowning,dry-drowning,2/22/2021,M,80,Visual Novel
1300500093,Persona 5 Strikers,persona-5-strikers,2/23/2021,M,81,Action RPG
1300508431,Curse of the Dead Gods,curse-of-the-dead-gods,2/23/2021,T,78,Action RPG
1300526023,Taxi Chaos,taxi-chaos,2/23/2021,E10+,51,Auto Racing
1300516418,Rogue Heroes: Ruins of Tasos,rogue-heroes-ruins-of-tasos,2/23/2021,E10+,78,Roguelike
1300528627,Ghosts 'n Goblins Resurrection,ghosts-n-goblins-resurrection,2/25/2021,E10+,74,2D Platformer
1300497701,Littlewood,littlewood,2/25/2021,E,81,Adventure
1300467273,Hellpoint,hellpoint,2/25/2021,M,52,Action RPG
1300510412,Bravely Default II,bravely-default-ii,2/26/2021,T,76,JRPG
1300523591,PAKO Caravan,pako-caravan,3/2/2021,,76,Action
1300530288,Monster Jam Steel Titans 2,monster-jam-steel-titans-2,3/2/2021,E,56,Auto Racing
1300516824,Harvest Moon: One World,harvest-moon-one-world,3/2/2021,E,54,Tycoon
1300522983,3 out of 10: Season One,3-out-of-10-season-one,3/3/2021,T,73,Adventure
1300519370,Wind Peaks,wind-peaks,3/3/2021,E,69,Hidden Object
1300515457,Sir Lovelot,sir-lovelot,3/3/2021,,66,Adventure
1300512620,Kill It With Fire,kill-it-with-fire,3/4/2021,,62,Simulation
1300528616,Sea of Solitude: The Director's Cut,sea-of-solitude-the-directors-cut,3/4/2021,T,69,Linear Action Adventure
1300515415,Mail Mole,mail-mole,3/4/2021,E,72,3D Platformer
1300514342,Everhood,everhood,3/4/2021,E10+,81,RPG
1300467558,Gnosia,gnosia,3/4/2021,T,82,Visual Novel
1300496752,Apex Legends,apex-legends,3/9/2021,T,54,Tactical FPS
1300526959,Bob Help Them,bob-help-them,3/11/2021,,56,Virtual Life
1300422540,Battle Brothers,battle-brothers,3/11/2021,T,74,Turn-Based Tactics
1300514258,Cyanide & Happiness - Freakpocalypse,cyanide-and-happiness-freakpocalypse,3/11/2021,M,65,Action Adventure
1300514323,WRC 9 FIA World Rally Championship,wrc-9-fia-world-rally-championship,3/11/2021,E,64,Auto Racing Sim
1300518988,Crash Bandicoot 4: It's About Time,crash-bandicoot-4-its-about-time,3/12/2021,E10+,80,3D Platformer
1300526094,A-Train: All Aboard! Tourism,a-train-all-aboard-tourism,3/12/2021,E,67,Tycoon
1300518091,Kingdoms of Amalur: Re-Reckoning,kingdoms-of-amalur-re-reckoning,3/16/2021,M,72,Action RPG
1300521443,Saviors of Sapphire Wings & Stranger of Sword City Revisited,saviors-of-sapphire-wings-and-stranger-of-sword,3/16/2021,T,80,Compilation
1300022835,Stubbs the Zombie in Rebel Without a Pulse,stubbs-the-zombie-in-rebel-without-a-pulse,3/16/2021,M,54,Action Adventure
1300532134,Neo Geo Pocket Color Selection Vol. 1,neo-geo-pocket-color-selection-vol-1,3/17/2021,T,79,Compilation
1300513856,Hatsune Miku Logic Paint S,hatsune-miku-logic-paint-s,3/18/2021,E,83,Logic Puzzle
1300521756,DARQ: Complete Edition,darq-complete-edition,3/18/2021,T,78,Linear Action Adventure
1300500932,Signs of the Sojourner,signs-of-the-sojourner,3/18/2021,,80,Card Battle
1300508573,Magic Twins,magic-twins,3/18/2021,,74,Action Puzzle
1300506250,Plants vs. Zombies: Battle for Neighborville,plants-vs-zombies-battle-for-neighborville,3/19/2021,E10+,74,Tactical Third Person Shooter
1300507932,Root Film,root-film,3/19/2021,M,70,Visual Novel
1300508571,Vaporum: Lockdown,vaporum-lockdown,3/22/2021,T,73,Action RPG
1300520746,Overcooked! All You Can Eat,overcooked-all-you-can-eat,3/23/2021,E,87,Compilation
1300526091,Story of Seasons: Pioneers of Olive Town,story-of-seasons-pioneers-of-olive-town,3/23/2021,E,71,Tycoon
1300406734,Tales from the Borderlands: A Telltale Game Series,tales-from-the-borderlands-a-telltale-game-series,3/23/2021,M,80,Adventure
1300532215,MazM: The Phantom of the Opera,mazm-the-phantom-of-the-opera,3/25/2021,,64,Visual Novel
1300523469,Clea 2,clea-2,3/25/2021,T,71,Survival
1300520001,Rip Them Off,rip-them-off,3/25/2021,,62,Strategy
1300514396,Get-A-Grip Chip,get-a-grip-chip,3/25/2021,,78,2D Platformer
1300531215,Barrage Fantasia,barrage-fantasia,3/25/2021,,66,Vertical Shoot-'Em-Up
1300493622,Bladed Fury,bladed-fury,3/25/2021,T,69,2D Beat-'Em-Up
1300485081,El Hijo - A Wild West Tale,el-hijo-a-wild-west-tale,3/25/2021,E,72,Linear Action Adventure
1300484108,Genesis Noir,genesis-noir,3/26/2021,T,81,Point-and-Click
1300520900,Balan Wonderworld,balan-wonderworld,3/26/2021,E10+,36,3D Platformer
1300483583,Kaze and the Wild Masks,kaze-and-the-wild-masks,3/26/2021,E,79,2D Platformer
1300523824,Monster Hunter Rise,monster-hunter-rise,3/26/2021,T,88,Action RPG
1300533763,Gallic Wars: Battle Simulator,gallic-wars-battle-simulator,3/28/2021,,38,Real-Time Tactics
1300520473,The Game of Life 2,the-game-of-life-2,3/29/2021,E,53,Board
1300529480,I Saw Black Clouds,i-saw-black-clouds,3/30/2021,,52,Adventure
1300527944,Narita Boy,narita-boy,3/30/2021,T,74,Action Adventure
1300524957,What Comes After (2020),what-comes-after-2020,4/1/2021,E10+,73,Adventure
1300491747,Lost Words: Beyond the Page,lost-words-beyond-the-page,4/6/2021,E,78,2D Platformer
1300018465,Star Wars: Republic Commando,star-wars-republic-commando,4/6/2021,T,70,FPS
1300482353,Breathedge,breathedge,4/6/2021,T,59,Survival
1300534570,Pac-Man 99,pac-man-99,4/7/2021,E,76,Arcade
1300532664,What The Dub?!,what-the-dub,4/8/2021,T,81,Party
1300510291,Potion Party,potion-party,4/8/2021,,62,Party
1300534401,ASTRO AQUA KITTY,astro-aqua-kitty,4/8/2021,E10+,80,Horizontal Shoot-'Em-Up
1300526247,Cozy Grove,cozy-grove,4/8/2021,E10+,71,Virtual Life
1300509404,Say No! More,say-no-more,4/9/2021,,67,Adventure
1300505387,The House in Fata Morgana - Dreams of the Revenants Edition -,the-house-in-fata-morgana-dreams-of-the-revenants,4/9/2021,M,96,Visual Novel
1300533540,Toree 3D,toree-3d,4/9/2021,,67,3D Platformer
1300479934,The Legend of Heroes: Trails of Cold Steel IV - The End of Saga,the-legend-of-heroes-trails-of-cold-steel-iv-the,4/9/2021,T,81,JRPG
1300514042,Poison Control,poison-control,4/13/2021,T,61,Action RPG
1300514300,There is no game : Wrong dimension,there-is-no-game-wrong-dimension,4/14/2021,E10+,87,Point-and-Click
1300034630,Fez,fez,4/14/2021,,88,2D Platformer
1300534389,Kingdom of Arcadia,kingdom-of-arcadia,4/14/2021,E,53,Metroidvania
1300511625,Rain on Your Parade,rain-on-your-parade,4/15/2021,E10+,78,Action Puzzle
1300532351,Stitchy in Tooki Trouble,stitchy-in-tooki-trouble,4/15/2021,,58,2D Platformer
1300527769,SaGa Frontier Remastered,saga-frontier-remastered,4/15/2021,T,71,JRPG
1300527892,Godstrike,godstrike,4/15/2021,E10+,59,Top-Down Shoot-'Em-Up
1300455492,Deiland,deiland,4/15/2021,E10+,61,Sandbox
1300501568,Smelter,smelter,4/22/2021,T,75,2D Platformer
1300535069,Picross S 6,picross-s-6,4/22/2021,,77,Logic Puzzle
1300531152,Atelier Mysterious Trilogy Deluxe Pack,atelier-mysterious-trilogy-deluxe-pack,4/22/2021,T,82,Compilation
1300004267,Shantae,shantae,4/22/2021,E10+,74,Metroidvania
1300490144,Buildings Have Feelings Too!,buildings-have-feelings-too,4/22/2021,E,58,Management
1300511262,Turnip Boy Commits Tax Evasion,turnip-boy-commits-tax-evasion,4/22/2021,E10+,74,Action Adventure
1300469117,Death end re;Quest,death-end-request,4/27/2021,M,73,JRPG
1300535619,Mom Hid My Game! 2,mom-hid-my-game-2,4/28/2021,,71,Point-and-Click
1300513262,Battle Axe,battle-axe,4/29/2021,T,72,Action Adventure
1300506158,Before I Forget,before-i-forget,4/29/2021,,76,Adventure
1300534652,Fly Together!,fly-together,4/29/2021,,81,Tycoon
1300507163,SpongeBob SquarePants: Krusty Cook-Off,spongebob-squarepants-krusty-cook-off,4/29/2021,E,48,Tycoon
1300339671,Castaway Paradise,castaway-paradise-craft-your-new-life,4/29/2021,,60,Virtual Life
1300493233,Legend of Keepers: Career of a Dungeon Manager,legend-of-keepers-career-of-a-dungeon-manager,4/29/2021,M,70,Turn-Based Tactics
1300499067,R-Type Final 2,r-type-final-2,4/30/2021,E10+,69,Horizontal Shoot-'Em-Up
1300518813,New Pokemon Snap,new-pokemon-snap,4/30/2021,E,79,Rail Shooter
1300477670,The Colonists,the-colonists,5/4/2021,E,73,Command RTS
1300534501,Save me Mr Tako: Definitive Edition,save-me-mr-tako-definitive-edition,5/5/2021,E,76,2D Platformer
1300506520,Skate City,skate-city,5/6/2021,,70,Skating
1300529113,Raiden IV x Mikado Remix,raiden-iv-x-mikado-remix,5/6/2021,E10+,85,Vertical Shoot-'Em-Up
1300518354,Nongunz: Doppelganger Edition,nongunz-doppelganger-edition,5/6/2021,T,60,2D Platformer
1300525352,Space Commander: War and Trade,space-commander-war-and-trade,5/13/2021,,62,Real-Time Strategy
1300494836,Rise Eterna,rise-eterna,5/13/2021,,54,RPG
1300532140,Famicom Detective Club: The Girl Who Stands Behind,famicom-detective-club-the-girl-who-stands-behind,5/14/2021,T,74,Visual Novel
1300532138,Famicom Detective Club: The Missing Heir,famicom-detective-club-the-missing-heir,5/14/2021,T,74,Visual Novel
1300496098,Subnautica: Below Zero,subnautica-below-zero,5/14/2021,E10+,76,Sandbox
1300521391,Leisure Suit Larry: Wet Dreams Dry Twice,leisure-suit-larry-wet-dreams-dry-twice,5/18/2021,M,78,Point-and-Click
1300505749,SnowRunner,snowrunner,5/18/2021,E,75,Vehicle Sim
1300517389,Aerial_Knight's Never Yield,aerialknights-never-yield,5/19/2021,T,65,2D Platformer
1300003338,Baldur's Gate: Dark Alliance,baldurs-gate-dark-alliance,5/20/2021,T,64,Action RPG
1300507643,Rise of the Slime,rise-of-the-slime,5/20/2021,E10+,56,Card Battle
1300492642,Layers of Fear 2,layers-of-fear-2,5/20/2021,,72,Survival
1300460162,Miitopia,miitopia,5/21/2021,E,71,RPG
1300532146,Knockout City,knockout-city,5/21/2021,E10+,83,Team Sports
1300483000,Cosmic Top Secret,cosmic-top-secret,5/21/2021,T,75,Third-Person Adventure
1300520720,Shin Megami Tensei III: Nocturne HD Remaster,shin-megami-tensei-iii-nocturne-hd-remaster,5/25/2021,M,75,JRPG
1300520321,King of Seas,king-of-seas,5/25/2021,E10+,65,Action RPG
1300528871,Very Very Valet,very-very-valet,5/25/2021,E,75,Party
1300470535,Maneater,maneater,5/25/2021,M,65,Open-World Action
1300506532,Aluna: Sentinel of the Shards,aluna-sentinel-of-the-shards,5/26/2021,T,54,Action RPG
1300520391,Super Bomberman R Online,super-bomberman-r-online,5/27/2021,,61,Action Puzzle
1300519126,Earth Defense Force: World Brothers,earth-defense-force-world-brothers,5/27/2021,T,69,Third Person Shooter
1300518234,Sumire,sumire,5/27/2021,,86,Adventure
1300486136,Mundaun,mundaun,5/27/2021,M,72,First-Person Adventure
1300483021,Pathway,pathway,5/27/2021,E10+,69,Turn-Based Tactics
1300491138,Beautiful Desolation,beautiful-desolation,5/28/2021,M,66,Adventure
1300522351,Wonder Boy: Asha in Monster World,wonder-boy-asha-in-monster-world,5/28/2021,E10+,66,2D Platformer
1300522981,World's End Club,worlds-end-club,5/28/2021,T,62,Action Adventure
1300513026,LOVE - A Puzzle Box Filled with Stories,love-a-puzzle-box-filled-with-stories,5/28/2021,,58,Puzzle
1300532588,Stonefly,stonefly,6/1/2021,E,66,Action Adventure
1300513558,Sludge Life,sludge-life,6/2/2021,,73,First-Person Adventure
1300537689,Overboard!,overboard-2021,6/2/2021,T,86,Adventure
1300491219,Astalon: Tears of the Earth,astalon-tears-of-the-earth,6/3/2021,T,82,Metroidvania
1300483180,Winds of Change,winds-of-change,6/3/2021,,81,Visual Novel
1300509290,Mystic Pillars,mystic-pillars,6/3/2021,E,74,Action Puzzle
1300532143,DC Super Hero Girls: Teen Power,dc-super-hero-girls-teen-power,6/4/2021,E10+,66,Open-World Action
1300513412,Umurangi Generation,umurangi-generation,6/5/2021,M,81,First-Person Adventure
1300524071,Mighty Goose,mighty-goose,6/5/2021,E10+,74,2D Platformer
1300520749,Alba: a Wildlife Adventure,alba-a-wildlife-adventure,6/9/2021,E,80,Adventure
1300532147,Ninja Gaiden: Master Collection,ninja-gaiden-master-collection,6/10/2021,M,72,Compilation
1300494458,Wave Break,wave-break,6/11/2021,M,54,Individual Sports
1300536152,Game Builder Garage,game-builder-garage,6/11/2021,E,77,Application
1300526238,Beasts of Maravilla Island,beasts-of-maravilla-island,6/12/2021,E,59,Action Adventure
1300522600,DOOM Eternal: The Ancient Gods Part One,doom-eternal-the-ancient-gods-part-one,6/15/2021,M,79,FPS
1300024479,Mushihimesama,mushihimesama,6/15/2021,E10+,84,Vertical Shoot-'Em-Up
1300538377,Hyrule Warriors: Age of Calamity - Pulse of the Ancients,hyrule-warriors-age-of-calamity-pulse-of-the,6/18/2021,,67,3D Beat-'Em-Up
1300523365,ENDER LILIES: Quietus of the Knights,ender-lilies-quietus-of-the-knights,6/21/2021,T,84,Metroidvania
1300499059,Olympic Games Tokyo 2020: The Official Video Game,olympic-games-tokyo-2020-the-official-video-game,6/22/2021,E10+,67,Athletics
1300518460,Alex Kidd in Miracle World DX,alex-kidd-in-miracle-world-dx,6/22/2021,E,65,2D Platformer
1300515404,Super Magbot,super-magbot,6/22/2021,E,73,2D Platformer
1300510744,LEGO Builder's Journey,lego-builders-journey,6/22/2021,E,76,Puzzle
1300519458,Worms Rumble,worms-rumble,6/23/2021,E10+,57,Real-Time Strategy
1300505569,Cyber Hook,cyber-hook,6/24/2021,E,74,3D Platformer
1300532151,Legend of Mana Remastered,legend-of-mana-remastered,6/24/2021,T,71,JRPG
1300516823,Tony Hawk's Pro Skater 1 + 2,tony-hawks-pro-skater-1-plus-2,6/25/2021,T,85,Skating
1300532141,Mario Golf: Super Rush,mario-golf-super-rush,6/25/2021,E,70,Golf
1300474688,Sky: Children of the Light,sky-children-of-the-light,6/29/2021,E10+,82,Open-World Action
1300536490,Zombies Ate My Neighbors and Ghoul Patrol,zombies-ate-my-neighbors-and-ghoul-patrol,6/29/2021,E10+,59,Compilation
1300501875,Destroy All Humans!,destroy-all-humans,6/29/2021,T,66,Action Adventure
1300523827,Disgaea 6: Defiance of Destiny,disgaea-6-defiance-of-destiny,6/29/2021,T,73,Turn-Based Tactics
1300538197,Doki Doki Literature Club Plus!,doki-doki-literature-club-plus,6/30/2021,M,85,Visual Novel
1300451898,Epistory - Typing Chronicles,epistory-typing-chronicles,7/2/2021,,61,Action Adventure
1300483245,Mythic Ocean,mythic-ocean,7/2/2021,E,71,Adventure
1300469915,The Silver Case 2425,the-silver-case-2425,7/6/2021,M,72,Compilation
1300494866,Ys IX: Monstrum Nox,ys-ix-monstrum-nox,7/6/2021,T,76,Action RPG
1300479439,Unavowed,unavowed,7/7/2021,T,91,Point-and-Click
1300538772,Crash Drive 3,crash-drive-3,7/8/2021,E,68,Auto Racing
1300508086,Boomerang X,boomerang-x,7/8/2021,E10+,80,FPS
1300538653,Indigo 7: Quest for Love,indigo-7-quest-for-love,7/8/2021,E,73,Puzzle
1300523825,Monster Hunter Stories 2: Wings of Ruin,monster-hunter-stories-2-wings-of-ruin,7/9/2021,E10+,81,JRPG
1300450412,Induction,induction,7/14/2021,E,76,Action Puzzle
1300500034,Risk System,risk-system,7/15/2021,E10+,70,Horizontal Shoot-'Em-Up
1300525376,Labyrinth City: Pierre the Maze Detective,labyrinth-city-pierre-the-maze-detective,7/15/2021,E,75,Adventure
1300534644,Streets of Rage 4: Mr. X Nightmare,streets-of-rage-4-mr-x-nightmare,7/15/2021,,88,2D Beat-'Em-Up
1300467610,Within the Blade,within-the-blade,7/16/2021,M,65,2D Platformer
1300532148,The Legend of Zelda: Skyward Sword HD,the-legend-of-zelda-skyward-sword-hd,7/16/2021,E10+,81,Open-World Action
1300502020,Cris Tales,cris-tales,7/20/2021,T,72,JRPG
1300501041,Cotton Reboot!,cotton-reboot,7/20/2021,E10+,81,Horizontal Shoot-'Em-Up
1300501858,Akiba's Trip: Hellbound & Debriefed,akibas-trip-hellbound-and-debriefed,7/20/2021,M,53,3D Beat-'Em-Up
1300519166,Pokemon UNITE,pokemon-unite,7/21/2021,E10+,70,MOBA
1300509219,Last Stop (2021),last-stop-2021,7/22/2021,T,67,Third-Person Adventure
1300527540,NEO: The World Ends with You,neo-the-world-ends-with-you,7/27/2021,T,82,Action RPG
1300532139,Samurai Warriors 5,samurai-warriors-5,7/27/2021,T,78,3D Beat-'Em-Up
1300246407,Dariusburst: Another Chronicle EX,dariusburst-another-chronicle-ex,7/27/2021,E10+,69,Horizontal Shoot-'Em-Up
1300467016,The Great Ace Attorney Chronicles,the-great-ace-attorney-chronicles,7/27/2021,T,86,Compilation
1300482581,Unbound: Worlds Apart,unbound-worlds-apart,7/28/2021,T,78,Metroidvania
1300504162,Ayo the Clown,ayo-the-clown,7/28/2021,E,75,2D Platformer
1300503985,Fuga: Melodies of Steel,fuga-melodies-of-steel,7/29/2021,T,82,JRPG
1300502043,Trigger Witch,trigger-witch,7/29/2021,T,75,Top-Down Shoot-'Em-Up
1300508645,Eldest Souls,eldest-souls,7/29/2021,T,76,Action RPG
1300510198,The Long Gate,the-long-gate,7/29/2021,E,60,First-Person Adventure
1300496059,Bustafellows,bustafellows,7/30/2021,M,86,Visual Novel
1300528788,Papa's Quiz,papas-quiz,7/30/2021,E10+,68,Trivia
1300488395,Dragon Star Varnir,dragon-star-varnir,8/3/2021,T,64,JRPG
1300498539,Dreamscaper,dreamscaper,8/5/2021,E10+,82,Action RPG
1300538311,Dodgeball Academia,dodgeball-academia,8/5/2021,E,81,Individual Sports
1300506872,Doomsday Vault,doomsday-vault,8/5/2021,,68,Third-Person Adventure
1300514146,A Monster's Expedition,a-monsters-expedition,8/5/2021,E,92,Action Puzzle
1300519284,Picross S: GENESIS & Master System Edition,picross-s-genesis-and-master-system-edition,8/5/2021,E,76,Logic Puzzle
1300536656,The Falconeer: Warrior Edition,the-falconeer-warrior-edition,8/5/2021,T,80,Aircraft Combat Sim
1300532851,Haven Park,haven-park,8/5/2021,E,68,Third-Person Adventure
1300537649,Spelunker HD Deluxe,spelunker-hd-deluxe,8/6/2021,E,71,2D Platformer
1300505617,Black Book,black-book,8/10/2021,T,81,Card Battle
1300517546,Button City,button-city,8/10/2021,E,71,Adventure
1300514204,Shadowverse: Champion's Battle,shadowverse-champions-battle,8/10/2021,T,82,Card Battle
1300501526,Garden Story,garden-story,8/11/2021,E10+,73,Open-World Action
1300541260,Necrobarista: Final Pour,necrobarista-final-pour,8/11/2021,T,76,Visual Novel
1300541261,ISLANDERS: Console Edition,islanders-console-edition,8/11/2021,E,75,Strategy
1300478854,Boyfriend Dungeon,boyfriend-dungeon,8/11/2021,T,72,Action RPG
1300510283,Axiom Verge 2,axiom-verge-2,8/11/2021,T,76,Metroidvania
1300498030,Curious Expedition 2,curious-expedition-2,8/11/2021,T,69,Turn-Based Strategy
1300522710,Fire Tonight,fire-tonight,8/12/2021,E,70,Adventure
1300525210,Doctor Who: The Lonely Assassins,doctor-who-the-lonely-assassins,8/12/2021,E10+,78,Adventure
1300500938,art of rally,art-of-rally,8/12/2021,E,74,Auto Racing
1300467019,Fort Triumph,fort-triumph,8/13/2021,,68,Turn-Based Tactics
1300522195,WitchSpring3 Re:Fine - The Story of Eirudy,witchspring3-refine-the-story-of-eirudy,8/13/2021,E10+,58,JRPG
1300528629,Road 96,road-96,8/16/2021,T,75,First-Person Adventure
1300502058,Space Invaders: Invincible Collection,space-invaders-invincible-collection,8/17/2021,,77,Compilation
1300504631,Greak: Memories of Azur,greak-memories-of-azur,8/17/2021,E10+,70,Metroidvania
1300526975,Out of Line,out-of-line,8/18/2021,,71,Action Adventure
1300526429,Mayhem Brawler,mayhem-brawler,8/19/2021,T,70,2D Beat-'Em-Up
1300540974,Monster Train First Class,monster-train-first-class,8/19/2021,E10+,85,Card Battle
1300541800,Quake Remastered,quake-remastered,8/19/2021,M,87,FPS
1300541048,Rush Rally Origins,rush-rally-origins,8/19/2021,E,77,Auto Racing
1300506342,Arietta of Spirits,arietta-of-spirits,8/20/2021,E10+,68,Action Adventure
1300519761,RiMS Racing,rims-racing,8/24/2021,E,59,Auto Racing
1300505461,King's Bounty II,kings-bounty-ii,8/24/2021,T,63,Turn-Based Tactics
1300517504,Hoa,hoa,8/24/2021,E,68,2D Platformer
1300041594,Spelunky,spelunky,8/26/2021,,82,2D Platformer
1300517789,Townscaper,townscaper,8/26/2021,E,63,Strategy
1300477835,Spelunky 2,spelunky-2,8/26/2021,T,92,2D Platformer
1300490821,Super Animal Royale,super-animal-royale,8/26/2021,E10+,73,Top-Down Shoot-'Em-Up
1300502070,No More Heroes III,no-more-heroes-iii,8/27/2021,M,75,Open-World Action
1300537990,Baldo: The Guardian Owls,baldo-the-guardian-owls,8/27/2021,E,59,Open-World Action
1300484202,Inked: A Tale of Love,inked-a-tale-of-love,8/27/2021,E,75,Adventure
1300484992,Rustler,rustler,8/31/2021,M,54,Open-World Action
1300522638,Monster Harvest,monster-harvest,8/31/2021,E,57,Trainer RPG
1300532842,Prinny Presents NIS Classics Volume 1,prinny-presents-nis-classics-volume-1,8/31/2021,T,72,Compilation
1300523874,Kitaria Fables,kitaria-fables,9/2/2021,E10+,69,Action RPG
1300505758,A Night at the Races,a-night-at-the-races,9/3/2021,T,69,2D Platformer
1300522480,Big Rumble Boxing: Creed Champions,big-rumble-boxing-creed-champions,9/3/2021,T,65,Combat Sport
1300487589,Golf Club: Wasteland,golf-club-wasteland,9/3/2021,T,77,Action Puzzle
1300537418,Sonic Colors: Ultimate,sonic-colors-ultimate,9/7/2021,E,67,3D Platformer
1300490718,Olympia Soiree,olympia-soiree,9/9/2021,M,80,Visual Novel
1300514127,Dice Legacy,dice-legacy,9/9/2021,T,74,Strategy
1300071694,Espgaluda II -Be Ascension. The Third Bright Stone of Birth-,espgaluda-ii-be-ascension-the-third-bright-stone,9/9/2021,T,82,Vertical Shoot-'Em-Up
1300538346,BloodRayne Betrayal: Fresh Bites,bloodrayne-betrayal-fresh-bites,9/9/2021,T,66,2D Platformer
1300515726,Residual,residual,9/9/2021,E,68,Sandbox
1300507808,Ultra Age,ultra-age,9/9/2021,T,71,Action Adventure
1300501953,Lost in Random,lost-in-random,9/10/2021,E10+,78,Action Adventure
1300538373,WarioWare: Get It Together!,warioware-get-it-together,9/10/2021,E10+,76,Party
1300539804,NBA 2K22,nba-2k22,9/10/2021,E,68,Basketball Sim
1300537276,Colors Live,colors-live,9/14/2021,E,73,Application
1300460318,Cruis'n Blast,cruisn-blast,9/14/2021,E10+,70,Auto Racing
1300482792,Flynn: Son of Crimson,flynn-son-of-crimson,9/15/2021,E10+,68,Metroidvania
1300484912,Eastward,eastward,9/16/2021,T,78,RPG
1300493068,SkateBIRD,skatebird,9/16/2021,T,54,Skating
1300489643,Metallic Child,metallic-child,9/16/2021,M,73,Roguelike
1300517418,TOEM,toem,9/17/2021,E,79,Adventure
1300471374,Nexomon,nexomon,9/17/2021,E10+,79,Trainer RPG
1300538114,Tails of Iron,tails-of-iron,9/17/2021,T,80,Action RPG
1300536105,Ni no Kuni II: Revenant Kingdom - Prince's Edition,ni-no-kuni-ii-revenant-kingdom-princes-edition,9/17/2021,T,81,JRPG
1300455870,Super Arcade Football,super-arcade-football,9/19/2021,E,72,Soccer
1300538815,Castlevania Advance Collection,castlevania-advance-collection,9/23/2021,T,83,Compilation
1300532270,Diablo II: Resurrected,diablo-ii-resurrected,9/23/2021,M,77,Action RPG
1300543817,ActRaiser Renaissance,actraiser-renaissance,9/23/2021,E10+,74,Action Adventure
1300487021,The Forgotten City,the-forgotten-city,9/23/2021,T,90,Action Adventure
1300499525,Embr,embr,9/23/2021,E10+,50,Virtual Career
1300468644,Staxel,staxel,9/23/2021,E,61,Tycoon
1300538370,Dragon Ball Z: Kakarot + A New Power Awakens Set,dragon-ball-z-kakarot-plus-a-new-power-awakens-set,9/24/2021,T,78,Action RPG
1300515609,UnMetal,unmetal,9/28/2021,,77,Action Adventure
1300538332,Knockout Home Fitness,knockout-home-fitness,9/28/2021,E,71,Exercise
1300523877,Antonball Deluxe,antonball-deluxe,9/28/2021,,70,Arcade
1300518350,Steel Assault,steel-assault,9/28/2021,E10+,75,2D Platformer
1300544542,G-Darius HD,g-darius-hd,9/28/2021,E,79,Horizontal Shoot-'Em-Up
1300514102,A Juggler's Tale,a-jugglers-tale,9/29/2021,E10+,69,2D Platformer
1300542382,Centipede: Recharged,centipede-recharged,9/29/2021,E,74,Arcade
1300538204,Death's Gambit: Afterlife,deaths-gambit-afterlife,9/30/2021,T,78,Metroidvania
1300513167,Aeon Drive,aeon-drive,9/30/2021,E10+,72,2D Platformer
1300500361,Unsighted,unsighted,9/30/2021,T,88,Action RPG
1300532502,Hot Wheels Unleashed,hot-wheels-unleashed,9/30/2021,E,73,Auto Racing
1300534024,Astria Ascending,astria-ascending,9/30/2021,T,62,JRPG
1300467442,Darksiders III,darksiders-iii,9/30/2021,M,58,Open-World Action
1300511749,Bonfire Peaks,bonfire-peaks,9/30/2021,T,77,Action Puzzle
1300167034,LEGO Marvel Super Heroes,lego-marvel-super-heroes,10/5/2021,E10+,79,Open-World Action
1300538367,Super Monkey Ball: Banana Mania,super-monkey-ball-banana-mania,10/5/2021,E10+,76,Compilation
1300539755,Nickelodeon All-Star Brawl,nickelodeon-all-star-brawl,10/5/2021,E10+,67,2D Fighting
1300509225,Rainbow Billy: The Curse of the Leviathan,rainbow-billy-the-curse-of-the-leviathan,10/5/2021,E,81,Action Adventure
1300534532,The Lightbringer,the-lightbringer,10/7/2021,E,66,Linear Action Adventure
1300525732,Creepy Tale 2,creepy-tale-2,10/7/2021,T,69,Adventure
1300514608,No Longer Home,no-longer-home,10/7/2021,T,73,Adventure
1300538369,Metroid Dread,metroid-dread,10/8/2021,T,88,Metroidvania
1300520909,Tetris Effect: Connected,tetris-effect-connected,10/8/2021,E,94,Stacking Puzzle
1300483644,Monster Crown,monster-crown,10/12/2021,T,59,Trainer RPG
1300528622,Disco Elysium: The Final Cut,disco-elysium-the-final-cut,10/12/2021,M,86,Western RPG
1300293666,Gang Beasts,gang-beasts,10/12/2021,E10+,68,Party
1300533669,The Jackbox Party Pack 8,the-jackbox-party-pack-8,10/14/2021,E10+,73,Party
1300530840,The Sundew,the-sundew,10/14/2021,E,69,Point-and-Click
1300542230,Mon Amour,mon-amour,10/14/2021,,79,Arcade
1300544455,Bonito Days,bonito-days,10/14/2021,E,72,3D Platformer
1300536938,A Little Golf Journey,a-little-golf-journey,10/14/2021,E,80,Golf
1300544165,Dungeon Encounters,dungeon-encounters,10/14/2021,E10+,81,JRPG
1300484438,The Good Life,the-good-life,10/15/2021,T,50,RPG
1300013308,Gley Lancer,gley-lancer,10/15/2021,E10+,83,Horizontal Shoot-'Em-Up
1300537581,Crysis Remastered Trilogy,crysis-remastered-trilogy,10/15/2021,M,75,Compilation
1300532150,The Caligula Effect 2,the-caligula-effect-2,10/19/2021,T,77,JRPG
1300538539,Dying Light: Platinum Edition,dying-light-platinum-edition,10/19/2021,M,78,Survival
1300535545,JARS,jars,10/20/2021,E,65,Action Puzzle
1300514901,Sheepo,sheepo,10/20/2021,E,70,Metroidvania
1300544644,Corpse Party (2021),corpse-party-2021,10/20/2021,M,81,Survival
1300537849,Evertried,evertried,10/21/2021,E10+,77,Turn-Based Tactics
1300506884,Monomals,monomals,10/21/2021,E10+,81,2D Platformer
1300497342,Shadow Corridor,shadow-corridor,10/26/2021,,61,Survival
1300538302,Marvel's Guardians of the Galaxy,marvels-guardians-of-the-galaxy,10/26/2021,T,58,Linear Action Adventure
1300456880,Undernauts: Labyrinth of Yomi,undernauts-labyrinth-of-yomi,10/28/2021,M,85,RPG
1300460573,DUSK,dusk,10/28/2021,M,88,FPS
1300542865,Voice of Cards: The Isle Dragon Roars,voice-of-cards-the-isle-dragon-roars,10/28/2021,T,76,Card Battle
1300524058,Okinawa Rush,okinawa-rush,10/28/2021,T,81,2D Beat-'Em-Up
1300271900,Fatal Frame: Maiden of Black Water,fatal-frame-maiden-of-black-water,10/28/2021,M,73,Survival
1300019032,Cotton 100%,cotton-100,10/29/2021,E10+,72,Horizontal Shoot-'Em-Up
1300538368,Mario Party Superstars,mario-party-superstars,10/29/2021,E,80,Party
1300006894,Panorama Cotton,panorama-cotton,10/29/2021,E10+,61,Vertical Shoot-'Em-Up
1300537064,The Legend of Tianding,the-legend-of-tianding,11/1/2021,T,81,2D Beat-'Em-Up
1300501638,Cupid Parasite,cupid-parasite,11/2/2021,T,83,Visual Novel
1300479386,World War Z,world-war-z,11/2/2021,M,69,Tactical Third Person Shooter
1300483535,Tunche,tunche,11/2/2021,E10+,71,2D Beat-'Em-Up
1300505412,Unpacking,unpacking,11/2/2021,E,86,Puzzle
1300518462,Demon Turf,demon-turf,11/4/2021,E10+,76,3D Platformer
1300465151,Where Cards Fall,where-cards-fall,11/4/2021,E10+,72,Action Puzzle
1300538253,Just Dance 2022,just-dance-2022,11/4/2021,E10+,72,Dancing
1300024585,A Boy and His Blob,a-boy-and-his-blob,11/4/2021,E,83,2D Platformer
1300517202,Stilstand,stilstand,11/5/2021,M,80,Adventure
1300544954,Animal Crossing: New Horizons - Happy Home Paradise,animal-crossing-new-horizons-happy-home-paradise,11/5/2021,,82,Virtual Life
1300536551,My Singing Monsters Playground,my-singing-monsters-playground,11/9/2021,E,70,Party
1300534314,Blue Reflection: Second Light,blue-reflection-second-light,11/9/2021,T,78,JRPG
1300003692,Star Wars: Knights of the Old Republic,star-wars-knights-of-the-old-republic,11/11/2021,T,83,Western RPG
1300487180,Beyond Blue,beyond-blue,11/11/2021,E,68,Third-Person Adventure
1300544634,Grand Theft Auto: The Trilogy - The Definitive Edition,grand-theft-auto-the-trilogy-the-definitive,11/11/2021,M,46,Compilation
1300464021,Shin Megami Tensei V,shin-megami-tensei-v,11/12/2021,M,84,JRPG
1300016614,Wings of Wor,wings-of-wor,11/12/2021,E10+,69,Horizontal Shoot-'Em-Up
1300537817,Grow: Song of the Evertree,grow-song-of-the-evertree,11/16/2021,E,77,Sandbox
1300546313,Hextech Mayhem: A League of Legends Story,hextech-mayhem-a-league-of-legends-story,11/16/2021,E10+,67,2D Platformer
1300517023,The Smurfs: Mission Vileaf,the-smurfs-mission-vileaf,11/16/2021,E,66,3D Platformer
1300510419,Ruined King: A League of Legends Story,ruined-king-a-league-of-legends-story,11/16/2021,T,81,RPG
1300532585,Pokemon Brilliant Diamond,pokemon-brilliant-diamond,11/19/2021,E,73,Trainer RPG
1300532586,Pokemon Shining Pearl,pokemon-shining-pearl,11/19/2021,E,73,Trainer RPG
1300534022,Death's Door,deaths-door,11/23/2021,T,89,Action Adventure
1300522858,Poker Club,poker-club,11/24/2021,T,50,Gambling
1300525209,Doctor Who: The Edge of Reality,doctor-who-the-edge-of-reality,11/25/2021,E10+,46,First-Person Adventure
1300083344,DoDonPachi Resurrection,dodonpachi-resurrection,11/25/2021,T,87,Vertical Shoot-'Em-Up
1300522447,Date Night Bowling,date-night-bowling,11/26/2021,E,56,Bowling
1300533936,Asterix & Obelix: Slap Them All!,asterix-and-obelix-slap-them-all,12/2/2021,E10+,70,2D Beat-'Em-Up
1300524638,The Kids We Were,the-kids-we-were,12/2/2021,E,81,Adventure
1300534176,Dairoku: Agents of Sakuratani,dairoku-agents-of-sakuratani,12/2/2021,T,71,Visual Novel
1300538374,Danganronpa Decadence,danganronpa-decadence,12/3/2021,M,83,Compilation
1300542523,Big Brain Academy: Brain vs. Brain,big-brain-academy-brain-vs-brain,12/3/2021,E,73,Party
1300538381,Danganronpa S: Ultimate Summer Camp,danganronpa-s-ultimate-summer-camp,12/3/2021,M,54,Party
1300543815,Disney Magical World 2: Enchanted Edition,disney-magical-world-2-enchanted-edition,12/3/2021,E,69,Virtual Life
1300533664,Life is Strange: True Colors,life-is-strange-true-colors,12/7/2021,M,78,Third-Person Adventure
1300529111,Yu-Gi-Oh! RUSH DUEL: Dawn of the Battle Royale!!,yu-gi-oh-rush-duel-dawn-of-the-battle-royale,12/7/2021,E,62,Card Battle
1300408046,Twelve Minutes,twelve-minutes,12/7/2021,M,63,Point-and-Click
1300505672,Beyond A Steel Sky,beyond-a-steel-sky,12/7/2021,T,70,Third-Person Adventure
1300549037,Sam & Max: Beyond Time and Space Remastered,sam-and-max-beyond-time-and-space-remastered,12/8/2021,T,80,Point-and-Click
1300449416,Super Impossible Road,super-impossible-road,12/9/2021,E,78,Future Racing
1300528614,Loop Hero,loop-hero,12/9/2021,T,83,RPG
1300542109,Monster Rancher 1 & 2 DX,monster-rancher-1-and-2-dx,12/9/2021,T,70,Compilation
1300513513,Shovel Knight Pocket Dungeon,shovel-knight-pocket-dungeon,12/13/2021,E,83,Action Puzzle
1300544010,Asteroids: Recharged,asteroids-recharged,12/14/2021,E,74,Arcade
1300518090,Clockwork Aquario,clockwork-aquario,12/14/2021,E,70,2D Platformer
1300466177,The Letter: A Horror Visual Novel,the-letter-a-horror-visual-novel,12/15/2021,M,74,Visual Novel
1300537814,FILMECHANISM,filmechanism,12/15/2021,E,88,Action Puzzle
1300505555,Chicory: A Colorful Tale,chicory-a-colorful-tale,12/15/2021,E10+,90,Adventure
1300492930,OMNO,omno,12/16/2021,E,71,Third-Person Adventure
1300541679,Aspire: Ina's Tale,aspire-inas-tale,12/17/2021,E10+,70,2D Platformer
1300550675,Dead Cells: The Queen & The Sea,dead-cells-the-queen-and-the-sea,1/6/2022,T,92,Metroidvania
1300534937,Heaven Dust 2,heaven-dust-2,1/6/2022,T,83,Survival
1300554530,Picross S 7,picross-s-7,1/10/2022,E,80,Logic Puzzle
1300558738,SNK vs. Capcom: Card Fighters' Clash,snk-vs-capcom-card-fighters-clash,1/12/2022,E,84,Card Battle
1300089466,Eschatos,eschatos,1/13/2022,E10+,86,Vertical Shoot-'Em-Up
1300528388,Headland,headland,1/13/2022,E,73,Action Adventure
1300285667,NOVA-111,nova-111,1/13/2022,E,67,Turn-Based Strategy
1300452543,ASTRONEER,astroneer,1/13/2022,E,76,Sandbox
1300512770,Labyrinth Legend,labyrinth-legend,1/18/2022,E10+,70,Action RPG
1300540079,Yu-Gi-Oh! Master Duel,yu-gi-oh-master-duel,1/18/2022,T,78,Card Battle
1300489794,WindJammers 2,windjammers-2,1/20/2022,E,78,Individual Sports
1300524263,RPGolf Legends,rpgolf-legends,1/20/2022,E,71,RPG
1300539348,Blackwind,blackwind,1/20/2022,T,53,Top-Down Shoot-'Em-Up
1300532363,The Company Man,the-company-man,1/21/2022,E10+,68,2D Platformer
1300454868,The Artful Escape,the-artful-escape,1/25/2022,E10+,80,Adventure
1300537312,Reverie Knights Tactics,reverie-knights-tactics,1/25/2022,T,70,Turn-Based Tactics
1300381318,Vagante,vagante,1/27/2022,T,69,RPG
1300542530,Gunvolt Chronicles: Luminous Avenger iX 2,gunvolt-chronicles-luminous-avenger-ix-2,1/27/2022,T,77,2D Platformer
1300479973,Unforeseen Incidents,unforeseen-incidents,1/27/2022,T,76,Point-and-Click
1300532587,Pokemon Legends: Arceus,pokemon-legends-arceus,1/28/2022,E,83,Trainer RPG
1300513251,Record of Lodoss War: Deedlit in Wonder Labyrinth,record-of-lodoss-war-deedlit-in-wonder-labyrinth,1/28/2022,T,83,Metroidvania
1300536953,Broken Blades,broken-blades,1/29/2022,E10+,49,2D Platformer
1300540926,The Hundred Year Kingdom,the-hundred-year-kingdom,2/3/2022,T,70,Management
1300171441,Sherlock Holmes: Crimes & Punishments,crimes-and-punishments,2/3/2022,M,73,Third-Person Adventure
1300522435,Land of Screens,land-of-screens,2/4/2022,E,63,Point-and-Click
1300530925,Swords & Bones,swords-and-bones,2/4/2022,E10+,57,2D Platformer
1300523161,Maglam Lord,maglam-lord,2/4/2022,T,67,Action RPG
1300565405,Republique: Anniversary Edition,republique-anniversary-edition,2/8/2022,M,71,Linear Action Adventure
1300503891,Death end re;Quest 2,death-end-request-2,2/8/2022,M,67,JRPG
1300535119,OlliOlli World,olliolli-world,2/8/2022,E10+,87,2D Platformer
1300505516,Action Arcade Wrestling,action-arcade-wrestling,2/9/2022,T,65,Wrestling
1300535120,GetsuFumaDen: Undying Moon,getsufumaden-undying-moon,2/9/2022,M,65,2D Platformer
1300479531,Rise of the Third Power,rise-of-the-third-power,2/10/2022,T,78,JRPG
1300559847,Kingdom Hearts Integrum Masterpiece for Cloud,kingdom-hearts-integrum-masterpiece-for-cloud,2/10/2022,E10+,57,Compilation
1300512777,Retro Bowl,retro-bowl,2/10/2022,E,84,Football Sim
1300561010,About an Elf,about-an-elf,2/10/2022,T,65,Visual Novel
1300544011,Breakout: Recharged,breakout-recharged,2/10/2022,E,65,Arcade
1300541544,PowerSlave: Exhumed,powerslave-exhumed,2/10/2022,T,81,FPS
1300530259,Grapple Dog,grapple-dog,2/10/2022,E,76,2D Platformer
1300013318,River City Girls Zero,river-city-girls-zero,2/14/2022,E10+,68,2D Beat-'Em-Up
1300506188,Infernax,infernax,2/14/2022,M,84,Metroidvania
1300524392,Dynasty Warriors 9 Empires,dynasty-warriors-9-empires,2/15/2022,T,54,3D Beat-'Em-Up
1300460549,Assassin's Creed: The Ezio Collection,assassins-creed-the-ezio-collection,2/17/2022,,75,Compilation
1300563216,Voice of Cards: The Forsaken Maiden,voice-of-cards-the-forsaken-maiden,2/17/2022,T,79,Card Battle
1300534278,Sol Cresta,sol-cresta,2/22/2022,E10+,76,Vertical Shoot-'Em-Up
1300537867,Monark,monark,2/22/2022,T,62,RPG
1300474025,Variable Barricade,variable-barricade,2/24/2022,T,79,Visual Novel
1300451220,Never Alone: Arctic Collection,never-alone-arctic-collection,2/24/2022,E10+,68,2D Platformer
1300544239,Atelier Sophie 2: The Alchemist of the Mysterious Dream,atelier-sophie-2-the-alchemist-of-the-mysterious,2/25/2022,T,80,JRPG
1300005721,Moto Roader MC,moto-roader-mc,2/25/2022,E10+,52,Auto Racing
1300502012,Conan Chop Chop,conan-chop-chop,3/1/2022,E10+,67,Action RPG
1300538315,FAR: Changing Tides,far-changing-tides,3/1/2022,E,78,Linear Action Adventure
1300528334,Zombie Rollerz: Pinball Heroes,zombie-rollerz-pinball-heroes,3/2/2022,E,74,Pinball
1300156752,Primordia,primordia,3/2/2022,T,77,Point-and-Click
1300533119,A Musical Story,a-musical-story,3/3/2022,M,79,Rhythm
1300532239,Gunborg: Dark Matters,gunborg-dark-matters,3/4/2022,T,76,2D Platformer
1300532144,Triangle Strategy,triangle-strategy,3/4/2022,T,83,Turn-Based Tactics
1300522641,Ashwalkers: A Survival Journey,ashwalkers-a-survival-journey,3/10/2022,T,54,Third-Person Adventure
1300535121,Aztech: Forgotten Gods,aztech-forgotten-gods,3/10/2022,T,58,Action Adventure
1300512767,Grand Mountain Adventure: Wonderlands,grand-mountain-adventure-wonderlands,3/10/2022,E,81,Skiing
1300543813,Chocobo GP,chocobo-gp,3/10/2022,E10+,63,Arcade Racing
1300517415,Time Loader,time-loader,3/10/2022,E,70,Action Puzzle
1300489404,Young Souls,young-souls,3/10/2022,M,76,2D Beat-'Em-Up
1300468591,.hack//G.U. Last Recode,hack-gu-last-recode,3/10/2022,T,75,Compilation
1300525328,Phantom Breaker: Omnia,phantom-breaker-omnia,3/15/2022,T,66,2D Fighting
1300532445,The Cruel King and the Great Hero,the-cruel-king-and-the-great-hero,3/15/2022,E10+,73,JRPG
1300504115,Dawn of the Monsters,dawn-of-the-monsters,3/15/2022,T,81,2D Beat-'Em-Up
1300414567,Gal*Gun: Double Peace,galgun-double-peace,3/17/2022,M,66,Light Gun
1300199501,Persona 4 Arena Ultimax,persona-4-arena-ultimax,3/17/2022,T,81,2D Fighting
1300535852,The Ramp,the-ramp,3/17/2022,,61,Skating
1300530832,Dark Deity,dark-deity,3/17/2022,E10+,73,JRPG
1300563821,Mario Kart 8 Deluxe: Booster Course Pass - Wave 1,mario-kart-8-deluxe-booster-course-pass-wave-1,3/18/2022,E,73,Auto Racing
1300497459,Rune Factory 5,rune-factory-5,3/22/2022,T,68,Action RPG
1300471041,Tempest 4000,tempest-4000,3/22/2022,E,78,Top-Down Shoot-'Em-Up
1300524057,Andro Dunos 2,andro-dunos-2,3/24/2022,E,78,Horizontal Shoot-'Em-Up
1300532886,Imp of the Sun,imp-of-the-sun,3/24/2022,E10+,69,Metroidvania
1300543814,Kirby and the Forgotten Land,kirby-and-the-forgotten-land,3/25/2022,E10+,85,3D Platformer
1300517733,Ikai,ikai,3/29/2022,T,50,Survival
1300492367,Crystar,crystar,3/29/2022,T,66,Action RPG
1300213036,Big Bang Pro Wrestling,big-bang-pro-wrestling,3/30/2022,E10+,69,Wrestling
1300501973,LEGO Star Wars: The Skywalker Saga,lego-star-wars-the-skywalker-saga,4/5/2022,E10+,82,Action Adventure
1300562766,MLB The Show 22,mlb-the-show-22,4/5/2022,E,81,Baseball Sim
1300486383,The Last Friend,the-last-friend,4/7/2022,E10+,86,Defense
1300535123,THE HOUSE OF THE DEAD: Remake,the-house-of-the-dead-remake,4/7/2022,M,57,Light Gun
1300565406,Kombinera,kombinera,4/7/2022,E,77,Action Puzzle
1300563815,Chrono Cross: The Radical Dreamers Edition,chrono-cross-the-radical-dreamers-edition,4/7/2022,T,77,JRPG
1300477851,Slipstream (2018),slipstream-2018,4/7/2022,E,70,Auto Racing
1300451765,13 Sentinels: Aegis Rim,13-sentinels-aegis-rim,4/12/2022,T,88,Adventure
1300536116,Blast Brigade vs. the Evil Legion of Dr. Cread,blast-brigade-vs-the-evil-legion-of-dr-cread,4/13/2022,E10+,79,Metroidvania
1300521445,Tormented Souls,tormented-souls,4/14/2022,M,78,Survival
1300494193,Gotta Protectors: Cart of Darkness,gotta-protectors-cart-of-darkness,4/14/2022,T,83,Defense
1300521129,Cat Cafe Manager,cat-cafe-manager,4/14/2022,E10+,69,Tycoon
1300534021,Nobody Saves the World,nobody-saves-the-world,4/14/2022,T,83,Action RPG
1300517489,Toodee and Topdee,toodee-and-topdee,4/14/2022,E,84,2D Platformer
1300568896,Demon Turf: Neon Splash,demon-turf-neon-splash,4/14/2022,E10+,83,3D Platformer
1300538333,Taito Milestones,taito-milestones,4/15/2022,T,63,Compilation
1300568481,Robo Wars,robo-wars,4/15/2022,,40,2D Platformer
1300533057,Neptunia x Senran Kagura: Ninja Wars,neptunia-x-senran-kagura-ninja-wars,4/19/2022,T,65,Action RPG
1300027123,Star Wars: The Force Unleashed,star-wars-the-force-unleashed,4/20/2022,T,65,Linear Action Adventure
1300504476,Roguebook,roguebook,4/21/2022,E10+,66,Card Battle
1300533312,Lila's Sky Ark,lilas-sky-ark,4/21/2022,T,57,Action Adventure
1300523169,Anuchard,anuchard,4/21/2022,T,70,Action RPG
1300524967,Revita,revita,4/21/2022,E10+,78,2D Platformer
1300568001,Super Mega Zero,super-mega-zero,4/21/2022,,84,2D Platformer
1300564327,Ganryu 2: Hakuma Kojiro,ganryu-2-hakuma-kojiro,4/22/2022,E10+,61,2D Platformer
1300502013,Zombie Army 4: Dead War,zombie-army-4-dead-war,4/26/2022,M,80,Third Person Shooter
1300494285,The Stanley Parable: Ultra Deluxe,the-stanley-parable-ultra-deluxe,4/27/2022,T,87,First-Person Adventure
1300479025,Parkasaurus,parkasaurus,4/28/2022,E10+,82,Tycoon
1300534914,Waifu Impact,waifu-impact,4/28/2022,T,15,Third Person Shooter
1300518506,Bugsnax,bugsnax,4/28/2022,E10+,78,Open-World Action
1300507064,Arise: A Simple Story,arise-a-simple-story,4/28/2022,E,81,Third-Person Adventure
1300563819,Nintendo Switch Sports,nintendo-switch-sports,4/29/2022,E10+,72,Athletics
1300538323,Citizen Sleeper,citizen-sleeper,5/5/2022,T,81,Western RPG
1300566763,RiffTrax: The Game,rifftrax-the-game,5/5/2022,T,80,Party
1300538291,Eiyuden Chronicle: Rising,eiyuden-chronicle-rising,5/10/2022,E10+,65,Action RPG
1300542701,Prinny Presents NIS Classics Vol. 2,prinny-presents-nis-classics-vol-2,5/10/2022,T,74,Compilation
1300489322,Soundfall,soundfall,5/11/2022,E10+,73,Top-Down Shoot-'Em-Up
1300506779,Mini Motorways,mini-motorways,5/11/2022,,81,Management
1300562800,Gibbon: Beyond the Trees,gibbon-beyond-the-trees,5/11/2022,E10+,63,2D Platformer
1300538136,OPUS: Echo of Starsong,opus-echo-of-starsong,5/11/2022,E,75,Adventure
1300563824,The Centennial Case: A Shijima Story,the-centennial-case-a-shijima-story,5/12/2022,T,77,Adventure
1300569958,Vesper: Zero Light Edition,vesper-zero-light-edition,5/12/2022,E10+,73,2D Platformer
1300455540,Seven Pirates H,seven-pirates-h,5/12/2022,M,64,JRPG
1300563264,Dungeons of Dreadrock,dungeons-of-dreadrock,5/12/2022,T,80,Action Adventure
1300405459,Guild of Dungeoneering,guild-of-dungeoneering,5/19/2022,E,76,Roguelike
1300568849,DEADCRAFT,deadcraft,5/19/2022,M,76,Survival
1300564295,Snow Bros. Nick & Tom Special,snow-bros-nick-and-tom-special,5/19/2022,E,60,2D Platformer
1300538780,Cotton Fantasy,cotton-fantasy,5/20/2022,E10+,78,Horizontal Shoot-'Em-Up
1300541259,Touken Ranbu Warriors,touken-ranbu-warriors,5/24/2022,T,68,Action RPG
1300571284,Mechanic Battle,mechanic-battle,5/25/2022,E,56,Auto Racing
1300000546,Bio Motor Unitron,bio-motor-unitron,5/26/2022,E,65,RPG
1300549408,Pac-Man Museum+,pac-man-museum-plus,5/27/2022,E,75,Compilation
1300522818,Kao the Kangaroo,kao-the-kangaroo,5/27/2022,E10+,65,3D Platformer
1300571339,Samurai Riot: Definitive Edition,samurai-riot-definitive-edition,6/1/2022,,49,2D Beat-'Em-Up
1300538317,SILT,silt,6/1/2022,T,72,Action Adventure
1300522097,Card Shark,card-shark,6/2/2022,E10+,80,Adventure
1300479895,Lamplight City,lamplight-city,6/2/2022,T,69,Point-and-Click
1300538462,Souldiers,souldiers,6/2/2022,T,72,Metroidvania
1300569314,Gravitar: Recharged,gravitar-recharged,6/2/2022,E,70,Arcade
1300524073,Tokoyo: The Tower of Perpetuity,tokoyo-the-tower-of-perpetuity,6/2/2022,T,74,2D Platformer
1300563972,Wonder Boy Collection,wonder-boy-collection,6/3/2022,E,67,Compilation
1300535183,Lost Ruins,lost-ruins,6/6/2022,T,76,Metroidvania
1300020616,Star Wars: Knights of the Old Republic II - The Sith Lords,star-wars-knights-of-the-old-republic-ii-the-sit,6/8/2022,T,76,Western RPG
1300514103,Demon Slayer: Kimetsu no Yaiba - The Hinokami Chronicles,demon-slayer-kimetsu-no-yaiba-the-hinokami,6/10/2022,T,74,3D Fighting
1300563810,Mario Strikers: Battle League,mario-strikers-battle-league,6/10/2022,E10+,73,Soccer
1300507272,Metal Max Xeno Reborn,metal-max-xeno-reborn,6/10/2022,T,71,RPG
1300542095,Jumanji: The Curse Returns,jumanji-the-curse-returns,6/13/2022,T,44,Party
1300520775,Cloud Gardens,cloud-gardens,6/16/2022,E,75,Puzzle
1300533205,Teenage Mutant Ninja Turtles: Shredder's Revenge,teenage-mutant-ninja-turtles-shredders-revenge,6/16/2022,E10+,87,2D Beat-'Em-Up
1300564294,Final Vendetta,final-vendetta,6/17/2022,T,75,2D Beat-'Em-Up
1300173262,Wreckfest,wreckfest,6/21/2022,T,79,Auto Racing
1300571906,Firegirl: Hack 'n Splash Rescue DX,firegirl-hack-n-splash-rescue-dx,6/22/2022,E10+,66,2D Platformer
1300514105,Blade Runner: Enhanced Edition,blade-runner-enhanced-edition,6/23/2022,T,52,Point-and-Click
1300570520,Steve Jackson's Sorcery!: The Complete Collection,steve-jacksons-sorcery-the-complete-collection,6/23/2022,E10+,86,Compilation
1300537419,Sonic Origins,sonic-origins,6/23/2022,E,74,Compilation
1300537940,ElecHead,elechead,6/23/2022,E,86,2D Platformer
1300532841,Pocky & Rocky Reshrined,pocky-and-rocky-reshrined,6/24/2022,E10+,81,Top-Down Shoot-'Em-Up
1300539071,AI: The Somnium Files - nirvanA Initiative,ai-the-somnium-files-nirvana-initiative,6/24/2022,M,83,Action Adventure
1300564727,Capcom Fighting Collection,capcom-fighting-collection,6/24/2022,T,78,Compilation
1300563809,Fire Emblem Warriors: Three Hopes,fire-emblem-warriors-three-hopes,6/24/2022,T,80,3D Beat-'Em-Up
1300501637,Birushana: Rising Flower of Genpei,birushana-rising-flower-of-genpei,6/28/2022,T,79,Visual Novel
1300572890,Little Noah: Scion of Paradise,little-noah-scion-of-paradise,6/28/2022,E10+,87,2D Platformer
1300563817,Portal: Companion Collection,portal-companion-collection,6/28/2022,T,95,Compilation
1300504925,Rabbids: Party of Legends,rabbids-party-of-legends,6/30/2022,E,69,Party
1300572278,Ground Divers!,ground-divers,6/30/2022,E,72,Action Puzzle
1300543812,Monster Hunter Rise: Sunbreak,monster-hunter-rise-sunbreak,6/30/2022,T,85,Action RPG
1300486964,Cuphead in the Delicious Last Course,cuphead-in-the-delicious-last-course,6/30/2022,E10+,88,2D Platformer
1300505240,Gamedec,gamedec,7/1/2022,M,69,Western RPG
1300528258,Yurukill: The Calumniation Games,yurukill-the-calumniation-games,7/5/2022,T,72,Vertical Shoot-'Em-Up
1300521676,APICO,apico,7/7/2022,E,74,Tycoon
1300572942,Forklift Extreme,forklift-extreme,7/7/2022,E,66,Vehicle Sim
1300563816,Klonoa Phantasy Reverie Series,klonoa-phantasy-reverie-series,7/8/2022,E10+,78,Compilation
1300519427,F.I.S.T.: Forged In Shadow Torch,fist-forged-in-shadow-torch,7/12/2022,E10+,79,Metroidvania
1300541629,Time on Frog Island,time-on-frog-island,7/12/2022,E,64,Open-World Action
1300506890,Spidersaurs,spidersaurs,7/14/2022,E10+,71,2D Platformer
1300540574,XEL,xel,7/14/2022,T,43,Open-World Action
1300519293,SUPER UFO FIGHTER,super-ufo-fighter,7/14/2022,E,59,Future Sport
1300544360,Mothmen 1966,mothmen-1966,7/14/2022,M,68,Visual Novel
1300572828,LOUD,loud,7/15/2022,T,72,Rhythm
1300149562,Long Live The Queen,long-live-the-queen,7/15/2022,T,73,Visual Novel
1300488440,Endling - Extinction is Forever,endling-extinction-is-forever,7/19/2022,T,82,Action Adventure
1300553481,Redout 2,redout-2,7/19/2022,E,63,Future Racing
1300018262,Baldur's Gate: Dark Alliance II,baldurs-gate-dark-alliance-ii,7/20/2022,T,66,Action RPG
1300510651,Bright Memory: Infinite,bright-memory-infinite,7/21/2022,M,59,FPS
1300511222,Coromon,coromon,7/21/2022,E10+,75,Trainer RPG
1300533373,Severed Steel,severed-steel,7/21/2022,M,76,FPS
1300542693,River City Saga: Three Kingdoms,river-city-saga-three-kingdoms,7/21/2022,E10+,66,2D Beat-'Em-Up
1300568635,Capcom Arcade 2nd Stadium,capcom-arcade-2nd-stadium,7/22/2022,T,79,Compilation
1300563818,Live A Live,live-a-live,7/22/2022,T,81,JRPG
1300572897,Train Valley: Console Edition,train-valley-console-edition,7/27/2022,E,79,Tycoon
1300495837,Dungeon Munchies,dungeon-munchies,7/28/2022,M,54,Action RPG
1300519285,Azure Striker Gunvolt 3,azure-striker-gunvolt-3,7/28/2022,T,80,2D Platformer
1300488536,Digimon Survive,digimon-survive,7/29/2022,T,77,Turn-Based Tactics
1300011665,Avenging Spirit,avenging-spirit,7/29/2022,E10+,67,2D Platformer
1300539229,MADiSON,madison,7/29/2022,M,69,First-Person Adventure
1300563822,Xenoblade Chronicles 3,xenoblade-chronicles-3,7/29/2022,T,89,Action RPG
1300537926,Frogun,frogun,8/2/2022,E,74,3D Platformer
1300019611,Mega Man Battle & Fighters,mega-man-battle-and-fighters,8/3/2022,,68,Action
1300526278,South of the Circle,south-of-the-circle,8/3/2022,T,69,Adventure
1300575647,Mario Kart 8 Deluxe: Booster Course Pass - Wave 2,mario-kart-8-deluxe-booster-course-pass-wave-2,8/4/2022,,77,Auto Racing
1300535118,Hindsight,hindsight,8/4/2022,E,70,Adventure
1300538103,Two Point Campus,two-point-campus,8/9/2022,T,87,Tycoon
1300517476,Lost in Play,lost-in-play,8/10/2022,E10+,84,Adventure
1300534106,Arcade Paradise,arcade-paradise,8/11/2022,T,82,Virtual Career
1300532275,Shin-chan: Me and the Professor on Summer Vacation - The Endless Seven-Day Journey,shin-chan-me-and-the-professor-on-summer-vacation,8/11/2022,E,79,Adventure
1300542090,Cult of the Lamb,cult-of-the-lamb,8/11/2022,T,79,Action Adventure
1300543850,Blossom Tales II: The Minotaur Prince,blossom-tales-ii-the-minotaur-prince,8/16/2022,E10+,77,Open-World Action
1300573350,Kirby's Dream Buffet,kirbys-dream-buffet,8/17/2022,E,67,Party
1300563646,RPG Time: The Legend of Wright,rpg-time-the-legend-of-wright,8/18/2022,E10+,74,RPG
1300528639,We Are OFK,we-are-ofk,8/18/2022,M,74,Adventure
1300542344,Cursed to Golf,cursed-to-golf,8/18/2022,E,75,Golf
1300573436,Yars: Recharged,yars-recharged,8/23/2022,E,83,Top-Down Shoot-'Em-Up
1300546103,Islets,islets,8/24/2022,E10+,82,Metroidvania
1300517235,I Was a Teenage Exocolonist,i-was-a-teenage-exocolonist,8/25/2022,T,83,Card Battle
1300563814,SD Gundam Battle Alliance,sd-gundam-battle-alliance,8/25/2022,T,73,Action RPG
1300572888,Pac-Man World: Re-PAC,pac-man-world-re-pac,8/26/2022,E,65,3D Platformer
1300538320,Tinykin,tinykin,8/30/2022,E10+,87,3D Platformer
1300539663,Dusk Diver 2,dusk-diver-2,8/30/2022,T,60,3D Beat-'Em-Up
1300568025,Prinny Presents NIS Classics Volume 3 La Pucelle: Ragnarok / Rhapsody: A Musical Adventure,prinny-presents-nis-classics-volume-3-la-pucelle,8/30/2022,T,71,Compilation
1300566317,Teenage Mutant Ninja Turtles: The Cowabunga Collection,teenage-mutant-ninja-turtles-the-cowabunga,8/30/2022,T,83,Compilation
1300521447,ANNO: Mutationem,anno-mutationem,9/1/2022,T,78,Metroidvania
1300465363,Ooblets,ooblets,9/1/2022,E,74,Trainer RPG
1300506570,Hell Pie,hell-pie,9/1/2022,M,61,3D Platformer
1300554551,Gerda: A Flame in Winter,gerda-a-flame-in-winter,9/1/2022,T,80,Third-Person Adventure
1300566318,JoJo's Bizarre Adventure: All-Star Battle R,jojos-bizarre-adventure-all-star-battle-r,9/2/2022,T,68,3D Fighting
1300536086,Made in Abyss: Binary Star Falling into Darkness,made-in-abyss-binary-star-falling-into-darkness,9/2/2022,M,64,Action RPG
1300518429,"Please, Touch The Artwork",please-touch-the-artwork,9/3/2022,E,78,Puzzle
1300486254,Temtem,temtem,9/6/2022,E10+,76,Trainer RPG
1300553480,Circus Electrique,circus-electrique,9/6/2022,T,70,Turn-Based Tactics
1300455712,White Day: A Labyrinth Named School,white-day-a-labyrinth-named-school,9/8/2022,T,63,Survival
1300532149,Splatoon 3,splatoon-3,9/9/2022,E10+,83,Third Person Shooter
1300514056,"Haiku, the Robot",haiku-the-robot,9/9/2022,E,79,Metroidvania
1300578372,Easy Come Easy Golf,easy-come-easy-golf,9/13/2022,,85,Golf
1300577734,Voice of Cards: The Beasts of Burden,voice-of-cards-the-beasts-of-burden,9/13/2022,T,76,Card Battle
1300506524,Various Daylife,various-daylife,9/13/2022,E10+,63,JRPG
1300506883,Little Orpheus,little-orpheus,9/13/2022,E,65,2D Platformer
1300501662,Svoboda 1945,svoboda-1945,9/13/2022,E10+,81,Visual Novel
1300567300,Foretales,foretales,9/15/2022,E10+,77,Card Battle
1300522096,Bear and Breakfast,bear-and-breakfast,9/15/2022,E10+,72,Tycoon
1300506981,Wayward Strand,wayward-strand,9/15/2022,T,83,Adventure
1300568165,Return to Monkey Island,return-to-monkey-island,9/19/2022,E10+,85,Point-and-Click
1300419539,Amnesia: Memories,amnesia-memories,9/20/2022,T,71,Visual Novel
1300501903,Jack Move,jack-move,9/20/2022,E10+,87,JRPG
1300281747,Amnesia: Later x Crowd V. Edition,amnesia-later-x-cloud-v-edition,9/20/2022,T,79,Compilation
1300566319,The DioField Chronicle,the-diofield-chronicle,9/22/2022,T,67,Real-Time Tactics
1300455728,OneShot,oneshot,9/22/2022,E,92,Adventure
1300519098,Beacon Pines,beacon-pines,9/22/2022,T,84,Adventure
1300506052,Shovel Knight Dig,shovel-knight-dig,9/23/2022,E10+,85,2D Platformer
1300563820,Taiko no Tatsujin: Rhythm Festival,taiko-no-tatsujin-rhythm-festival,9/23/2022,E,80,Rhythm
1300548159,The Spirit and the Mouse,the-spirit-and-the-mouse,9/26/2022,E,82,Action Adventure
1300076175,The Legend of Heroes: Trails from Zero,the-legend-of-heroes-trails-from-zero,9/27/2022,T,85,JRPG
1300566885,Moonscars,moonscars,9/27/2022,T,65,Metroidvania
1300576758,Life is Strange: Arcadia Bay Collection,life-is-strange-arcadia-bay-collection,9/27/2022,M,66,Compilation
1300512796,Hokko Life,hokko-life,9/27/2022,E,62,Virtual Life
1300521505,Penko Park,penko-park,9/27/2022,E,81,First-Person Adventure
1300468556,Tunic,tunic,9/27/2022,E10+,88,Open-World Action
1300535611,Let's Build a Zoo,lets-build-a-zoo,9/29/2022,E10+,74,Tycoon
1300528132,Dorfromantik,dorfromantik,9/29/2022,E,84,Turn-Based Strategy
1300528098,RAILGRADE,railgrade,9/29/2022,E,75,Tycoon
1300499055,Sword Art Online: Alicization Lycoris,sword-art-online-alicization-lycoris,9/30/2022,T,64,Action RPG
1300564855,Airoheart,airoheart,9/30/2022,E10+,61,Open-World Action
1300482249,Youropa,youropa,10/6/2022,E,69,Action Adventure
1300572882,NieR: Automata - The End of YoRHa Edition,nier-automata-the-end-of-yorha-edition,10/6/2022,M,89,Action RPG
1300223342,No Man's Sky,no-mans-sky,6/5/2025,T,91,Open-World Action
1300039062,Chaos;Head Noah,chaos-head-noah,10/7/2022,M,68,Visual Novel
1300550364,Chaos;Head Noah / Chaos;Child Double Pack,chaoshead-noah-chaoschild-double-pack,10/7/2022,M,77,Compilation
1300578556,Splatter - Zombiecalypse Now,splatter-zombiecalypse-now,10/7/2022,M,57,Top-Down Shoot-'Em-Up
1300525147,Aquarist,aquarist,10/10/2022,E,59,Virtual Career
1300568020,Kamiwaza: Way of the Thief,kamiwaza-way-of-the-thief,10/11/2022,T,70,Action Adventure
1300489369,The Battle of Polytopia,the-battle-of-polytopia,10/12/2022,E10+,72,4X Strategy
1300567612,LEGO Bricktales,lego-bricktales,10/12/2022,E,68,Sandbox
1300541563,Paradise Marsh,paradise-marsh,10/13/2022,E,70,First-Person Adventure
1300572487,Atari Mania,atari-mania,10/13/2022,E,66,Party
1300548807,Dragon Ball: The Breakers,dragon-ball-the-breakers,10/14/2022,T,64,Action Adventure
1300573235,Nickelodeon Kart Racers 3: Slime Speedway,nickelodeon-kart-racers-3-slime-speedway,10/14/2022,E,64,Auto Racing
1300538287,A Plague Tale: Requiem,a-plague-tale-requiem,10/18/2022,M,76,Linear Action Adventure
1300542697,Alan Wake Remastered,alan-wake-remastered,10/20/2022,T,58,Survival
1300563974,The Jackbox Party Pack 9,the-jackbox-party-pack-9,10/20/2022,T,80,Party
1300537724,"Warhammer 40,000: Shootas, Blood & Teef",warhammer-40000-shootas-blood-and-teef,10/20/2022,T,67,2D Platformer
1300538213,Mario + Rabbids Sparks of Hope,mario-plus-rabbids-sparks-of-hope,10/20/2022,E10+,85,Turn-Based Tactics
1300572898,Ultra Kaiju Monster Rancher,ultra-kaiju-monster-rancher,10/20/2022,E10+,74,Trainer RPG
1300498869,Persona 5 Royal,persona-5-royal,10/21/2022,M,94,JRPG
1300554529,Yomawari: Lost in the Dark,yomawari-lost-in-the-dark,10/25/2022,T,79,Action Adventure
1300514897,Signalis,signalis,10/27/2022,M,84,Survival
1300536654,Paradigm Paradox,paradigm-paradox,10/27/2022,T,73,Visual Novel
1300550140,Arkanoid: Eternal Battle,arkanoid-eternal-battle,10/27/2022,E,72,Arcade
1300573180,Asterix & Obelix XXXL: The Ram From Hibernia,asterix-and-obelix-xxxl-the-ram-from-hibernia,10/27/2022,E10+,61,Action Adventure
1300506837,The Pinball Wizard,the-pinball-wizard,10/27/2022,E,64,Pinball
1300514898,Buddy Simulator 1984,buddy-simulator-1984,10/27/2022,T,79,Adventure
1300493698,Prodeus,prodeus,10/28/2022,M,81,FPS
1300479390,Bayonetta 3,bayonetta-3,10/28/2022,M,86,Linear Action Adventure
1300455062,Factorio,factorio,10/28/2022,T,76,Tycoon
1300573048,Ace Angler: Fishing Spirits,ace-angler-fishing-spirits,10/28/2022,T,65,Fishing
1300532830,Sophstar,sophstar,10/28/2022,E10+,83,Vertical Shoot-'Em-Up
1300573100,Horse Tales: Emerald Valley Ranch,horse-tales-emerald-valley-ranch,11/1/2022,E,52,Virtual Pet
1300523426,Lonesome Village,lonesome-village,11/1/2022,E,71,Virtual Life
1300568988,ARK: Ultimate Survivor Edition,ark-ultimate-survivor-edition,11/1/2022,T,66,Sandbox
1300571065,Shatter Remastered Deluxe,shatter-remastered-deluxe,11/2/2022,E,82,Arcade
1300572891,Doraemon: Story of Seasons - Friends of the Great Kingdom,doraemon-story-of-seasons-friends-of-the-great,11/2/2022,E,75,Virtual Life
1300457715,Mecha Ritz: Steel Rondo,mecha-ritz-steel-rondo,11/3/2022,E10+,74,Vertical Shoot-'Em-Up
1300530192,Aeterna Noctis,aeterna-noctis,11/4/2022,T,67,Metroidvania
1300518981,It Takes Two,it-takes-two,11/4/2022,T,82,Linear Action Adventure
1300572894,Harvestella,harvestella,11/4/2022,T,73,Action RPG
1300532572,SIFU,sifu,11/8/2022,M,81,3D Beat-'Em-Up
1300537425,Sonic Frontiers,sonic-frontiers,11/8/2022,E10+,69,3D Platformer
1300514909,Rogue Legacy 2,rogue-legacy-2,11/9/2022,E10+,87,Roguelike
1300575731,NeoGeo Pocket Color Selection Vol. 2,neogeo-pocket-color-selection-vol-2,11/9/2022,T,65,Compilation
1300538824,Once Upon a Jester...,once-upon-a-jester,11/9/2022,,78,Adventure
1300538009,A Little To The Left,a-little-to-the-left,11/9/2022,E,75,Puzzle
1300522488,Lunistice,lunistice,11/10/2022,E,82,3D Platformer
1300580496,Jurassic World Aftermath Collection,jurassic-world-aftermath-collection,11/10/2022,T,62,Compilation
1300572928,Atari 50: The Anniversary Celebration,atari-50-the-anniversary-celebration,11/11/2022,T,89,Compilation
1300575734,Tactics Ogre: Reborn,tactics-ogre-reborn,11/11/2022,T,84,Turn-Based Tactics
1300523790,RWBY: Arrowfell,rwby-arrowfell,11/15/2022,E10+,60,2D Beat-'Em-Up
1300572837,Smurfs Kart,smurfs-kart,11/15/2022,E,66,Auto Racing
1300553079,Goodbye World,goodbye-world,11/17/2022,E,62,Adventure
1300582148,Wobbledogs: Console Edition,wobbledogs-console-edition,11/17/2022,E10+,63,Virtual Pet
1300565312,Pokemon Violet,pokemon-violet,11/18/2022,E,71,Trainer RPG
1300565313,Pokemon Scarlet,pokemon-scarlet,11/18/2022,E,72,Trainer RPG
1300573483,Oddworld: Soulstorm - Oddtimized Edition,oddworld-soulstorm-oddtimized-edition,11/18/2022,T,69,Action Adventure
1300578265,Just Dance 2023 Edition,just-dance-2023-edition,11/22/2022,E,77,Dancing
1300545208,Retro Goal,retro-goal,11/24/2022,E,78,Soccer
1300576434,Soccer Story,soccer-story,11/29/2022,E,55,RPG
1300569890,The Knight Witch,the-knight-witch,11/29/2022,E10+,72,Metroidvania
1300563811,Front Mission 1st Remake,front-mission-1st-remake,11/30/2022,T,69,Turn-Based Tactics
1300528295,Astronite,astronite,11/30/2022,E10+,73,Metroidvania
1300527377,Lover Pretend,lover-pretend,12/1/2022,T,77,Visual Novel
1300569238,Railbound,railbound,12/1/2022,E,81,Action Puzzle
1300505248,Papetura,papetura,12/1/2022,E,60,Point-and-Click
1300571611,Romancing SaGa: Minstrel Song Remastered,romancing-saga-minstrel-song-remastered,12/1/2022,T,68,JRPG
1300544659,Donut Dodo,donut-dodo,12/1/2022,E10+,78,2D Platformer
1300521776,Inscryption,inscryption,12/1/2022,M,87,Card Battle
1300465826,Intrepid Izzy,intrepid-izzy,12/2/2022,E10+,65,2D Platformer
1300568416,Super Kiwi 64,super-kiwi-64,12/2/2022,E,65,3D Platformer
1300547115,Swordship,swordship,12/5/2022,E,77,Arcade
1300517779,Paper Cut Mansion,paper-cut-mansion,12/5/2022,,57,Adventure
1300538892,Kukoos - Lost Pets,kukoos-lost-pets,12/6/2022,E,68,3D Platformer
1300533457,Togges,togges,12/7/2022,E,73,3D Platformer
1300578368,Mario Kart 8 Deluxe: Booster Course Pass - Wave 3,mario-kart-8-deluxe-booster-course-pass-wave-3,12/7/2022,,83,Auto Racing
1300512124,Chained Echoes,chained-echoes,12/8/2022,M,90,JRPG
1300575659,Samurai Maiden,samurai-maiden,12/8/2022,T,68,3D Beat-'Em-Up
1300206251,Witch on the Holy Night,witch-on-the-holy-night,12/8/2022,M,81,Visual Novel
1300023643,The Rumble Fish 2,the-rumble-fish-2,12/8/2022,T,69,2D Fighting
1300537367,Dragon Quest Treasures,dragon-quest-treasures,12/9/2022,E10+,72,JRPG
1300571988,Adventure Academia: The Fractured Continent,adventure-academia-the-fractured-continent,12/9/2022,E,58,Turn-Based Tactics
1300533107,Jitsu Squad,jitsu-squad,12/9/2022,T,70,2D Beat-'Em-Up
1300547110,Wavetale,wavetale,12/12/2022,T,78,Action Adventure
1300572557,Crisis Core: Final Fantasy VII Reunion,crisis-core-final-fantasy-vii-reunion,12/13/2022,T,77,Action RPG
1300534377,Aka,aka,12/14/2022,E,60,Virtual Life
1300535145,Lil Gator Game,lil-gator-game,12/14/2022,E,84,Open-World Action
1300538345,River City Girls 2,river-city-girls-2,12/15/2022,E10+,78,2D Beat-'Em-Up
1300517433,Itadaki Smash,itadaki-smash,12/15/2022,,54,2D Beat-'Em-Up
1300497782,Sail Forth,sail-forth,12/21/2022,E10+,77,Marine Combat Sim
1300534242,Melatonin,melatonin,12/22/2022,E,87,Rhythm
1300510278,Sports Story,sports-story,12/23/2022,E10+,54,RPG
1300526408,Toy Soldiers HD,toy-soldiers-hd,12/31/2022,T,64,Real-Time Strategy
1300560724,Lone Ruin,lone-ruin,1/12/2023,E,69,Top-Down Shoot-'Em-Up
1300496205,Terror of Hemasaurus,terror-of-hemasaurus,1/12/2023,M,76,Arcade
1300576889,Vengeful Guardian: Moonrider,vengeful-guardian-moonrider,1/12/2023,T,77,2D Platformer
1300505559,Breakers Collection,breakers-collection,1/12/2023,E10+,80,Compilation
1300509906,A Space For The Unbound,a-space-for-the-unbound,1/19/2023,T,85,Adventure
1300541727,NeverAwake,neverawake,1/19/2023,T,88,Horizontal Shoot-'Em-Up
1300116768,Persona 4 Golden,persona-4-golden,1/19/2023,M,90,JRPG
1300054207,Shin Megami Tensei: Persona 3 Portable,shin-megami-tensei-persona-3-portable,1/19/2023,M,81,JRPG
1300578359,Fire Emblem Engage,fire-emblem-engage,1/20/2023,T,80,Turn-Based Tactics
1300575688,The Excavation of Hob's Barrow,the-excavation-of-hobs-barrow,1/25/2023,M,83,Point-and-Click
1300571840,Wonder Boy Anniversary Collection,wonder-boy-anniversary-collection,1/26/2023,E10+,72,Compilation
1300583377,Onion Assault,onion-assault,1/26/2023,E10+,72,2D Platformer
1300515827,Roller Drama,roller-drama,1/26/2023,T,53,Visual Novel
1300493071,ATONE: Heart of the Elder Tree,atone-heart-of-the-elder-tree,1/27/2023,T,76,Action Adventure
1300538266,Trek to Yomi,trek-to-yomi,1/30/2023,M,64,Linear Action Adventure
1300516246,PowerWash Simulator,powerwash-simulator,1/31/2023,E,84,Virtual Career
1300543484,SpongeBob SquarePants: The Cosmic Shake,spongebob-squarepants-the-cosmic-shake,1/31/2023,E10+,73,3D Platformer
1300487429,Life is Strange 2,life-is-strange-2,2/2/2023,M,74,Third-Person Adventure
1300494297,The Pathless,the-pathless,2/2/2023,E10+,77,Open-World Action
1300570888,Cuddly Forest Friends,cuddly-forest-friends,2/2/2023,E,78,Virtual Life
1300571316,DRAINUS,drainus,2/2/2023,T,84,Horizontal Shoot-'Em-Up
1300518645,Fashion Police Squad,fashion-police-squad,2/2/2023,T,80,FPS
1300501590,Helvetii,helvetii,2/3/2023,E10+,77,Action RPG
1300535101,Nadir: A Grimdark Deck Builder,nadir-a-grimdark-deck-builder,2/7/2023,E10+,55,Card Battle
1300588444,Metroid Prime Remastered,metroid-prime-remastered,2/8/2023,T,94,FPS
1300498832,Labyrinth of Galleria: The Moon Society,labyrinth-of-galleria-the-moon-society,2/14/2023,M,83,JRPG
1300572889,Blanc,blanc,2/14/2023,E,64,Third-Person Adventure
1300573226,Ten Dates,ten-dates,2/14/2023,M,75,Adventure
1300524988,Elderand,elderand,2/16/2023,M,70,Metroidvania
1300578365,Theatrhythm Final Bar Line,theatrhythm-final-bar-line,2/16/2023,T,87,Rhythm
1300577576,Dust & Neon,dust-and-neon,2/16/2023,E10+,74,Top-Down Shoot-'Em-Up
1300578369,Tales of Symphonia Remastered,tales-of-symphonia-remastered,2/17/2023,T,63,Action RPG
1300571559,Ninja JaJaMaru: The Great Yokai Battle + Hell,ninja-jajamaru-the-great-yokai-battle-plus-hell,2/21/2023,E10+,76,2D Platformer
1300583849,Akka Arrh,akka-arrh,2/21/2023,E10+,72,Arcade
1300584239,Redemption Reapers,redemption-reapers,2/22/2023,T,59,Turn-Based Tactics
1300450301,Digimon World: Next Order,digimon-world-next-order,2/22/2023,E10+,61,Trainer RPG
1300576145,Gal Guardians: Demon Purge,gal-guardians-demon-purge,2/23/2023,T,76,Metroidvania
1300578363,Octopath Traveler II,octopath-traveler-ii,2/24/2023,T,85,JRPG
1300578370,Kirby's Return to Dream Land Deluxe,kirbys-return-to-dream-land-deluxe,2/24/2023,E10+,79,2D Platformer
1300463231,Clive 'N' Wrench,clive-n-wrench,2/24/2023,E10+,52,3D Platformer
1300564840,void* tRrLM2(); //Void Terrarium 2,void-trrlm2-void-terrarium-2,2/28/2023,T,78,Roguelike
1300536773,Rytmos,rytmos,2/28/2023,E,80,Action Puzzle
1300532479,Lucy Dreaming,lucy-dreaming,2/28/2023,T,79,Point-and-Click
1300467243,Ken Follett's The Pillars of the Earth,ken-folletts-the-pillars-of-the-earth,3/1/2023,M,79,Visual Novel
1300571317,Meg's Monster,megs-monster,3/2/2023,T,79,JRPG
1300578360,Fitness Boxing Fist of the North Star,fitness-boxing-fist-of-the-north-star,3/2/2023,E10+,65,Exercise
1300584024,Dead Cells: Return to Castlevania,dead-cells-return-to-castlevania,3/6/2023,T,92,Metroidvania
1300498888,Little Witch Nobeta,little-witch-nobeta,3/7/2023,T,71,Action RPG
1300518578,Pronty: Fishy Adventure,pronty-fishy-adventure,3/7/2023,E,71,Metroidvania
1300500773,Figment 2: Creed Valley,figment-2-creed-valley,3/9/2023,E10+,72,Action Adventure
1300170459,Ib,ib,3/9/2023,T,82,Adventure
1300034371,Fatal Frame: Mask of the Lunar Eclipse,fatal-frame-mask-of-the-lunar-eclipse,3/9/2023,T,73,Survival
1300587331,Caverns of Mars: Recharged,caverns-of-mars-recharged,3/9/2023,E,74,Vertical Shoot-'Em-Up
1300486962,Session: Skate Sim,session-skate-sim,3/9/2023,T,48,Skating
1300571231,DC's Justice League: Cosmic Chaos,dcs-justice-league-cosmic-chaos,3/10/2023,E10+,79,Open-World Action
1300573435,Mato Anomalies,mato-anomalies,3/10/2023,T,60,JRPG
1300587072,Tents & Trees,tents-and-trees,3/14/2023,E,90,Logic Puzzle
1300101861,The Legend of Heroes: Trails to Azure,the-legend-of-heroes-trails-to-azure,3/14/2023,T,86,JRPG
1300538783,Flame Keeper,flame-keeper,3/17/2023,E,67,Action RPG
1300584031,Bayonetta Origins: Cereza and the Lost Demon,bayonetta-origins-cereza-and-the-lost-demon,3/17/2023,T,80,Linear Action Adventure
1300488296,Remnant: From the Ashes,remnant-from-the-ashes,3/21/2023,M,70,Third Person Shooter
1300553286,Have a Nice Death,have-a-nice-death,3/22/2023,T,78,2D Platformer
1300130670,Storyteller,storyteller,3/23/2023,T,73,Puzzle
1300220026,Rakuen,rakuen,3/23/2023,E10+,86,Adventure
1300587716,MLB The Show 23,mlb-the-show-23,3/24/2023,E,83,Baseball Sim
1300578367,Atelier Ryza 3: Alchemist of the End & the Secret Key,atelier-ryza-3-alchemist-of-the-end-and-the-secret,3/24/2023,T,82,JRPG
1300573392,Kraino Origins,kraino-origins,3/28/2023,E10+,76,2D Platformer
1300520541,Gripper,gripper,3/29/2023,T,58,Action RPG
1300498265,Pirates Outlaws,pirates-outlaws,3/29/2023,E10+,76,Card Battle
1300542409,Papertris,papertris,3/30/2023,,57,Stacking Puzzle
1300589256,Assault Suits Valken Declassified,assault-suits-valken-declassified,3/30/2023,E10+,76,Horizontal Shoot-'Em-Up
1300539933,DREDGE,dredge,3/30/2023,E10+,84,Action Adventure
1300501586,Lunark,lunark,3/30/2023,E10+,77,2D Platformer
1300304512,Norn9: Var Commons,norn9-var-commons,3/30/2023,T,80,Visual Novel
1300568831,GrimGrimoire OnceMore,grimgrimoire-oncemore,4/4/2023,T,78,Command RTS
1300505460,Curse of the Sea Rats,curse-of-the-sea-rats,4/6/2023,E10+,61,Metroidvania
1300501309,Pupperazzi,pupperazzi,4/6/2023,E,75,Open-World Action
1300501385,Melon Journey: Bittersweet Memories,melon-journey-bittersweet-memories,4/6/2023,T,68,Adventure
1300517437,The Library of Babel,the-library-of-babel,4/7/2023,M,55,2D Platformer
1300531153,Process of Elimination,process-of-elimination,4/11/2023,M,70,Visual Novel
1300578197,Disney TRON: Identity,disney-tron-identity,4/11/2023,T,74,Visual Novel
1300570705,Wildfrost,wildfrost,4/12/2023,E10+,81,Card Battle
1300572885,Mega Man Battle Network Legacy Collection,mega-man-battle-network-legacy-collection,4/14/2023,E10+,77,Compilation
1300588991,The Mageseeker: A League of Legends Story,the-mageseeker-a-league-of-legends-story,4/18/2023,T,81,Action RPG
1300524387,Teslagrad 2,teslagrad-2,4/19/2023,,69,Metroidvania
1300582305,Shadows Over Loathing,shadows-over-loathing,4/19/2023,T,88,JRPG
1300565686,Panic Porcupine,panic-porcupine,4/20/2023,E,73,2D Platformer
1300542224,Coffee Talk Episode 2: Hibiscus & Butterfly,coffee-talk-episode-2-hibiscus-and-butterfly,4/20/2023,T,82,Visual Novel
1300585221,Final Fantasy Pixel Remaster: FF35th Anniversary Edition,final-fantasy-pixel-remaster-ff35th-anniversary,4/21/2023,T,84,Compilation
1300538375,Advance Wars 1 + 2: Re-Boot Camp,advance-wars-1-plus-2-re-boot-camp,4/21/2023,E10+,83,Turn-Based Tactics
1300498470,Smile For Me,smile-for-me,4/24/2023,E10+,81,First-Person Adventure
1300571342,Trinity Trigger,trinity-trigger,4/25/2023,E10+,73,Action RPG
1300551910,Afterimage,afterimage,4/25/2023,E10+,64,Metroidvania
1300587374,Strayed Lights,strayed-lights,4/25/2023,E10+,72,Action Adventure
1300529705,Ash of Gods: The Way,ash-of-gods-the-way,4/27/2023,T,74,Card Battle
1300550155,Minabo - A walk through life,minabo-a-walk-through-life,4/28/2023,E,65,Virtual Life
1300538430,Nuclear Blaze,nuclear-blaze,4/28/2023,E10+,80,2D Platformer
1300534665,Super Dungeon Maker,super-dungeon-maker,5/3/2023,E,70,Action Adventure
1300586846,Dokapon Kingdom: Connect,dokapon-kingdom-connect,5/9/2023,E10+,63,Party
1300573449,Fuga: Melodies of Steel 2,fuga-melodies-of-steel-2,5/11/2023,T,84,JRPG
1300502074,The Legend of Zelda: Tears of the Kingdom,the-legend-of-zelda-tears-of-the-kingdom,5/12/2023,E10+,96,Open-World Action
1300591523,LEGO 2K Drive,lego-2k-drive,5/16/2023,E10+,61,Auto Racing
1300583170,Murtop,murtop,5/18/2023,E,77,Arcade
1300529328,Winter's Wish: Spirits of Edo,winters-wish-spirits-of-edo,5/18/2023,T,74,Visual Novel
1300499441,Nightmare Reaper,nightmare-reaper,5/18/2023,M,64,FPS
1300594822,Cyber Citizen Shockman,cyber-citizen-shockman,5/19/2023,E10+,54,2D Platformer
1300548811,CONV/RGENCE: A League of Legends Story,conv-rgence-a-league-of-legends-story,5/23/2023,T,75,2D Platformer
1300589533,Farming Simulator 23,farming-simulator-23,5/23/2023,E,56,Virtual Career
1300581329,ghostpia Season One,ghostpia-season-one,5/23/2023,T,82,Visual Novel
1300544238,Monster Menu: The Scavenger's Cookbook,monster-menu-the-scavengers-cookbook,5/23/2023,T,62,JRPG
1300577298,Puzzle Bobble Everybubble!,puzzle-bobble-everybubble,5/23/2023,E,79,Matching Puzzle
1300571712,"Warhammer 40,000: Boltgun",warhammer-40000-boltgun,5/23/2023,M,73,FPS
1300516750,Cassette Beasts,cassette-beasts,5/25/2023,E10+,81,Trainer RPG
1300541100,The Case of the Golden Idol,the-case-of-the-golden-idol,5/25/2023,T,93,Point-and-Click
1300590018,Fitness Circuit,fitness-circuit,5/26/2023,E,76,Exercise
1300540264,Decarnation,decarnation,5/31/2023,T,70,Survival
1300588443,Etrian Odyssey Origins Collection,etrian-odyssey-origins-collection,6/1/2023,T,77,Compilation
1300588442,We Love Katamari REROLL+ Royal Reverie,we-love-katamari-reroll-plus-royal-reverie,6/2/2023,E,84,Action Adventure
1300594395,Super Mega Baseball 4,super-mega-baseball-4,6/2/2023,E,83,Baseball
1300578323,Loop8: Summer of Gods,loop8-summer-of-gods,6/6/2023,T,50,JRPG
1300588003,Bleak Sword DX,bleak-sword-dx,6/8/2023,T,77,Action
1300588441,Harmony: The Fall of Reverie,harmony-the-fall-of-reverie,6/8/2023,M,71,Visual Novel
1300515039,Dordogne,dordogne,6/13/2023,E,74,Adventure
1300499954,Jack Jeanne,jack-jeanne,6/15/2023,T,90,Visual Novel
1300498097,ProtoCorgi,protocorgi,6/15/2023,E,74,Horizontal Shoot-'Em-Up
1300018114,Pikmin 2,pikmin-2,6/21/2023,E10+,69,Real-Time Strategy
1300598354,Pikmin 1 + 2,pikmin-1-plus-2,6/21/2023,E10+,79,Compilation
1300003672,Pikmin,pikmin,6/21/2023,E10+,82,Real-Time Strategy
1300591465,Dr. Fetus' Mean Meat Machine,dr-fetus-mean-meat-machine,6/22/2023,T,63,Matching Puzzle
1300591527,Sonic Origins Plus,sonic-origins-plus,6/23/2023,E,77,Compilation
1300522574,Everdream Valley,everdream-valley,6/23/2023,E,53,Sandbox
1300474026,Charade Maniacs,charade-maniacs,6/27/2023,T,69,Visual Novel
1300578362,Story of Seasons: A Wonderful Life,story-of-seasons-a-wonderful-life,6/27/2023,E,72,Virtual Life
1300526893,AEW: Fight Forever,aew-fight-forever,6/29/2023,T,57,Wrestling
1300597745,The Lara Croft Collection,the-lara-croft-collection,6/29/2023,T,79,Compilation
1300577164,Crime O'Clock,crime-oclock,6/30/2023,E10+,69,Hidden Object
1300550367,Master Detective Archives: RAIN CODE,master-detective-archives-rain-code,6/30/2023,M,77,Action Adventure
1300572895,Ray'z Arcade Chronology,rayz-arcade-chronology,6/30/2023,E10+,81,Compilation
1300596553,Everybody 1-2-Switch!,everybody-1-2-switch,6/30/2023,E,54,Party
1300057084,Ghost Trick: Phantom Detective,ghost-trick-phantom-detective,6/30/2023,T,86,Adventure
1300576890,Gimmick! Special Edition,gimmick-special-edition,7/6/2023,E,77,2D Platformer
1300515782,The Legend of Heroes: Trails into Reverie,the-legend-of-heroes-trails-into-reverie,7/7/2023,T,79,JRPG
1300590078,Mario Kart 8 Deluxe: Booster Course Pass - Wave 5,mario-kart-8-deluxe-booster-course-pass-wave-5,7/12/2023,,74,Auto Racing
1300535122,Oxenfree II: Lost Signals,oxenfree-ii-lost-signals,7/12/2023,T,84,Point-and-Click
1300588461,Atelier Marie Remake: The Alchemist of Salburg,atelier-marie-remake-the-alchemist-of-salburg,7/13/2023,E10+,76,JRPG
1300598250,Manic Mechanics,manic-mechanics,7/13/2023,E,71,Party
1300588000,Touhou: New World,touhou-new-world,7/13/2023,E10+,64,Action RPG
1300596892,LISA: Definitive Edition,lisa-definitive-edition,7/18/2023,M,83,RPG
1300534849,Frank and Drake,frank-and-drake,7/20/2023,M,78,Adventure
1300544237,Nobunaga's Ambition: Awakening,nobunagas-ambition-awakening,7/20/2023,T,69,Turn-Based Strategy
1300594037,Might & Magic: Clash of Heroes - Definitive Edition,might-and-magic-clash-of-heroes-definitive-edition,7/20/2023,E10+,81,Turn-Based Tactics
1300451585,Pikmin 4,pikmin-4,7/21/2023,E10+,87,Real-Time Strategy
1300580230,This Way Madness Lies,this-way-madness-lies,7/25/2023,E10+,89,JRPG
1300594849,Mr. Run and Jump,mr-run-and-jump,7/25/2023,E,75,2D Platformer
1300594499,Double Dragon Gaiden: Rise of the Dragons,double-dragon-gaiden-rise-of-the-dragons,7/27/2023,E10+,67,2D Beat-'Em-Up
1300563063,Koa and the Five Pirates of Mara,koa-and-the-five-pirates-of-mara,7/27/2023,E10+,73,3D Platformer
1300578196,Disney Illusion Island,disney-illusion-island,7/28/2023,E,73,Metroidvania
1300528947,Venba,venba,7/31/2023,T,81,Adventure
1300500134,Adore,adore,8/3/2023,E10+,64,Trainer RPG
1300274793,Tiny Thor,tiny-thor,8/3/2023,E10+,76,2D Platformer
1300586699,Flutter Away,flutter-away,8/3/2023,E,74,First-Person Adventure
1300566887,Stray Gods: The Roleplaying Musical,stray-gods-the-roleplaying-musical,8/10/2023,T,70,RPG
1300577209,Moving Out 2,moving-out-2,8/15/2023,E,78,Virtual Career
1300002830,Xtreme Sports,xtreme-sports,8/15/2023,E,67,Individual Sports
1300594173,The Cosmic Wheel Sisterhood,the-cosmic-wheel-sisterhood,8/16/2023,M,87,Adventure
1300550533,Vampire Survivors,vampire-survivors,8/17/2023,T,88,Top-Down Shoot-'Em-Up
1300603950,Red Dead Redemption and Undead Nightmare,red-dead-redemption-and-undead-nightmare,8/17/2023,M,83,Open-World Action
1300520836,Bomb Rush Cyberfunk,bomb-rush-cyberfunk,8/18/2023,T,78,3D Platformer
1300483154,Virgo Versus The Zodiac,virgo-versus-the-zodiac,8/23/2023,E10+,73,JRPG
1300542274,Blasphemous 2,blasphemous-2,8/24/2023,M,84,Metroidvania
1300569479,Shotgun King: The Final Checkmate,shotgun-king-the-final-checkmate,8/24/2023,E10+,82,Turn-Based Strategy
1300587715,Rhapsody: Marl Kingdom Chronicles,rhapsody-marl-kingdom-chronicles,8/29/2023,T,70,Compilation
1300600380,The Making of Karateka,the-making-of-karateka,8/29/2023,E10+,90,Miscellaneous
1300588432,Samba de Amigo: Party Central,samba-de-amigo-party-central,8/29/2023,E,71,Rhythm
1300514330,Sea of Stars,sea-of-stars,8/29/2023,E10+,90,JRPG
1300597556,Mario + Rabbids Sparks of Hope: Rayman in the Phantom Show,mario-plus-rabbids-sparks-of-hope-rayman-in-the,8/30/2023,E10+,82,Turn-Based Tactics
1300261692,Norn9: Last Era,norn9-last-era,8/31/2023,T,76,Visual Novel
1300593098,Taito Milestones 2,taito-milestones-2,8/31/2023,T,72,Compilation
1300593024,Trine 5: A Clockwork Conspiracy,trine-5-a-clockwork-conspiracy,8/31/2023,E10+,68,2D Platformer
1300512936,30XX,30xx,9/1/2023,E,86,2D Platformer
1300568332,Chants of Sennaar,chants-of-sennaar,9/5/2023,E10+,84,Adventure
1300578366,Rune Factory 3 Special,rune-factory-3-special,9/5/2023,T,76,Action RPG
1300457960,Anonymous;Code,anonymouscode,9/8/2023,M,86,Visual Novel
1300578364,Fae Farm,fae-farm,9/8/2023,E10+,75,Virtual Life
1300570706,Gunbrella,gunbrella,9/13/2023,M,78,2D Platformer
1300589774,Pokemon Scarlet / Pokemon Violet: The Hidden Treasure of Area Zero - Part 1: The Teal Mask,pokemon-scarlet-pokemon-violet-the-hidden-treasure,9/13/2023,E,65,Trainer RPG
1300572884,Super Bomberman R 2,super-bomberman-r-2,9/13/2023,E10+,68,Action Puzzle
1300577572,Horizon Chase 2,horizon-chase-2,9/14/2023,E,73,Auto Racing
1300166493,Mugen Souls Z,mugen-souls-z,9/14/2023,M,62,JRPG
1300569932,Thunder Ray,thunder-ray,9/14/2023,T,69,Combat Sport
1300609774,F-Zero 99,f-zero-99,9/14/2023,E,82,Future Racing
1300522726,Trombone Champ,trombone-champ,9/14/2023,E10+,79,Rhythm
1300588445,Baten Kaitos I & II HD Remaster,baten-kaitos-i-and-ii-hd-remaster,9/14/2023,T,77,Compilation
1300538313,Wartales,wartales,9/14/2023,M,51,Western RPG
1300129064,The Legend of Nayuta: Boundless Trails,the-legend-of-nayuta-boundless-trails,9/19/2023,E10+,83,Action RPG
1300505829,"Osyaberi! Horijyo! Gekihori: Anna Holinski saves the universe, alright?!",osyaberi-horijyo-gekihori-anna-holinski-saves-the,9/21/2023,E,80,Horizontal Shoot-'Em-Up
1300465785,Mineko's Night Market,minekos-night-market,9/26/2023,E,71,Adventure
1300515797,Paleo Pines,paleo-pines,9/26/2023,E,61,Virtual Life
1300584471,Harvest Moon: The Winds of Anthos,harvest-moon-the-winds-of-anthos,9/26/2023,E,72,Tycoon
1300578263,Ty the Tasmanian Tiger 4: Bush Rescue Returns,ty-the-tasmanian-tiger-4-bush-rescue-returns,9/26/2023,E10+,63,2D Platformer
1300563813,Disney Speedstorm,disney-speedstorm,9/28/2023,,66,Auto Racing
1300002562,Gothic,gothic,9/28/2023,T,59,Action RPG
1300472422,Firefighting Simulator - The Squad,firefighting-simulator-the-squad,9/28/2023,E10+,68,Virtual Career
1300578456,Infinity Strash: Dragon Quest The Adventure of Dai,infinity-strash-dragon-quest-the-adventure-of-dai,9/28/2023,T,48,JRPG
1300585233,Fate/Samurai Remnant,fate-samurai-remnant,9/29/2023,T,74,Action RPG
1300596598,PAW Patrol World,paw-patrol-world,9/29/2023,E,68,Open-World Action
1300523159,Rise of the Triad: Ludicrous Edition,rise-of-the-triad-ludicrous-edition,9/29/2023,M,68,FPS
1300600202,EA Sports FC 24,ea-sports-fc-24,9/29/2023,E,67,Soccer Sim
1300572385,Cocoon,cocoon,9/29/2023,E,89,Action Adventure
1300598249,Silent Hope,silent-hope,10/3/2023,E10+,74,Action RPG
1300577163,Disgaea 7: Vows of the Virtueless,disgaea-7-vows-of-the-virtueless,10/3/2023,T,83,Turn-Based Tactics
1300593042,A Tiny Sticker Tale,a-tiny-sticker-tale,10/4/2023,E,80,Adventure
1300563812,Front Mission 2 Remake,front-mission-2-remake,10/5/2023,M,64,Turn-Based Tactics
1300590469,Wargroove 2,wargroove-2,10/5/2023,T,85,Turn-Based Tactics
1300501456,Detective Pikachu Returns,detective-pikachu-returns,10/6/2023,E,66,Third-Person Adventure
1300607766,Borderlands 3: Ultimate Edition,borderlands-3-ultimate-edition,10/6/2023,M,77,FPS
1300459318,Long Gone Days,long-gone-days,10/10/2023,T,77,RPG
1300599024,Wild Card Football,wild-card-football,10/10/2023,E,65,Football
1300414971,Dementium Remastered,dementium-remastered,10/12/2023,M,52,Survival
1300598614,Haunted House,haunted-house,10/12/2023,E10+,73,Action Adventure
1300597214,Saltsea Chronicles,saltsea-chronicles,10/12/2023,E10+,78,Adventure
1300608110,Company of Heroes Collection,company-of-heroes-collection,10/12/2023,M,81,Compilation
1300597190,Sonic Superstars,sonic-superstars,10/17/2023,E,67,2D Platformer
1300600513,Gargoyles Remastered,gargoyles-remastered,10/19/2023,E10+,49,2D Platformer
1300598256,Super Mario Bros. Wonder,super-mario-bros-wonder,10/20/2023,E,92,2D Platformer
1300595976,Metal Gear Solid: Master Collection Vol. 1,metal-gear-solid-master-collection-vol-1,10/24/2023,M,78,Compilation
1300589259,CRYMACHINA,crymachina,10/24/2023,T,74,Action RPG
1300597551,Just Dance 2024 Edition,just-dance-2024-edition,10/24/2023,E,72,Dancing
1300489116,World of Horror,world-of-horror,10/26/2023,M,81,RPG
1300610767,VISCO Collection,visco-collection,10/26/2023,E10+,68,Compilation
1300580581,Frog Detective: The Entire Mystery,frog-detective-the-entire-mystery,10/26/2023,E,83,Compilation
1300591693,Hello Kitty and Friends: Happiness Parade,hello-kitty-and-friends-happiness-parade,10/26/2023,E,61,Rhythm
1300569177,DAVE THE DIVER,dave-the-diver,10/26/2023,E10+,88,Action Adventure
1300508353,Gordian Quest,gordian-quest,10/26/2023,T,69,Card Battle
1300548810,Song of Nunu: A League of Legends Story,song-of-nunu-a-league-of-legends-story,11/1/2023,E10+,75,Third-Person Adventure
1300553289,Thirsty Suitors,thirsty-suitors,11/2/2023,T,75,Action Adventure
1300598254,Star Ocean: The Second Story R,star-ocean-the-second-story-r,11/2/2023,T,87,JRPG
1300525963,My Time at Sandrock,my-time-at-sandrock,11/2/2023,E10+,64,RPG
1300588433,Fashion Dreamer,fashion-dreamer,11/3/2023,E,62,Virtual Life
1300598255,WarioWare: Move It!,warioware-move-it,11/3/2023,E10+,75,Party
1300591141,Ebenezer and The Invisible World,ebenezer-and-the-invisible-world,11/3/2023,E10+,51,Metroidvania
1300527378,Virche Evermore - ErroR: Salvation -,virche-evermore-error-salvation-,11/9/2023,M,83,Visual Novel
1300590079,Mario Kart 8 Deluxe: Booster Course Pass - Wave 6,mario-kart-8-deluxe-booster-course-pass-wave-6,11/9/2023,,83,Auto Racing
1300531716,9 Years of Shadows,9-years-of-shadows,11/9/2023,E10+,76,Metroidvania
1300571634,Air Twister,air-twister,11/10/2023,E10+,69,Rail Shooter
1300571156,Spirittea,spirittea,11/13/2023,E10+,76,Virtual Life
1300569334,Backpack Hero,backpack-hero,11/14/2023,E,76,Roguelike
1300582828,Howl,howl,11/14/2023,T,70,Turn-Based Tactics
1300600410,Super Crazy Rhythm Castle,super-crazy-rhythm-castle,11/14/2023,E10+,60,Rhythm
1300598616,Yohane the Parhelion: BLAZE in the DEEPBLUE,yohane-the-parhelion-blaze-in-the-deepblue,11/16/2023,E,75,Metroidvania
1300598246,Super Mario RPG,super-mario-rpg,11/17/2023,E,84,JRPG
1300597501,Persona 5 Tactica,persona-5-tactica,11/17/2023,T,79,Turn-Based Tactics
1300610547,Bluey: The Videogame,bluey-the-videogame,11/17/2023,E,65,Action Adventure
1300589545,Naruto x Boruto: Ultimate Ninja Storm Connections,naruto-x-boruto-ultimate-ninja-storm-connections,11/17/2023,T,64,3D Fighting
1300567304,In Stars And Time,in-stars-and-time,11/20/2023,T,81,RPG
1300600516,Jurassic Park: Classic Games Collection,jurassic-park-classic-games-collection,11/21/2023,E10+,50,Compilation
1300593925,Irem Collection Volume 1,irem-collection-volume-1,11/21/2023,E10+,69,Compilation
1300538553,Alina of the Arena,alina-of-the-arena,11/23/2023,E10+,76,Card Battle
1300516028,Roots of Pacha,roots-of-pacha,11/28/2023,E10+,85,Virtual Life
1300540017,My Next Life as a Villainess: All Routes Lead to Doom! - Pirates of the Disturbance,my-next-life-as-a-villainess-all-routes-lead-to,11/28/2023,T,76,Visual Novel
1300612818,Gothic II Complete Classic,gothic-ii-complete-classic,11/29/2023,M,71,Western RPG
1300615861,Turok 3: Shadow of Oblivion,turok-3-shadow-of-oblivion,11/30/2023,M,70,FPS
1300588372,TEVI,tevi,11/30/2023,T,81,Metroidvania
1300587080,SteamWorld Build,steamworld-build,12/1/2023,E10+,77,Sandbox
1300598251,Dragon Quest Monsters: The Dark Prince,dragon-quest-monsters-the-dark-prince,12/1/2023,E10+,72,Trainer RPG
1300535716,Born of Bread,born-of-bread,12/5/2023,E10+,69,RPG
1300563827,A Highland Song,a-highland-song,12/5/2023,E,81,Adventure
1300616750,Outer Wilds: Archaeologist Edition,outer-wilds-archaeologist-edition,12/7/2023,E10+,75,Open-World Action
1300483213,Outer Wilds,outer-wilds,12/7/2023,E10+,82,Open-World Action
1300589775,Pokemon Scarlet / Pokemon Violet: The Hidden Treasure of Area Zero - Part 2: The Indigo Disk,pokemon-scarlet-pokemon-violet-the-hidden-treasure-2024,12/14/2023,E,70,Trainer RPG
1300578324,Koumajou Remilia II: Stranger's Requiem,koumajou-remilia-ii-strangers-requiem,12/14/2023,T,64,Metroidvania
1300594202,METRO QUESTER,metro-quester,12/15/2023,T,75,RPG
1300537885,Terra Nil,terra-nil,12/18/2023,E,78,Real-Time Strategy
1300620016,AdventureQuest 8-Bit: Dungeons & Doomknights,adventurequest-8-bit-dungeons-and-doomknights,12/21/2023,E10+,66,Action Adventure
1300578477,Turnip Boy Robs a Bank,turnip-boy-robs-a-bank,1/18/2024,T,68,Action Adventure
1300579938,Bahnsen Knights,bahnsen-knights,1/18/2024,M,74,Visual Novel
1300597176,Prince of Persia: The Lost Crown,prince-of-persia-the-lost-crown,1/18/2024,T,88,Metroidvania
1300609768,Another Code: Recollection,another-code-recollection,1/19/2024,T,73,Compilation
1300592696,Lil' Guardsman,lil-guardsman,1/23/2024,T,85,Adventure
1300550310,Neptunia: Sisters vs. Sisters,neptunia-sisters-vs-sisters,1/23/2024,T,65,Action RPG
1300619568,The Legend of Steel Empire,the-legend-of-steel-empire,1/23/2024,E10+,75,Horizontal Shoot-'Em-Up
1300593096,Hidden Through Time 2: Myths & Magic,hidden-through-time-2-myths-and-magic,1/25/2024,E,74,Hidden Object
1300597558,Apollo Justice: Ace Attorney Trilogy,apollo-justice-ace-attorney-trilogy,1/25/2024,T,85,Compilation
1300612126,Hitman: Blood Money - Reprisal,hitman-blood-money-reprisal,1/25/2024,M,79,Action Adventure
1300494801,Project Downfall,project-downfall,2/2/2024,M,53,FPS
1300613163,Arzette: The Jewel of Faramore,arzette-the-jewel-of-faramore,2/14/2024,E10+,77,Metroidvania
1300609770,Tomb Raider I-III Remastered Starring Lara Croft,tomb-raider-i-iii-remastered-starring-lara-croft,2/14/2024,T,71,Compilation
1300622210,Witch's Rhythm Puzzle,witchs-rhythm-puzzle,2/15/2024,T,59,Stacking Puzzle
1300537580,Spirit Hunter: Death Mark II,spirit-hunter-death-mark-ii,2/15/2024,M,80,Adventure
1300609766,Mario vs. Donkey Kong,mario-vs-donkey-kong-2024,2/16/2024,E,76,2D Platformer
1300607654,qomp2,qomp2,2/20/2024,E,85,Arcade
1300595887,Balatro,balatro,2/20/2024,E10+,90,Card Battle
1300585234,Pocket Card Jockey: Ride On!,pocket-card-jockey-ride-on,2/21/2024,E10+,86,Horse Racing
1300598253,Penny's Big Breakaway,pennys-big-breakaway,2/21/2024,E,76,3D Platformer
1300609775,Bandle Tale: A League of Legends Story,bandle-tale-a-league-of-legends-story,2/21/2024,E,76,RPG
1300572382,Pentiment,pentiment,2/22/2024,M,90,Adventure
1300588436,Splatoon 3: Expansion Pass Wave 2 - Side Order,splatoon-3-expansion-pass-wave-2-side-order,2/22/2024,E10+,78,Third Person Shooter
1300544937,Promenade,promenade,2/23/2024,E,80,2D Platformer
1300564731,Sympathy Kiss,sympathy-kiss,2/27/2024,T,78,Visual Novel
1300609786,Shiren the Wanderer: The Mystery Dungeon of Serpentcoil Island,shiren-the-wanderer-the-mystery-dungeon-of,2/27/2024,E10+,83,Roguelike
1300619569,Piczle Cross: Story of Seasons,piczle-cross-story-of-seasons,2/27/2024,E,76,Logic Puzzle
1300606670,Star Wars: Dark Forces Remaster,star-wars-dark-forces-remaster,2/28/2024,T,81,FPS
1300578240,Cavern of Dreams,cavern-of-dreams,2/29/2024,E,77,3D Platformer
1300597091,A Void Hope,a-void-hope,2/29/2024,E10+,73,Action Adventure
1300506713,Cricket Through the Ages,cricket-through-the-ages,3/1/2024,E10+,66,Party
1300614800,Ufouria: The Saga 2,ufouria-the-saga-2,3/1/2024,E,77,Metroidvania
1300596231,Mediterranea Inferno,mediterranea-inferno,3/5/2024,M,87,Visual Novel
1300537311,Berserk Boy,berserk-boy,3/6/2024,E,81,Metroidvania
1300507478,Metal Mind,metal-mind,3/7/2024,E,60,Top-Down Shoot-'Em-Up
1300566242,Snufkin: Melody of Moominvalley,snufkin-melody-of-moominvalley,3/7/2024,E,81,Adventure
1300609772,Unicorn Overlord,unicorn-overlord,3/8/2024,T,89,Real-Time Tactics
1300609771,Contra: Operation Galuga,contra-operation-galuga,3/12/2024,T,71,2D Platformer
1300618670,Llamasoft: The Jeff Minter Story,llamasoft-the-jeff-minter-story,3/13/2024,T,85,Compilation
1300626331,Star Wars: Battlefront Classic Collection,star-wars-battlefront-classic-collection,3/14/2024,T,50,Compilation
1300534082,Lawn Mowing Simulator,lawn-mowing-simulator,3/14/2024,E,63,Virtual Career
1300498930,Kingdom Come: Deliverance - Royal Edition,kingdom-come-deliverance-royal-edition,3/15/2024,M,69,Action RPG
1300598247,Princess Peach: Showtime!,princess-peach-showtime,3/22/2024,E10+,74,Linear Action Adventure
1300611011,The Legend of Legacy HD Remastered,the-legend-of-legacy-hd-remastered,3/22/2024,E10+,65,JRPG
1300604997,South Park: Snow Day!,south-park-snow-day,3/26/2024,M,60,Third Person Shooter
1300591340,Terra Memoria,terra-memoria,3/27/2024,E10+,74,RPG
1300541416,Not Tonight 2,not-tonight-2,3/27/2024,T,83,Virtual Career
1300582146,Pepper Grinder,pepper-grinder,3/28/2024,E10+,79,2D Platformer
1300568457,Stacklands,stacklands,3/28/2024,E10+,84,Card Battle
1300573394,Touch Detective 3 + The Complete Case Files,touch-detective-3-plus-the-complete-case-files,3/28/2024,E,71,Compilation
1300542520,OTXO,otxo,3/28/2024,M,69,Linear Action Adventure
1300621697,Felix the Cat,felix-the-cat,3/28/2024,E,63,2D Platformer
1300526241,Saviorless,saviorless,4/2/2024,T,71,2D Platformer
1300564732,Tengoku Struggle: Strayside,tengoku-struggle-strayside,4/4/2024,T,79,Visual Novel
1300454083,Freedom Planet 2,freedom-planet-2,4/4/2024,E10+,80,2D Platformer
1300526200,The Gap,the-gap,4/4/2024,M,71,First-Person Adventure
1300582147,Botany Manor,botany-manor,4/9/2024,E,83,First-Person Adventure
1300534062,Moonglow Bay,moonglow-bay,4/11/2024,E10+,62,Tycoon
1300534628,Loretta,loretta,4/11/2024,M,70,Adventure
1300639104,Rose & Camellia Collection,rose-and-camellia-collection,4/16/2024,T,60,Compilation
1300509211,Grounded,grounded,4/16/2024,T,70,Sandbox
1300526468,Reigns: Beyond,reigns-beyond,4/17/2024,T,70,Tycoon
1300628890,Epic Dumpster Bear 1.5 DX: Dumpster Fire Rebirth,epic-dumpster-bear-15-dx-dumpster-fire-rebirth,4/18/2024,E10+,71,2D Platformer
1300619114,Tales of Kenzera: ZAU,tales-of-kenzera-zau,4/23/2024,E10+,71,Metroidvania
1300627381,Teenage Mutant Ninja Turtles Arcade: Wrath of the Mutants,teenage-mutant-ninja-turtles-arcade-wrath-of-the,4/23/2024,E10+,57,2D Beat-'Em-Up
1300520946,Eiyuden Chronicle: Hundred Heroes,eiyuden-chronicle-hundred-heroes,4/23/2024,E10+,59,JRPG
1300600520,Lunar Lander Beyond,lunar-lander-beyond,4/23/2024,E10+,64,Space Sim
1300570707,Another Crab's Treasure,another-crabs-treasure,4/25/2024,T,65,Action Adventure
1300609769,SaGa Emerald Beyond,saga-emerald-beyond,4/25/2024,T,68,JRPG
1300513659,Library Of Ruina,library-of-ruina,4/25/2024,M,55,Card Battle
1300590554,Megaton Musashi W: Wired,megaton-musashi-w-wired,4/25/2024,T,77,Action RPG
1300609106,Demon Slayer: Kimetsu no Yaiba - Sweep the Board!,demon-slayer-kimetsu-no-yaiba-sweep-the-board,4/26/2024,T,71,Party
1300617323,Class of Heroes 1 & 2: Complete Edition,class-of-heroes-1-and-2-complete-edition,4/26/2024,T,67,Compilation
1300653308,El Shaddai: Ascension of the Metatron HD Remaster,el-shaddai-ascension-of-the-metatron-hd-remaster,4/28/2024,T,74,Action Adventure
1300613089,Pac-Man Mega Tunnel Battle: Chomp Champs,pac-man-mega-tunnel-battle-chomp-champs,5/1/2024,E,57,Arcade
1300626336,Endless Ocean Luminous,endless-ocean-luminous,5/2/2024,E,60,Third-Person Adventure
1300581515,Surmount: A Mountain Climbing Adventure,surmount-a-mountain-climbing-adventure,5/2/2024,E,66,2D Platformer
1300005759,Cyber Citizen Shockman 3: The Princess from Another World,cyber-citizen-shockman-3-the-princess-from-another,5/3/2024,E10+,68,2D Platformer
1300609676,Rainbow Cotton Remaster,rainbow-cotton-remaster,5/9/2024,E10+,67,Rail Shooter
1300518377,"Little Kitty, Big City",little-kitty-big-city,5/9/2024,E,77,Open-World Action
1300563831,Animal Well,animal-well,5/9/2024,E10+,90,Metroidvania
1300578836,1000xRESIST,1000xresist,5/9/2024,M,87,Adventure
1300587586,QUALIA ~The Path of Promise~,qualia-the-path-of-promise,5/10/2024,T,61,Visual Novel
1300579648,The Land Beneath Us,the-land-beneath-us,5/13/2024,E10+,76,Turn-Based Strategy
1300568278,Slayers X: Terminal Aftermath: Vengance of the Slayer,slayers-x-terminal-aftermath-vengance-of-the,5/14/2024,M,74,FPS
1300472341,Biomutant,biomutant,5/14/2024,T,59,Action RPG
1300521444,Braid Anniversary Edition,braid-anniversary-edition,5/14/2024,,94,2D Platformer
1300568666,Paper Trail,paper-trail,5/21/2024,E,83,Adventure
1300574212,Hauntii,hauntii,5/23/2024,E,68,Action Adventure
1300618694,Duck Detective: The Secret Salami,duck-detective-the-secret-salami,5/23/2024,E,76,Adventure
1300634909,Wizardry: Proving Grounds of the Mad Overlord Remaster,wizardry-proving-grounds-of-the-mad-overlord-2024,5/23/2024,T,82,Western RPG
1300609777,Paper Mario: The Thousand-Year Door,paper-mario-the-thousand-year-door,5/23/2024,E,88,JRPG
1300545837,Pine Hearts,pine-hearts,5/23/2024,,83,Open-World Action
1300535770,Bread & Fred,bread-and-fred,5/23/2024,E,63,2D Platformer
1300564728,Cupid Parasite: Sweet and Spicy Darling,cupid-parasite-sweet-and-spicy-darling,5/28/2024,T,75,Visual Novel
1300576894,Capes,capes,5/29/2024,T,79,Turn-Based Tactics
1300602965,Goliath Depot,goliath-depot,5/30/2024,E10+,79,2D Platformer
1300595671,Umbraclaw,umbraclaw,5/30/2024,T,68,2D Platformer
1300637533,Picross S Namco Legendary Edition,picross-s-namco-legendary-edition,5/30/2024,E,80,Logic Puzzle
1300532145,Star Wars: Hunters,star-wars-hunters,6/4/2024,T,57,Tactical Third Person Shooter
1300539252,Fading Afternoon,fading-afternoon,6/6/2024,M,79,Action Adventure
1300597242,Kamaeru: A Frog Refuge,kamaeru-a-frog-refuge,6/8/2024,E,70,Virtual Life
1300621698,Rocket Knight Adventures: Re-Sparked,rocket-knight-adventures-re-sparked,6/11/2024,E10+,75,Compilation
1300626330,Shin Megami Tensei V: Vengeance,shin-megami-tensei-v-vengeance,6/14/2024,M,86,JRPG
1300626339,Monster Hunter Stories,monster-hunter-stories,6/14/2024,E10+,77,JRPG
1300640505,Metal Slug Attack Reloaded,metal-slug-attack-reloaded,6/18/2024,,48,Defense
1300639238,Echo Generation: Midnight Edition,echo-generation-midnight-edition,6/19/2024,E10+,70,JRPG
1300595849,Dicefolk,dicefolk,6/20/2024,E10+,81,Turn-Based Strategy
1300626334,Super Monkey Ball Banana Rumble,super-monkey-ball-banana-rumble,6/25/2024,E,77,Party
1300608180,Beyond Good & Evil 20th Anniversary Edition,beyond-good-and-evil-20th-anniversary-edition,6/25/2024,E10+,79,Action Adventure
1300530056,Tsukihime: A Piece of Blue Glass Moon,tsukihime-a-piece-of-blue-glass-moon,6/27/2024,M,90,Visual Novel
1300597672,Radiant Tale: Fanfare!,radiant-tale-fanfare,6/27/2024,T,80,Visual Novel
1300609773,Luigi's Mansion 2 HD,luigis-mansion-2-hd,6/27/2024,E,77,Action Adventure
1300528615,Tchia,tchia,6/27/2024,T,85,Open-World Action
1300632036,NeoSprint,neosprint,6/27/2024,E,69,Auto Racing
1300609767,SPYxANYA: Operation Memories,spyxanya-operation-memories,6/28/2024,E10+,70,Third-Person Adventure
1300536675,The Legend of Heroes: Trails through Daybreak,the-legend-of-heroes-trails-through-daybreak,7/5/2024,T,81,JRPG
1300604089,Princess Maker 2 Regeneration,princess-maker-2-regeneration,7/11/2024,E10+,73,Strategy
1300622196,Ace Combat 7: Skies Unknown Deluxe Edition,ace-combat-7-skies-unknown-deluxe-edition,7/11/2024,T,86,Aircraft Combat Sim
1300532788,DROS,dros,7/12/2024,E,70,Action Adventure
1300497546,Darkest Dungeon II,darkest-dungeon-ii,7/15/2024,T,81,Roguelike
1300455843,Deliver Us The Moon,deliver-us-the-moon,7/16/2024,T,73,Action Adventure
1300608354,Hot Lap Racing,hot-lap-racing,7/16/2024,RP,67,Auto Racing
1300583546,Let's School,lets-school,7/16/2024,E,68,Tycoon
1300594569,Teenage Mutant Ninja Turtles: Splintered Fate,teenage-mutant-ninja-turtles-splintered-fate,7/17/2024,E10+,73,3D Beat-'Em-Up
1300530295,SCHiM,schim,7/18/2024,E,70,3D Platformer
1300635943,Nintendo World Championships: NES Edition,nintendo-world-championships-nes-edition,7/18/2024,E,73,Party
1300581431,The Star Named EOS,the-star-named-eos,7/23/2024,E,74,Adventure
1300457725,Tokyo Xanadu eX+,tokyo-xanadu-ex-plus,7/25/2024,T,75,Action RPG
1300626328,Arranger: A Role-Puzzling Adventure,arranger-a-role-puzzling-adventure,7/25/2024,E,81,Action Puzzle
1300633633,One Piece Odyssey: Deluxe Edition,one-piece-odyssey-deluxe-edition,7/26/2024,T,73,JRPG
1300638580,Tomba! Special Edition,tomba-special-edition,8/1/2024,E10+,78,Metroidvania
1300606576,Thank Goodness You're Here!,thank-goodness-youre-here,8/1/2024,M,84,Adventure
1300643766,Star Wars: Bounty Hunter Remaster,star-wars-bounty-hunter-remaster,8/1/2024,T,70,Third Person Shooter
1300619098,World of Goo 2,world-of-goo-2,8/2/2024,T,76,Action Puzzle
1300639217,Volgarr the Viking II,volgarr-the-viking-ii,8/6/2024,T,77,2D Platformer
1300588455,Natsu-Mon: 20th Century Summer Kid,natsu-mon-20th-century-summer-kid,8/6/2024,E,81,Open-World Action
1300595973,Cat Quest III,cat-quest-iii,8/8/2024,E10+,86,Action RPG
1300585232,Sam & Max: The Devil's Playhouse Remastered,sam-and-max-the-devils-playhouse-remastered,8/14/2024,T,88,Third-Person Adventure
1300589263,Magical Delicacy,magical-delicacy,8/15/2024,E,75,Metroidvania
1300640553,Elrentaros Wanderings,elrentaros-wanderings,8/16/2024,T,57,Action RPG
1300632014,Castaway,castaway,8/16/2024,E,70,Open-World Action
1300563051,Mika and The Witch's Mountain,mika-and-the-witchs-mountain,8/21/2024,E,66,Open-World Action
1300649005,Castlevania Dominus Collection,castlevania-dominus-collection,8/27/2024,T,92,Compilation
1300516276,Peglin,peglin,8/27/2024,E,76,Action Puzzle
1300596867,Crypt Custodian,crypt-custodian,8/27/2024,E,83,Open-World Action
1300516286,Gori: Cuddly Carnage,gori-cuddly-carnage,8/29/2024,M,76,3D Platformer
1300602905,Shadow of the Ninja - Reborn,shadow-of-the-ninja-reborn,8/29/2024,T,79,2D Platformer
1300642727,Emio - The Smiling Man: Famicom Detective Club,emio-the-smiling-man-famicom-detective-club,8/29/2024,M,74,Visual Novel
1300571587,WitchSpring R,witchspring-r,8/29/2024,E10+,83,RPG
1300647046,BAKERU,bakeru,9/3/2024,E10+,81,3D Platformer
1300607892,Fitness Boxing feat. Hatsune Miku,fitness-boxing-feat-hatsune-miku,9/5/2024,E,78,Exercise
1300640751,Gimmick! 2,gimmick-2,9/5/2024,E,80,2D Platformer
1300640511,Ace Attorney Investigations Collection,ace-attorney-investigations-collection,9/6/2024,T,85,Compilation
1300633793,Yars Rising,yars-rising,9/10/2024,E10+,75,Metroidvania
1300607762,Rugrats: Adventures in Gameland,rugrats-adventures-in-gameland,9/10/2024,E,74,2D Platformer
1300636139,Celestia: Chain of Fate,celestia-chain-of-fate,9/12/2024,T,82,Visual Novel
1300640507,Marvel vs. Capcom Fighting Collection: Arcade Classics,marvel-vs-capcom-fighting-collection-arcade,9/12/2024,,86,Compilation
1300572267,The Plucky Squire,the-plucky-squire,9/17/2024,E10+,72,Action Adventure
1300518478,Keylocker | Turn Based Cyberpunk Action,keylocker-turn-based-cyberpunk-action,9/18/2024,E10+,70,JRPG
1300538241,Loddlenaut,loddlenaut,9/19/2024,E,85,Third-Person Adventure
1300626329,Disney Epic Mickey: Rebrushed,disney-epic-mickey-rebrushed,9/24/2024,E10+,76,3D Platformer
1300597522,Bloomtown: A Different Story,bloomtown-a-different-story,9/24/2024,E10+,76,JRPG
1300640509,The Legend of Zelda: Echoes of Wisdom,the-legend-of-zelda-echoes-of-wisdom,9/26/2024,E10+,85,Open-World Action
1300649000,Worms Armageddon: Anniversary Edition,worms-armageddon-anniversary-edition,9/26/2024,T,75,Artillery
1300626414,REYNATIS,reynatis,9/27/2024,T,61,Action RPG
1300626066,Hidden in my Paradise,hidden-in-my-paradise,10/9/2024,E,84,Hidden Object
1300613931,RPG Maker WITH,rpg-maker-with,10/11/2024,E10+,73,Application
1300583688,Europa,europa,10/11/2024,E,69,Open-World Action
1300595972,Neva,neva,10/15/2024,E10+,89,Action Adventure
1300640510,Just Dance 2025 Edition,just-dance-2025-edition,10/15/2024,E10+,72,Dancing
1300639514,Nikoderiko: The Magical World,nikoderiko-the-magical-world,10/15/2024,E,67,2D Platformer
1300577895,9 R.I.P.,9-rip,10/15/2024,T,84,Visual Novel
1300477077,8-Bit Adventures 2,8-bit-adventures-2,10/16/2024,E10+,76,JRPG
1300614540,Crow Country,crow-country,10/16/2024,T,81,Survival
1300640508,Super Mario Party Jamboree,super-mario-party-jamboree,10/17/2024,E,82,Party
1300608182,Teenage Mutant Ninja Turtles: Mutants Unleashed,teenage-mutant-ninja-turtles-mutants-unleashed,10/18/2024,E10+,61,Action Adventure
1300569185,Fear the Spotlight,fear-the-spotlight,10/22/2024,T,75,Survival
1300493419,Hatch Tales: A Heroic Hookshot Adventure,hatch-tales-a-heroic-hookshot-adventure,10/22/2024,E10+,78,2D Platformer
1300611712,Romance of the Three Kingdoms 8 Remake,romance-of-the-three-kingdoms-8-remake,10/24/2024,E10+,80,Turn-Based Tactics
1300640513,Romancing SaGa 2: Revenge of the Seven,romancing-saga-2-revenge-of-the-seven,10/24/2024,T,82,JRPG
1300635185,The Smurfs: Dreams,the-smurfs-dreams,10/24/2024,E,71,3D Platformer
1300630404,Card-en-Ciel,card-en-ciel,10/24/2024,T,76,Card Battle
1300451766,Yakuza Kiwami,yakuza-kiwami,10/24/2024,M,77,Open-World Action
1300623581,Sonic x Shadow Generations,sonic-x-shadow-generations,6/5/2025,E10+,79,3D Platformer
1300584554,Ys X: Nordics,ys-x-nordics,10/25/2024,T,77,Action RPG
1300600512,Clock Tower: Rewind,clock-tower-rewind,10/29/2024,T,69,Point-and-Click
1300640502,Farmagia,farmagia,11/1/2024,T,64,Trainer RPG
1300538098,Metal Slug Tactics,metal-slug-tactics,11/5/2024,E10+,77,Turn-Based Tactics
1300606666,Broken Sword - Shadow of the Templars: Reforged,broken-sword-shadow-of-the-templars-reforged,11/7/2024,T,84,Point-and-Click
1300648997,Tetris Forever,tetris-forever,11/12/2024,E10+,85,Compilation
1300639390,LEGO Horizon Adventures,lego-horizon-adventures,11/14/2024,E10+,64,Action Adventure
1300641423,Little Big Adventure: Twinsen's Quest,little-big-adventure-twinsens-quest,11/14/2024,E10+,54,Action Adventure
1300585836,Goblin Slayer Another Adventurer: Nightmare Feast,goblin-slayer-another-adventurer-nightmare-feast,11/15/2024,T,57,Turn-Based Tactics
1300649007,MySims: Cozy Bundle,mysims-cozy-bundle,11/19/2024,E,72,Compilation
1300554547,Loco Motive,loco-motive,11/21/2024,E10+,85,Point-and-Click
1300609781,Snow Bros. Wonderland,snow-bros-wonderland,11/28/2024,E10+,70,3D Platformer
1300647356,Dungeons of Dreadrock 2 - The Dead King's Secret,dungeons-of-dreadrock-2-the-dead-kings-secret,11/28/2024,E10+,85,Action Adventure
1300649002,Fitness Boxing 3: Your Personal Trainer,fitness-boxing-3-your-personal-trainer,12/5/2024,E,70,Exercise
1300475716,RollerCoaster Tycoon Classic,rollercoaster-tycoon-classic,12/5/2024,E,81,Tycoon
1300640499,FANTASIAN Neo Dimension,fantasian-neo-dimension,12/5/2024,E10+,80,JRPG
1300652767,Legacy of Kain: Soul Reaver 1 & 2 Remastered,legacy-of-kain-soul-reaver-1-and-2-remastered,12/10/2024,M,65,Compilation
1300607763,Taito Milestones 3,taito-milestones-3,12/10/2024,T,77,Compilation
1300639398,Mighty Morphin Power Rangers: Rita's Rewind,mighty-morphin-power-rangers-ritas-rewind,12/10/2024,E10+,75,2D Beat-'Em-Up
1300646043,RIKI 8Bit GAME Collection,riki-8bit-game-collection,12/12/2024,E,76,Compilation
1300640498,Fairy Tail 2,fairy-tail-2,12/13/2024,T,72,RPG
1300584553,Ys Memoire: The Oath in Felghana,ys-memoire-the-oath-in-felghana,1/7/2025,T,79,Action RPG
1300652120,Freedom Wars Remastered,freedom-wars-remastered,1/10/2025,T,79,Action RPG
1300640503,Donkey Kong Country Returns HD,donkey-kong-country-returns-hd,1/16/2025,E,77,2D Platformer
1300616749,Blade Chimera,blade-chimera,1/16/2025,T,83,Metroidvania
1300649006,Tales of Graces f Remastered,tales-of-graces-f-remastered,1/17/2025,T,80,Action RPG
1300626327,ENDER MAGNOLIA: Bloom in the Mist,ender-magnolia-bloom-in-the-mist,1/22/2025,T,85,Metroidvania
1300654582,Star Wars Episode I: Jedi Power Battles Remaster,star-wars-episode-i-jedi-power-battles-remaster,1/23/2025,E10+,58,3D Beat-'Em-Up
1300649901,Guilty Gear -Strive- Nintendo Switch Edition,guilty-gear-strive-nintendo-switch-edition,1/23/2025,T,83,2D Fighting
1300631991,Neptunia Riders VS Dogoos,neptunia-riders-vs-dogoos,1/28/2025,E10+,52,Auto Racing
1300547114,Laika: Aged Through Blood,laika-aged-through-blood,1/30/2025,M,82,Metroidvania
1300598810,Hello Kitty Island Adventure,hello-kitty-island-adventure,1/30/2025,E,80,Virtual Life
1300640506,Phantom Brave: The Lost Hero,phantom-brave-the-lost-hero,1/30/2025,T,74,Turn-Based Tactics
1300525073,Genso Manege,genso-manege,1/31/2025,T,76,Visual Novel
1300669303,Teenage Mutant Ninja Turtles: Splintered Fate - Casey Jones & the Junkyard Jam,teenage-mutant-ninja-turtles-splintered-fate-casey,2/5/2025,,76,3D Beat-'Em-Up
1300512644,Moons Of Darsalon,moons-of-darsalon,2/6/2025,E10+,77,2D Platformer
1300561379,Momodora: Moonlit Farewell,momodora-moonlit-farewell,2/6/2025,T,81,Metroidvania
1300586154,MACROSS -Shooting Insight-,macross-shooting-insight-,2/7/2025,T,64,Horizontal Shoot-'Em-Up
1300616751,Urban Myth Dissolution Center,urban-myth-dissolution-center,2/12/2025,T,81,Adventure
1300554548,Afterlove EP,afterlove-ep,2/14/2025,T,78,Adventure
1300554709,The Legend of Heroes: Trails through Daybreak II,the-legend-of-heroes-trails-through-daybreak-ii,2/14/2025,T,68,JRPG
1300576928,Stories from Sol: The Gun-Dog,stories-from-sol-the-gun-dog,2/20/2025,E,84,Visual Novel
1300623930,Yu-Gi-Oh! Early Days Collection,yu-gi-oh-early-days-collection,2/27/2025,T,68,Compilation
1300656502,"Him, the Smile & bloom",him-the-smile-and-bloom,2/27/2025,T,70,Visual Novel
1300583121,OMEGA 6: The Triangle Stars,omega-6-the-triangle-stars,2/28/2025,E10+,64,Visual Novel
1300597550,Everhood 2,everhood-2,3/4/2025,E10+,78,RPG
1300650904,Carmen Sandiego,carmen-sandiego,3/4/2025,E,70,Action Adventure
1300578620,Suikoden I & II HD Remaster: Gate Rune and Dunan Unification Wars,suikoden-i-and-ii-hd-remaster-gate-rune-and-dunan,3/6/2025,T,82,Compilation
1300647231,MainFrames,mainframes,3/6/2025,E,73,2D Platformer
1300659880,Never 7 - The End of Infinity,never-7-the-end-of-infinity,3/6/2025,T,62,Visual Novel
1300545392,Sorry We're Closed,sorry-were-closed,3/6/2025,M,83,Survival
1300659879,Ever 17 - The Out of Infinity,ever-17-the-out-of-infinity,3/6/2025,T,82,Visual Novel
1300594717,Kamikaze Lassplanes,kamikaze-lassplanes,3/7/2025,T,78,Horizontal Shoot-'Em-Up
1300622744,Sugardew Island,sugardew-island,3/7/2025,E,57,Virtual Life
1300635187,Centum,centum,3/11/2025,M,83,Adventure
1300670673,Expelled!,expelled-2025,3/12/2025,E10+,85,Visual Novel
1300616748,On Your Tail,on-your-tail,3/13/2025,E,61,Third-Person Adventure
1300656499,Xenoblade Chronicles X: Definitive Edition,xenoblade-chronicles-x-definitive-edition,3/20/2025,T,87,Action RPG
1300609783,Assault Suit Leynos 2 Saturn Tribute,assault-suit-leynos-2-saturn-tribute,3/21/2025,E10+,81,2D Platformer
1300649004,Atelier Yumia: The Alchemist of Memories & The Envisioned Land,atelier-yumia-the-alchemist-of-memories-and-the,3/21/2025,T,76,JRPG
1300669137,Breakout Beyond,breakout-beyond,3/25/2025,E,75,Arcade
1300595042,Bubble Ghost Remake,bubble-ghost-remake,3/27/2025,E,74,Action Puzzle
1300677754,Disney Villains: Cursed Cafe,disney-villains-cursed-cafe,3/27/2025,E,64,Visual Novel
1300640354,Shadow of the Orient,shadow-of-the-orient,3/27/2025,E10+,60,2D Platformer
1300649146,Croc: Legend of the Gobbos Remastered,croc-legend-of-the-gobbos-remastered,4/2/2025,E,78,3D Platformer
1300576335,Biomorph,biomorph,4/3/2025,T,69,Metroidvania
1300261697,Battlefield Waltz,battlefield-waltz,4/8/2025,T,77,Visual Novel
1300648998,Star Overdrive,star-overdrive,4/10/2025,E10+,66,Open-World Action
1300620357,Snow Bros. 2 Special,snow-bros-2-special,4/10/2025,E,58,2D Platformer
1300639570,Tempopo,tempopo,4/17/2025,E,88,Action Puzzle
1300610728,Rusty Rabbit,rusty-rabbit,4/17/2025,E,73,Action Adventure
1300652765,Lunar Remastered Collection,lunar-remastered-collection,4/18/2025,T,80,Compilation
1300630509,Maliki : Poison Of The Past,maliki-poison-of-the-past,4/22/2025,E10+,65,RPG
1300640512,The Hundred Line: Last Defense Academy,the-hundred-line-last-defense-academy,4/24/2025,M,84,Turn-Based Tactics
1300672127,Shotgun Cop Man,shotgun-cop-man,5/1/2025,M,86,2D Platformer
1300649003,Capcom Fighting Collection 2,capcom-fighting-collection-2,5/16/2025,T,83,Compilation
1300588446,Fantasy Life i: The Girl Who Steals Time,fantasy-life-i-the-girl-who-steals-time,6/5/2025,E10+,86,Virtual Life
1300670829,Mobile Suit Gundam Seed Battle Destiny Remastered,mobile-suit-gundam-seed-battle-destiny-remastered,5/22/2025,T,67,Vehicle Combat Sim
1300669282,Onimusha 2: Samurai's Destiny Remaster,onimusha-2-samurais-destiny-remaster,5/23/2025,M,81,Action Adventure
1300615747,"Please, Touch The Artwork 2",please-touch-the-artwork-2,5/23/2025,E,76,Point-and-Click
1300569367,Old Skies,old-skies,5/27/2025,T,75,Point-and-Click
1300629768,Pipistrello and the Cursed Yoyo,pipistrello-and-the-cursed-yoyo,5/28/2025,E,88,Action Adventure
1300596112,Rune Factory: Guardians of Azuma,rune-factory-guardians-of-azuma,6/5/2025,T,81,Action RPG
1300679025,Nintendo Switch 2 Welcome Tour,nintendo-switch-2-welcome-tour,6/5/2025,E,54,Party
1300680421,Street Fighter 6: Years 1-2 Fighters Edition,street-fighter-6-years-1-2-fighters-edition,6/5/2025,T,86,2D Fighting
1300679040,Nobunaga's Ambition: Awakening Complete Edition,nobunagas-ambition-awakening-complete-edition,6/5/2025,T,76,Turn-Based Strategy
1300002860,Ridge Racer (1995),ridge-racer-1995,6/5/2025,E10+,79,Auto Racing
1300679034,Yakuza 0: Director's Cut,yakuza-0-directors-cut,6/5/2025,M,85,Open-World Action
1300597500,Kunitsu-Gami: Path of the Goddess,kunitsu-gami-path-of-the-goddess,6/5/2025,T,79,Action Adventure
1300564726,Street Fighter 6,street-fighter-6,6/5/2025,T,87,2D Fighting
1300679027,The Legend of Zelda: Tears of the Kingdom - Nintendo Switch 2 Edition,the-legend-of-zelda-tears-of-the-kingdom-nintendo,6/5/2025,E10+,96,Open-World Action
1300662648,Split Fiction,split-fiction,6/5/2025,T,89,Linear Action Adventure
1300582507,DELTARUNE,deltarune,6/5/2025,T,86,JRPG
1300617322,Cyberpunk 2077: Ultimate Edition,cyberpunk-2077-ultimate-edition,6/5/2025,M,85,Action RPG
1300679037,Survival Kids,survival-kids,6/5/2025,E,62,Survival
1300679028,The Legend of Zelda: Breath of the Wild - Nintendo Switch 2 Edition,the-legend-of-zelda-breath-of-the-wild-nintendo,6/5/2025,E10+,95,Open-World Action
1300679041,FAST Fusion,fast-fusion,6/5/2025,E,80,Future Racing
1300679032,Hitman: World of Assassination - Signature Edition,hitman-world-of-assassination-signature-edition,6/5/2025,M,77,Compilation
1300679039,Puyo Puyo Tetris 2S,puyo-puyo-tetris-2s,6/5/2025,E10+,73,Matching Puzzle
1300666239,Mario Kart World,mario-kart-world,6/5/2025,E,86,Auto Racing
1300679033,Bravely Default: Flying Fairy HD Remaster,bravely-default-flying-fairy-hd-remaster,6/5/2025,T,84,JRPG
1300639427,Squeakross: Home Squeak Home,squeakross-home-squeak-home,6/7/2025,E,84,Logic Puzzle
1300600517,Gex Trilogy,gex-trilogy,6/16/2025,T,60,Compilation
1300644597,Date Everything!,date-everything,6/17/2025,M,78,First-Person Adventure
1300648244,Lost in Random: The Eternal Die,lost-in-random-the-eternal-die,6/17/2025,E,78,Action Adventure
1300654811,TRON: Catalyst,tron-catalyst,6/17/2025,E10+,65,Action Adventure
1300640749,Battle Train,battle-train,6/18/2025,E,72,Card Battle
1300677751,RAIDOU Remastered: The Mystery of the Soulless Army,raidou-remastered-the-mystery-of-the-soulless-army,6/19/2025,M,76,Action RPG
1300460323,Ruffy and the Riverside,ruffy-and-the-riverside,6/26/2025,E,71,Open-World Action
1300578361,Front Mission 3 Remake,front-mission-3-remake,6/26/2025,T,66,Turn-Based Tactics
1300661861,Locomoto,locomoto,6/26/2025,E,69,Virtual Life
1300602441,Until Then,until-then,6/26/2025,T,84,Adventure
1300517830,Against the Storm,against-the-storm,6/26/2025,E10+,82,Management
1300677756,Tamagotchi Plaza,tamagotchi-plaza,6/27/2025,E10+,64,Virtual Life
1300613242,Irem Collection Volume 3,irem-collection-volume-3,7/1/2025,E10+,74,Compilation
1300597437,Everdeep Aurora,everdeep-aurora,7/10/2025,E,78,Metroidvania
1300505294,System Shock 2: 25th Anniversary Remaster,system-shock-2-25th-anniversary-remaster,7/10/2025,M,80,Survival
1300673465,ISLANDERS: New Shores,islanders-new-shores,7/10/2025,E,80,Management
1300673812,Tony Hawk's Pro Skater 3 + 4,tony-hawks-pro-skater-3-plus-4,7/11/2025,T,85,Compilation
1300677752,Patapon 1 + 2 Replay,patapon-1-plus-2-replay,7/11/2025,E,76,Compilation
1300621153,Hunter x Hunter: Nen x Impact,hunter-x-hunter-nen-x-impact,7/16/2025,T,73,2D Fighting
1300679044,Donkey Kong Bananza,donkey-kong-bananza,7/17/2025,E10+,91,3D Platformer
1300662639,Shadow Labyrinth,shadow-labyrinth,7/18/2025,T,73,Metroidvania
1300542699,Misc. A Tiny Tale,misc-a-tiny-tale,7/22/2025,T,74,3D Platformer
1300695242,Pokemon Friends,pokemon-friends,7/22/2025,,62,Action Puzzle
1300664495,WWE 2K25,wwe-2k25,7/23/2025,T,81,Wrestling
1300679026,Super Mario Party Jamboree: Nintendo Switch 2 Edition + Jamboree TV,super-mario-party-jamboree-nintendo-switch-2,7/24/2025,E,76,Party
1300679038,Wild Hearts S,wild-hearts-s,7/25/2025,T,75,Action RPG
1300677750,No Sleep for Kaname Date - From AI: The Somnium Files,no-sleep-for-kaname-date-from-ai-the-somnium-files,7/25/2025,M,67,Action Adventure
1300610736,Tales of the Shire: A The Lord of the Rings Game,tales-of-the-shire-a-the-lord-of-the-rings-game,7/29/2025,E,59,Virtual Life
1300572265,Time Flies,time-flies,7/31/2025,M,80,Adventure
1300691787,"Dear me, I was...",dear-me-i-was,7/31/2025,E,76,Adventure
1300662636,Ninja Gaiden: Ragebound,ninja-gaiden-ragebound,7/31/2025,T,88,2D Platformer
1300661468,Demon Slayer: Kimetsu no Yaiba - The Hinokami Chronicles 2,demon-slayer-kimetsu-no-yaiba-the-hinokami-2,8/5/2025,M,76,3D Fighting
1300677755,Gradius Origins,gradius-origins,8/7/2025,E10+,87,Compilation
1300578028,Tiny Bookshop,tiny-bookshop,8/7/2025,E,79,Tycoon
1300697384,Heretic + Hexen,heretic-plus-hexen,8/7/2025,,86,Compilation
1300627874,Iwakura Aria,iwakura-aria,8/14/2025,M,82,Visual Novel
1300679030,Drag x Drive,drag-x-drive,8/14/2025,E,61,Basketball
1300661506,Teenage Mutant Ninja Turtles: Tactical Takedown,teenage-mutant-ninja-turtles-tactical-takedown,8/14/2025,E10+,63,Turn-Based Tactics
1300020194,Shantae Advance: Risky Revolution,shantae-advance-risky-revolution,8/19/2025,,75,2D Platformer
1300648159,Herdling,herdling,8/21/2025,T,69,Action Adventure
1300677753,Story of Seasons: Grand Bazaar,story-of-seasons-grand-bazaar,8/27/2025,E,81,Virtual Life
1300679029,Kirby and the Forgotten Land: Nintendo Switch 2 Edition + Star-Crossed World,kirby-and-the-forgotten-land-nintendo-switch-2,8/28/2025,E10+,85,3D Platformer
1300668464,Is This Seat Taken?,is-this-seat-taken,8/7/2025,E,81,Puzzle
1300523817,Hogwarts Legacy,hogwarts-legacy,6/5/2025,T,82,Western RPG
1300677758,SaGa Frontier 2 Remastered,saga-frontier-2-remastered,3/27/2025,E10+,81,JRPG
1300518495,Stray,stray,11/19/2024,E10+,80,Action Adventure
1300600519,Irem Collection Volume 2,irem-collection-volume-2,11/14/2024,,68,Compilation
1300537369,Dragon Quest III HD-2D Remake,dragon-quest-iii-hd-2d-remake,11/14/2024,E10+,82,JRPG
1300640497,Mario & Luigi: Brothership,mario-and-luigi-brothership,11/7/2024,E,77,JRPG
1300609876,Shin-chan: Shiro and the Coal Town,shin-chan-shiro-and-the-coal-town,10/24/2024,E,78,Adventure
1300606888,Grapple Dogs: Cosmic Canines,grapple-dogs-cosmic-canines,9/12/2024,E,86,2D Platformer
1300533972,Caravan SandWitch,caravan-sandwitch,9/12/2024,E10+,78,Open-World Action
1300633795,SteamWorld Heist II,steamworld-heist-ii,8/8/2024,E10+,79,Strategy
1300502094,Read Only Memories: NEURODIVER,read-only-memories-neurodiver,5/16/2024,T,76,Visual Novel
1300572883,Lorelei and the Laser Eyes,lorelei-and-the-laser-eyes,5/16/2024,T,88,Adventure
1300498183,Wrath: Aeon of Ruin,wrath-aeon-of-ruin,4/25/2024,T,61,FPS
1300631797,Kudzu,kudzu,4/5/2024,E,63,Action Adventure
1300541583,ASTLIBRA Revision,astlibra-revision,11/16/2023,M,79,Action RPG
1300596375,Hot Wheels Unleashed 2: Turbocharged,hot-wheels-unleashed-2-turbocharged,10/19/2023,E,75,Auto Racing
1300591168,"Inescapable: No Rules, No Rescue",inescapable-no-rules-no-rescue,10/19/2023,M,56,Visual Novel
1300588380,The Jackbox Party Pack 10,the-jackbox-party-pack-10,10/19/2023,T,68,Party
1300534923,Radiant Tale,radiant-tale,7/27/2023,T,87,Visual Novel
1300588431,Xenoblade Chronicles 3: Expansion Pass Wave 4 - Future Redeemed,xenoblade-chronicles-3-expansion-pass-wave-4,4/25/2023,T,92,Action RPG
1300492302,Tin Hearts,tin-hearts,4/20/2023,E,81,Action Puzzle
1300529754,Labyrinth of Zangetsu,labyrinth-of-zangetsu,4/20/2023,E10+,76,RPG
1300554986,DNF Duel: Who's Next,dnf-duel-whos-next,4/20/2023,T,73,2D Fighting
1300027821,Osman,osman,4/13/2023,T,75,2D Platformer
1300588448,Mario Kart 8 Deluxe: Booster Course Pass - Wave 4,mario-kart-8-deluxe-booster-course-pass-wave-4,3/9/2023,,86,Auto Racing
1300588460,Paranormasight: The Seven Mysteries of Honjo,paranormasight-the-seven-mysteries-of-honjo,3/9/2023,M,85,Visual Novel
1300497377,Remorse: The List,remorse-the-list,2/23/2023,M,60,Survival
1300501144,OddBallers,oddballers,1/26/2023,E10+,71,Party
1300501641,Piofiore: Episodio 1926,piofiore-episodio-1926,9/22/2022,M,84,Visual Novel
1300523875,Potion Permit,potion-permit,9/22/2022,E,74,RPG
1300525299,Horgihugh and Friends,horgihugh-and-friends,6/16/2022,E10+,72,Horizontal Shoot-'Em-Up
1300532142,Neon White,neon-white,6/16/2022,T,88,FPS
1300549323,EGGLIA Rebirth,egglia-rebirth,2/10/2022,E,65,JRPG
1300524077,Ocean's Heart,oceans-heart,2/10/2022,E,75,Open-World Action
1300514585,Mary Skelter Finale,mary-skelter-finale,9/30/2021,M,78,JRPG
1300532843,Blaster Master Zero III,blaster-master-zero-iii,7/29/2021,E10+,80,Action Adventure
1300514257,B.Ark,bark,7/29/2021,E10+,71,Horizontal Shoot-'Em-Up
1300530330,Two Point Hospital: JUMBO Edition,two-point-hospital-jumbo-edition,7/29/2021,,85,Tycoon
1300460261,Duke Nukem 3D: 20th Anniversary World Tour,duke-nukem-3d-20th-anniversary-world-tour,6/23/2020,M,78,FPS
1300001976,Star Wars Episode I: Racer,star-wars-episode-i-racer,6/23/2020,E,70,Future Racing
1300466239,House Flipper,house-flipper,6/12/2020,E,56,Virtual Career
1300493633,Warborn,warborn,6/12/2020,E10+,66,Turn-Based Tactics
1300492985,One Step From Eden,one-step-from-eden,3/26/2020,E10+,74,Defense
1300018276,Star Wars Jedi Knight: Jedi Academy,star-wars-jedi-knight-jedi-academy,3/26/2020,T,68,FPS
1300485700,Layton's Mystery Journey: Katrielle and The Millionaires' Conspiracy - Deluxe Edition,laytons-mystery-journey-katrielle-and-the-2018,11/8/2019,E10+,73,Puzzle
1300493359,Destiny Connect: Tick-Tock Travelers,destiny-connect-tick-tock-travelers,10/22/2019,E10+,57,RPG
1300503767,Baldur's Gate and Baldur's Gate II: Enhanced Editions,baldurs-gate-and-baldurs-gate-ii-enhanced-editions,10/15/2019,T,72,Compilation
1300458413,The Eyes of Ara,the-eyes-of-ara,10/15/2019,E,75,Point-and-Click
1300357609,Overwatch,overwatch,10/15/2019,T,73,Tactical FPS
1300306978,Mini Metro,mini-metro,8/30/2018,E,86,Management
1300454705,Pocket Rumble,pocket-rumble,7/5/2018,T,75,2D Fighting
1300482569,Achtung! Cthulhu Tactics,achtung-cthulhu-tactics,1/24/2019,T,60,Turn-Based Tactics
1300473511,Pikuniku,pikuniku,1/24/2019,E,76,Action Puzzle
1300499135,Gunslingers & Zombies,gunslingers-and-zombies,9/15/2022,E10+,64,Turn-Based Tactics
1300518616,No Place for Bravery,no-place-for-bravery,9/22/2022,M,70,Action Adventure
1300686686,SHUTEN ORDER,shuten-order,9/5/2025,M,70,Action Adventure
1300149247,Battlefield 4,battlefield-4,11/12/2013,M,85,FPS
1300199981,Injustice: Gods Among Us - Ultimate Edition,injustice-gods-among-us-ultimate-edition,11/12/2013,T,80,2D Fighting
1300185706,Just Dance 2014 (French),just-dance-2014-french,11/12/2013,E10+,75,Dancing
1300179131,FIFA 14,fifa-14,11/12/2013,E,87,Soccer Sim
1300181283,NBA 2K14,nba-2k14,11/12/2013,E,85,Basketball Sim
1300171400,Madden NFL 25 (2013),madden-nfl-25-2013,11/12/2013,E,74,Football Sim
1300174235,Assassin's Creed IV: Black Flag,assassins-creed-iv-black-flag,11/12/2013,M,83,Open-World Action
1300107695,Blacklight: Retribution,blacklight-retribution,11/15/2013,T,58,FPS
1300172099,Call of Duty: Ghosts,call-of-duty-ghosts,11/15/2013,M,78,FPS
1300172979,Killzone: Shadow Fall,killzone-shadow-fall,11/15/2013,M,73,FPS
1300108545,Sound Shapes,sound-shapes,11/15/2013,E,84,Rhythm
1300156938,Angry Birds Star Wars,angry-birds-star-wars,11/15/2013,E,47,Action Puzzle
1300200258,Super Motherload,super-motherload,11/15/2013,E10+,65,Action Puzzle
1300193925,Resogun,resogun,11/15/2013,E10+,84,Horizontal Shoot-'Em-Up
1300033518,flower,flower,11/15/2013,E,91,Adventure
1300137738,Contrast (2013),contrast-2013,11/15/2013,T,59,Action Puzzle
1300172978,Knack,knack,11/15/2013,E10+,54,Linear Action Adventure
1300171463,Skylanders Swap Force,skylanders-swap-force,11/15/2013,E10+,79,3D Platformer
1300183672,Need for Speed: Rivals,need-for-speed-rivals,11/15/2013,E10+,80,Auto Racing Sim
1300183619,NBA Live 14,nba-live-14,11/19/2013,E,43,Basketball
1300115440,Escape Plan (2012),escape-plan-2012,12/3/2013,T,73,Action Puzzle
1300175716,Tiny Brains,tiny-brains,12/3/2013,E10+,64,Action Puzzle
1300185811,Doki-Doki Universe,doki-doki-universe,12/10/2013,E10+,71,Miscellaneous
1300028672,flOw (2006),flow-2006,12/17/2013,E,71,Miscellaneous
1300129665,The Pinball Arcade,the-pinball-arcade,12/17/2013,E10+,82,Pinball
1300227267,Assassin's Creed IV: Black Flag - Freedom Cry,assassins-creed-iv-black-flag-freedom-cry,12/18/2013,M,71,Open-World Action
1300145633,ZEN Pinball 2,zen-pinball-2,12/24/2013,E10+,82,Pinball
1300223351,Tomb Raider: Definitive Edition,tomb-raider-definitive-edition,1/28/2014,M,85,Linear Action Adventure
1300158103,Outlast,outlast,2/4/2014,M,78,Survival
1300189448,The LEGO Movie Videogame,the-lego-movie-videogame,2/7/2014,E10+,71,Action Adventure
1300144144,Rayman Legends,rayman-legends,2/18/2014,E10+,90,2D Platformer
1300190020,Strider,strider,2/18/2014,E10+,77,Action Adventure
1300043821,Thief,thief,2/25/2014,M,67,Action Adventure
1300185113,Basement Crawl,basement-crawl,2/25/2014,T,27,Action Puzzle
1300054134,Dead Nation,dead-nation,3/4/2014,M,74,Top-Down Shoot-'Em-Up
1300107067,Awesomenauts,awesomenauts,3/4/2014,T,74,MOBA
1300028034,Putty Squad,putty-squad,3/11/2014,E10+,38,2D Platformer
1300223091,Metal Gear Solid V: Ground Zeroes,metal-gear-solid-ground-zeroes,3/18/2014,M,75,Open-World Action
1300172981,inFamous: Second Son,infamous-second-son,3/21/2014,T,80,Open-World Action
1300185808,Mercenary Kings,mercenary-kings,4/1/2014,T,70,Horizontal Shoot-'Em-Up
1300223225,LEGO The Hobbit,lego-the-hobbit,4/8/2014,E10+,72,Action Adventure
1300114662,Strike Suit Zero,strike-suit-zero,4/8/2014,E10+,68,Aircraft Combat Sim
1300149812,Final Fantasy XIV Online: A Realm Reborn,final-fantasy-xiv-online-a-realm-reborn,4/14/2014,T,86,MMORPG
1300267111,That Trivia Game,that-trivia-game,4/15/2014,E,37,Trivia
1300185729,Trials Fusion,trials-fusion,4/15/2014,E10+,79,Auto Racing
1300003685,Cel Damage,cel-damage,4/22/2014,T,58,Vehicle Combat Sim
1300200411,The Amazing Spider-Man 2,the-amazing-spider-man-2,4/29/2014,T,49,Open-World Action
1300172433,Daylight,daylight,4/29/2014,M,48,Survival
1300273951,Star Wars Pinball: Heroes Within,star-wars-pinball-heroes-within,4/29/2014,E10+,80,Pinball
1300221695,MLB 14: The Show,mlb-14-the-show,5/6/2014,E,83,Baseball Sim
1300174294,Bound by Flame,bound-by-flame,5/6/2014,M,53,Action RPG
1300035769,Titan Attacks!,titan-attacks,5/6/2014,E,74,Vertical Shoot-'Em-Up
1300160412,Sportsfriends,sportsfriends,5/6/2014,E10+,82,Party
1300274636,Outlast: Whistleblower,outlast-whistleblower,5/6/2014,M,74,Survival
1300181733,Wolfenstein: The New Order,wolfenstein-the-new-order,5/20/2014,M,79,FPS
1300145273,Watch Dogs,watch-dogs,5/27/2014,M,80,Open-World Action
1300260337,PixelJunk Shooter Ultimate,pixeljunk-shooter-ultimate,6/3/2014,E,82,Vertical Shoot-'Em-Up
1300172106,Murdered: Soul Suspect,murdered-soul-suspect,6/3/2014,M,59,Survival
1300246012,Worms Battlegrounds,worms-battlegrounds,6/3/2014,E10+,62,Artillery
1300145639,1001 Spikes,aban-hawkins-and-the-1-001-spikes,6/3/2014,T,78,2D Platformer
1300110573,War Thunder,war-thunder,6/3/2014,T,76,Vehicle Combat Sim
1300287011,Entwined,entwined,6/9/2014,E,59,Arcade
1300183620,EA Sports UFC,ea-sports-ufc,6/17/2014,T,70,Combat Sport
1300200420,Blue Estate,blue-estate,6/24/2014,M,49,Rail Shooter
1300246576,Transformers: Rise of the Dark Spark,transformers-rise-of-the-dark-spark,6/24/2014,T,43,Action Adventure
1300286966,Resogun: Heroes,resogun-heroes,6/24/2014,E10+,86,Horizontal Shoot-'Em-Up
1300287010,Killzone: Shadow Fall - Intercept,killzone-shadow-fall-intercept,6/24/2014,M,72,FPS
1300175801,Sniper Elite III,sniper-elite-iii,7/1/2014,M,67,Tactical Third Person Shooter
1300279307,Tour de France 2014,tour-de-france-2014,7/22/2014,E,53,Biking
1300266160,The Last of Us Remastered,the-last-of-us-remastered,7/29/2014,M,95,Linear Action Adventure
1300150480,The Swapper,the-swapper,8/5/2014,E10+,83,Metroidvania
1300182486,Road Not Taken,road-not-taken,8/5/2014,E,70,Puzzle
1300181933,Hohokum,hohokum,8/12/2014,E10+,75,Adventure
1300179156,Surgeon Simulator 2013,surgeon-simulator-2013,8/12/2014,T,56,Virtual Career
1300185591,Plants vs Zombies: Garden Warfare,plants-vs-zombies-garden-warfare,8/19/2014,E10+,75,Tactical Third Person Shooter
1300185813,CounterSpy,counterspy,8/19/2014,T,67,Action
1300222281,Diablo III: Ultimate Evil Edition,diablo-iii-ultimate-evil-edition,8/19/2014,M,90,Action RPG
1300252538,The Last Tinker: City of Colors,the-last-tinker-city-of-colors,8/19/2014,E10+,66,Linear Action Adventure
1300287012,inFamous: First Light,infamous-first-light,8/26/2014,T,73,Open-World Action
1300267082,The Golf Club,the-golf-club,8/26/2014,E,66,Golf Sim
1300285688,ZEN Pinball 2: The Walking Dead,zen-pinball-2-the-walking-dead,8/26/2014,E10+,83,Pinball
1300272057,Madden NFL 15,madden-nfl-15,8/26/2014,E,81,Football Sim
1300187321,Warriors Orochi 3 Ultimate,warriors-orochi-3-ultimate,9/2/2014,T,77,3D Beat-'Em-Up
1300039249,Destiny,destiny,9/9/2014,T,76,FPS
1300274629,NHL 15,nhl-15,9/9/2014,E10+,60,Hockey Sim
1300172977,Anomaly 2,anomaly-2,9/16/2014,T,74,Real-Time Strategy
1300261417,Air Conflicts: Vietnam Ultimate Edition,air-conflicts-vietnam-ultimate-edition,9/16/2014,T,30,Aircraft Combat Sim
1300144092,KickBeat,kickbeat,9/16/2014,T,60,Rhythm
1300274596,Disney Infinity 2.0 Edition,disney-infinity-marvel-super-heroes-20-edition,9/23/2014,E10+,71,Action Adventure
1300285708,FIFA 15,fifa-15,9/23/2014,E,82,Soccer Sim
1300273954,Flockers,flockers,9/23/2014,T,61,Action Puzzle
1300196254,Natural Doctrine,natural-doctrine,9/30/2014,M,53,Turn-Based Tactics
1300187774,Futuridium EP,futuridium-ep,9/30/2014,E,73,Rail Shooter
1300255510,Chariot,chariot,9/30/2014,E,76,2D Platformer
1300223114,Middle-earth: Shadow of Mordor,middle-earth-shadow-of-mordor,9/30/2014,M,84,Open-World Action
1300159803,Pier Solar and the Great Architects,pier-solar-and-the-great-architects,9/30/2014,T,69,JRPG
1300330368,Watch Dogs: Bad Blood,watch-dogs-bad-blood,9/30/2014,M,76,Open-World Action
1300271882,Skylanders Trap Team,skylanders-trap-team,10/5/2014,E10+,78,3D Platformer
1300172980,Driveclub,driveclub,10/7/2014,E,71,Auto Racing Sim
1300308001,Pix the Cat,pix-the-cat,10/7/2014,E,80,Arcade
1300241758,Styx: Master of Shadows,styx-master-of-shadows,10/7/2014,M,70,Action Adventure
1300260334,NBA 2K15,nba-2k15,10/7/2014,E,83,Basketball Sim
1300179155,The Evil Within,the-evil-within,10/14/2014,M,75,Survival
1300306990,Sleeping Dogs: Definitive Edition,sleeping-dogs-definitive-edition,10/14/2014,M,77,Open-World Action
1300185592,Peggle 2,peggle-2,10/14/2014,E,72,Action Puzzle
1300339846,In Space We Brawl,in-space-we-brawl,10/14/2014,E,54,Top-Down Shoot-'Em-Up
1300339725,ZEN Pinball 2: South Park: Super-Sweet Pinball,zen-pinball-2-south-park-super-sweet-pinball,10/14/2014,E10+,84,Pinball
1300183476,Shadow Warrior,shadow-warrior,10/21/2014,M,70,FPS
1300221297,The Walking Dead: Season Two - A Telltale Games Series,the-walking-dead-season-two,10/21/2014,M,81,Point-and-Click
1300196036,Samurai Warriors 4,samurai-warriors-4,10/21/2014,T,76,3D Beat-'Em-Up
1300286999,Just Dance 2015,just-dance-2015,10/21/2014,E10+,72,Dancing
1300287041,Fluster Cluck,fluster-cluck,10/21/2014,E,37,Action
1300283656,SingStar: Ultimate Party,singstar-ultimate-party,10/24/2014,,47,Rhythm
1300285704,NBA Live 15,nba-live-15,10/28/2014,E,59,Basketball
1300142165,The Unfinished Swan,the-unfinished-swan,10/28/2014,E10+,83,First-Person Adventure
1300183011,Lords of the Fallen (2014),lords-of-the-fallen-2014,10/28/2014,M,68,Action RPG
1300251338,Costume Quest 2,costume-quest-2,10/28/2014,E10+,74,JRPG
1300307943,#KILLALLZOMBIES,killallzombies,10/28/2014,T,63,Top-Down Shoot-'Em-Up
1300274618,Call of Duty: Advanced Warfare,call-of-duty-advanced-warfare,11/3/2014,M,83,FPS
1300163039,The Binding of Isaac: Rebirth,the-binding-of-isaac-rebirth,11/4/2014,M,88,Top-Down Shoot-'Em-Up
1300251287,MotoGP 14,motogp-14,11/4/2014,E,73,Auto Racing Sim
1300223273,The Wolf Among Us,the-wolf-among-us,11/4/2014,M,83,Point-and-Click
1300315860,How to Survive: Storm Warning Edition,how-to-survive-storm-warning-edition,11/4/2014,M,65,Survival
1300185760,Rocksmith 2014 Edition,rocksmith-2014-edition,11/4/2014,T,82,Rhythm
1300255520,Assassin's Creed Unity,assassins-creed-unity,11/11/2014,M,70,Open-World Action
1300288299,Pro Evolution Soccer 2015,pro-evolution-soccer-2015,11/11/2014,E,82,Soccer Sim
1300282590,LEGO Batman 3: Beyond Gotham,lego-batman-3-beyond-gotham,11/11/2014,E10+,73,Action Adventure
1300154549,Nano Assault Neo,nano-assault-neo,11/11/2014,E,66,Top-Down Shoot-'Em-Up
1300107274,Dragon Age: Inquisition,dragon-age-inquisition,11/18/2014,M,89,Western RPG
1300260335,WWE 2K15,wwe-2k15,11/18/2014,T,62,Wrestling
1300252493,Tiny Troopers: Joint Ops,tiny-troopers-joint-ops,11/18/2014,T,65,Top-Down Shoot-'Em-Up
1300110124,Grand Theft Auto V,grand-theft-auto-v,3/15/2022,M,81,Open-World Action
1300223213,MXGP: The Official Motocross Videogame,mxgp-the-official-motocross-videogame,11/18/2014,E,66,Arcade Racing
1300277181,Far Cry 4,far-cry-4,11/18/2014,M,85,FPS
1300285706,Rollers of the Realm,rollers-of-the-realm,11/18/2014,T,75,Pinball
1300287013,LittleBigPlanet 3,littlebigplanet-3,11/18/2014,E,79,2D Platformer
1300282115,Never Alone (2014),never-alone-2014,11/18/2014,E10+,73,2D Platformer
1300195362,Akiba's Trip: Undead & Undressed,akibas-trip-2,11/25/2014,M,57,Open-World Action
1300223340,Tales From The Borderlands: Episode 1 - Zer0 Sum,borderlands-a-telltale-game-series,11/25/2014,M,80,Adventure
1300371017,Aqua Kitty: Milk Mine Defender DX,aqua-kitty-milk-mine-defender-dx,11/25/2014,E10+,74,Action
1300307995,Geometry Wars 3: Dimensions,geometry-wars-3-dimensions,11/25/2014,E,85,Top-Down Shoot-'Em-Up
1300175926,Secret Ponchos,secret-ponchos,12/2/2014,T,64,FPS
1300185241,The Crew,the-crew,12/2/2014,T,61,Racing
1300373103,Game of Thrones: Episode One - Iron From Ice,game-of-thrones-episode-one-iron-from-ice,12/2/2014,M,77,Point-and-Click
1300374938,Destiny: The Dark Below,destiny-the-dark-below,12/9/2014,T,63,FPS
1300406729,Giana Sisters: Twisted Dreams - Director's Cut,giana-sisters-twisted-dreams-directors-cut,12/9/2014,E,80,2D Platformer
1300286996,Lara Croft and the Temple of Osiris,lara-croft-and-the-temple-of-osiris,12/9/2014,T,74,Linear Action Adventure
1300374949,Rock Boshers DX: Director's Cut,rock-boshers-dx-directors-cut,12/9/2014,E10+,74,Top-Down Shoot-'Em-Up
1300183333,Guilty Gear Xrd -SIGN-,guilty-gear-xrd-sign,12/16/2014,T,84,2D Fighting
1300285687,Tetris Ultimate,tetris-ultimate,12/16/2014,E,63,Stacking Puzzle
1300140215,Loadout,loadout,12/16/2014,M,59,Third Person Shooter
1300380860,Middle-earth: Shadow of Mordor - Lord of the Hunt,middle-earth-shadow-of-mordor-lord-of-the-hunt,12/16/2014,M,61,Open-World Action
1300379446,Super Mega Baseball,super-mega-baseball,12/16/2014,E,85,Baseball
1300194489,Switch Galaxy Ultra,switch-galaxy-ultra,12/23/2014,E10+,70,Arcade
1300383674,Assassin's Creed Unity: Dead Kings,assassins-creed-unity-dead-kings,1/13/2015,M,68,Open-World Action
1300390105,Far Cry 4: Escape from Durgesh Prison,far-cry-4-escape-from-durgesh-prison,1/13/2015,M,56,FPS
1300342193,Motorcycle Club,motorcycle-club,1/20/2015,E,26,Auto Racing
1300315858,Saints Row: Gat Out of Hell,saints-row-gat-out-of-hell,1/20/2015,M,64,Open-World Action
1300145770,Splice (2012),splice-2012,1/20/2015,E,74,Puzzle
1300195867,Ironclad Tactics,ironclad-tactics,1/20/2015,T,66,Strategy
1300176882,Citizens of Earth,citizens-of-earth,1/20/2015,E10+,70,JRPG
1300391065,Saints Row IV: Re-Elected & Gat Out of Hell,saints-row-iv-re-elected-and-gat-out-of-hell,1/20/2015,M,66,Open-World Action
1300183671,Dying Light,dying-light,1/27/2015,M,74,Survival
1300393598,Life is Strange: Episode 1 - Chrysalis,life-is-strange-episode-1,1/30/2015,M,75,Third-Person Adventure
1300136583,Apotheon,apotheon,2/3/2015,T,76,2D Beat-'Em-Up
1300394430,Game of Thrones: Episode Two - The Lost Lords,game-of-thrones-episode-two-the-lost-lords,2/3/2015,M,69,Point-and-Click
1300378463,RISK (2014),risk-2014,2/3/2015,E10+,58,Board
1300307945,Unmechanical: Extended Edition,unmechanical-extended-edition,2/10/2015,E,75,2D Platformer
1300354069,Minutes,minutes,2/10/2015,E,76,Action
1300239103,Evolve,evolve,2/10/2015,M,76,Tactical FPS
1300398149,Super Stardust Ultra,super-stardust-ultra,2/10/2015,E,74,Top-Down Shoot-'Em-Up
1300316212,Dead or Alive 5 Last Round,dead-or-alive-5-last-round,2/17/2015,M,74,3D Fighting
1300399388,Resogun: Defenders,resogun-defenders,2/17/2015,E10+,85,Horizontal Shoot-'Em-Up
1300375002,Trivial Pursuit Live!,trivial-pursuit-live,2/17/2015,E,63,Trivia
1300295520,Hand of Fate,hand-of-fate,2/17/2015,T,79,Action RPG
1300398898,Pillar,pillar,2/17/2015,T,59,Action Puzzle
1300297274,Q*bert: Rebooted,qbert-rebooted,2/17/2015,E,44,Arcade
1300185805,The Order: 1886,the-order-1886,2/20/2015,M,63,Linear Action Adventure
1300240771,Starwhal: Just the Tip,starwhal-just-the-tip,2/24/2015,E10+,78,2D Fighting
1300340947,Rugby 15,rugby-15,2/24/2015,E,19,Rugby
1300399390,Resident Evil: Revelations 2 - Episode 1: Penal Colony,resident-evil-revelations-2-episode-1,2/24/2015,M,75,Survival
1300401304,Middle-earth: Shadow of Mordor - The Bright Lord,middle-earth-shadow-of-mordor-the-bright-lord,2/24/2015,M,68,Open-World Action
1300287040,Dragon Ball: Xenoverse,dragon-ball-xenoverse,2/24/2015,T,69,3D Fighting
1300288009,Dynasty Warriors 8 Empires,dynasty-warriors-8-empires,2/24/2015,T,63,3D Beat-'Em-Up
1300403358,ZEN Pinball 2: Iron & Steel Pack,zen-pinball-2-iron-and-steel-pack,2/25/2015,,82,Pinball
1300193922,Helldivers,helldivers,3/3/2015,T,81,Top-Down Shoot-'Em-Up
1300286978,White Night,white-night,3/3/2015,M,67,Survival
1300399391,Resident Evil: Revelations 2 - Episode 2: Contemplation,resident-evil-revelations-2-episode-2,3/3/2015,M,75,Survival
1300329655,OlliOlli2: Welcome to Olliwood,olliolli2,3/3/2015,T,86,Skating
1300403371,Far Cry 4: Valley of the Yetis,far-cry-4-valley-of-the-yetis,3/10/2015,M,74,FPS
1300186677,Hotline Miami 2: Wrong Number,hotline-miami-2-wrong-number,3/10/2015,M,75,Top-Down Shoot-'Em-Up
1300399392,Resident Evil: Revelations 2 - Episode 3: Judgment,resident-evil-revelations-2-episode-3,3/10/2015,M,77,Survival
1300408002,The Evil Within: The Assignment,the-evil-within-the-assignment,3/10/2015,M,80,Survival
1300172540,Scram Kitty and his Buddy on Rails,scram-kitty-and-his-buddy-on-rails,3/10/2015,E,74,Action
1300378209,DmC: Devil May Cry Definitive Edition,dmc-devil-may-cry-definitive-edition,3/10/2015,M,83,Linear Action Adventure
1300399393,Resident Evil: Revelations 2 - Episode 4: Metamorphosis,resident-evil-revelations-2-episode-4,3/17/2015,M,75,Survival
1300283658,Battlefield Hardline,battlefield-hardline,3/17/2015,M,73,Tactical FPS
1300406735,Tales From The Borderlands: Episode 2 - Atlas Mugged,tales-from-the-borderlands-episode-two,3/17/2015,M,81,Adventure
1300389034,Bladestorm: Nightmare,bladestorm-nightmare,3/17/2015,T,58,3D Beat-'Em-Up
1300039159,Final Fantasy Type-0,final-fantasy-type-0,3/17/2015,M,72,Action RPG
1300411430,Game of Thrones: Episode Three - The Sword in the Darkness,game-of-thrones-episode-three-the-sword-in-the,3/24/2015,M,70,Point-and-Click
1300390108,Borderlands: The Handsome Collection,borderlands-the-handsome-collection,3/24/2015,M,82,Compilation
1300393599,Life is Strange: Episode 2 - Out of Time,life-is-strange-episode-2,3/24/2015,M,78,Third-Person Adventure
1300287014,Bloodborne,bloodborne,3/24/2015,M,92,Action RPG
1300389457,Rack N Ruin,rack-n-ruin,3/31/2015,T,59,Open-World Action
1300264537,Toukiden: Kiwami,toukiden-kiwami,3/31/2015,T,74,Action RPG
1300288289,Paperbound,paperbound,3/31/2015,E10+,69,2D Fighting
1300374937,MLB 15: The Show,mlb-15-the-show,3/31/2015,E,80,Baseball Sim
1300372770,Dark Souls II: Scholar of the First Sin,dark-souls-ii-scholar-of-the-first-sin,4/7/2015,T,87,Action RPG
1300246474,Tower of Guns,tower-of-guns,4/7/2015,E10+,69,FPS
1300398137,Aaru's Awakening,aarus-awakening,4/7/2015,E,59,2D Platformer
1300273952,Stealth Inc 2: A Game of Clones,stealth-inc-2,4/7/2015,T,74,2D Platformer
1300393055,Krinkle Krusher,krinkle-krusher,4/7/2015,E10+,50,Defense
1300398918,WE ARE DOOMED,we-are-doomed,4/14/2015,E,61,Horizontal Shoot-'Em-Up
1300284479,Mortal Kombat X,mortal-kombat-x,4/14/2015,M,83,2D Fighting
1300287019,Titan Souls,titan-souls,4/14/2015,T,73,Action Adventure
1300307405,Ziggurat,ziggurat,4/21/2015,T,80,FPS
1300327137,Assassin's Creed Chronicles: China,assassins-creed-chronicles-china,4/21/2015,T,69,Linear Action Adventure
1300271498,Infinity Runner,infinity-runner,4/21/2015,T,45,3D Platformer
1300422403,The Evil Within: The Consequence,the-evil-within-the-consequence,4/21/2015,,75,Survival
1300176881,Shovel Knight,shovel-knight,4/21/2015,E,90,2D Platformer
1300444926,ZEN Pinball 2: Marvel's Avengers: Age of Ultron,zen-pinball-2-marvels-avengers-age-of-ultron,4/22/2015,,65,Pinball
1300251286,Project Root,project-root,4/28/2015,T,45,Vertical Shoot-'Em-Up
1300427244,ZEN Pinball 2: Star Wars Rebels,zen-pinball-2-star-wars-rebels,4/28/2015,,88,Pinball
1300193660,Tropico 5,tropico-5,4/28/2015,T,76,Management
1300274645,Omega Quintet,omega-quintet,4/28/2015,T,58,JRPG
1300133633,Broken Age,broken-age,4/28/2015,E10+,81,Point-and-Click
1300405471,Wolfenstein: The Old Blood,wolfenstein-the-old-blood,5/5/2015,M,76,FPS
1300156197,ETHER One,ether-one,5/5/2015,E10+,75,First-Person Adventure
1300321922,Schrodinger's Cat and the Raiders of the Lost Quark,schrodingers-cat-and-the-raiders-of-the-lost-quark,5/12/2015,E,61,2D Platformer
1300139531,Project CARS,project-cars,5/12/2015,E,83,Auto Racing Sim
1300254884,Nom Nom Galaxy,nom-nom-galaxy,5/12/2015,E,70,Action
1300163369,Arcania: The Complete Tale,arcania-the-complete-tale,5/12/2015,T,42,Action RPG
1300398493,Color Guardians,color-guardians,5/12/2015,E,62,3D Platformer
1300176953,Lost Orbit,lost-orbit,5/12/2015,T,77,2D Platformer
1300306873,Toren,toren,5/12/2015,T,56,Action Adventure
1300169072,The Witcher 3: Wild Hunt,the-witcher-3-wild-hunt,5/19/2015,M,92,Action RPG
1300302181,Farming Simulator 15,farming-simulator-15,5/19/2015,E,54,Virtual Career
1300421531,Destiny: House of Wolves,destiny-house-of-wolves,5/19/2015,T,72,FPS
1300393600,Life is Strange: Episode 3 - Chaos Theory,life-is-strange-episode-3,5/19/2015,M,81,Third-Person Adventure
1300434949,The Evil Within: The Executioner,the-evil-within-the-executioner,5/25/2015,,59,Survival
1300169067,BADLAND,badland,5/26/2015,E,76,Linear Action Adventure
1300411431,Game of Thrones: Episode Four - Sons of Winter,game-of-thrones-episode-four-sons-of-winter,5/26/2015,M,73,Point-and-Click
1300433589,ZEN Pinball 2: Portal Pinball,zen-pinball-2-portal-pinball,5/26/2015,E10+,83,Pinball
1300287016,Magicka 2,magicka-2,5/26/2015,T,72,Action Adventure
1300081257,Ultra Street Fighter IV,ultra-street-fighter-iv,5/26/2015,T,71,2D Fighting
1300260339,Super Exploding Zoo,super-exploding-zoo,6/2/2015,E10+,69,Puzzle
1300290765,The Escapists,the-escapists,6/2/2015,T,71,Action
1300080121,Skulls of the Shogun,skulls-of-the-shogun,6/2/2015,T,80,Turn-Based Tactics
1300190024,Wander,wander,6/4/2015,E,28,Open-World Action
1300428325,The Elder Scrolls Online: Tamriel Unlimited,the-elder-scrolls-online-tamriel-unlimited,6/9/2015,M,74,MMORPG
1300251108,Batman: Arkham Knight,batman-arkham-knight,6/23/2015,M,87,Open-World Action
1300424894,Tour de France 2015,tour-de-france-2015,6/23/2015,E,63,Biking
1300110918,PlanetSide 2,planetside-2,6/23/2015,T,78,Tactical FPS
1300381288,Devil May Cry 4: Special Edition,devil-may-cry-4-special-edition,6/23/2015,M,75,Linear Action Adventure
1300057163,Shantae: Risky's Revenge,shantae-riskys-revenge,6/23/2015,E10+,74,Metroidvania
1300439303,Tales From The Borderlands: Episode 3 - Catch A Ride,tales-from-the-borderlands-episode-three-catch-a,6/23/2015,M,83,Adventure
1300343654,Final Fantasy XIV: Heavensward,final-fantasy-xiv-heavensward,6/23/2015,T,86,MMORPG
1300152405,Astebreed,astebreed,6/25/2015,E10+,82,Horizontal Shoot-'Em-Up
1300282586,Red Goddess: Inner World,red-goddess-inner-world,6/30/2015,E10+,49,2D Platformer
1300398900,J-Stars Victory Vs+,j-stars-victory-vs-plus,6/30/2015,T,61,3D Fighting
1300171991,Whispering Willows,whispering-willows,6/30/2015,T,63,Adventure
1300383142,BlazBlue: Chrono Phantasma Extend,blazblue-chrono-phantasma-extend,6/30/2015,T,80,2D Fighting
1300307419,Pneuma: Breath of Life,pneuma-breath-of-life,7/7/2015,E,69,First-Person Adventure
1300440566,Trials Fusion: Awesome Level Max,trials-fusion-awesome-level-max,7/14/2015,E10+,74,Auto Racing
1300449772,Batman: Arkham Knight - A Matter of Family,batman-arkham-knight-a-matter-of-family,7/14/2015,M,61,Open-World Action
1300171903,The Vanishing of Ethan Carter,the-vanishing-of-ethan-carter,7/14/2015,M,81,First-Person Adventure
1300383147,Deception IV: The Nightmare Princess,deception-iv-the-nightmare-princess,7/14/2015,M,69,Strategy
1300411314,God of War III Remastered,god-of-war-iii-remastered,7/14/2015,M,81,Linear Action Adventure
1300450307,Prototype Biohazard Bundle,prototype-biohazard-bundle,7/14/2015,M,48,Compilation
1300295488,Godzilla,godzilla,7/14/2015,T,38,Action Adventure
1300286984,Rory McIlroy PGA Tour,rory-mcilroy-pga-tour,7/14/2015,E,61,Golf Sim
1300450284,ZEN Pinball 2: Ant-Man Pinball,zen-pinball-2-ant-man-pinball,7/15/2015,,81,Pinball
1300446829,Yasai Ninja,yasai-ninja,7/21/2015,E10+,23,Action Adventure
1300408011,Tembo the Badass Elephant,tembo-the-badass-elephant,7/21/2015,E10+,72,Action Adventure
1300255515,Q.U.B.E. Director's Cut,qube-directors-cut,7/21/2015,T,76,Action Puzzle
1300412396,F1 2015,f1-2015,7/21/2015,E,65,Auto Racing Sim
1300411432,Game of Thrones: Episode Five - A Nest of Vipers,game-of-thrones-episode-five-a-nest-of-vipers,7/21/2015,M,77,Point-and-Click
1300193919,N++,n-plus-plus,7/28/2015,E10+,82,2D Platformer
1300449805,King's Quest Chapter 1: A Knight to Remember,kings-quest-chapter-1-a-knight-to-remember,7/28/2015,E10+,77,Adventure
1300393601,Life is Strange: Episode 4 - Dark Room,life-is-strange-episode-4,7/28/2015,M,81,Third-Person Adventure
1300446672,Abyss Odyssey: Extended Dream Edition,abyss-odyssey-extended-dream-edition,7/28/2015,T,65,Linear Action Adventure
1300316919,Velocibox,velocibox,7/28/2015,E,62,Arcade
1300435661,Sword Art Online Re: Hollow Fragment,sword-art-online-re-hollow-fragment,7/28/2015,T,65,Action RPG
1300433556,Yu-Gi-Oh! Legacy of the Duelist,yu-gi-oh-legacy-of-the-duelist,7/31/2015,E10+,75,Card Battle
1300185809,Galak-Z: The Dimensional,galak-z,8/4/2015,E10+,82,Vertical Shoot-'Em-Up
1300398917,The Castle Game,the-castle-game,8/4/2015,E10+,68,Defense
1300349691,Submerged,submerged-2015,8/4/2015,E10+,56,Action Adventure
1300193921,Everybody's Gone to the Rapture,everybodys-gone-to-the-rapture,8/11/2015,M,78,First-Person Adventure
1300307975,Toy Soldiers: War Chest,toy-soldiers-war-chest,8/11/2015,T,62,Strategy
1300255492,Gauntlet (2014),gauntlet-2014,8/11/2015,M,71,Western RPG
1300450915,Commander Cherry's Puzzled Journey,commander-cherrys-puzzled-journey,8/11/2015,E,53,Action Puzzle
1300450968,Dragon Age: Inquisition - The Descent,dragon-age-inquisition-the-descent,8/11/2015,M,63,Western RPG
1300246095,Goat Simulator,goat-simulator,8/11/2015,T,58,Open-World Action
1300237117,Volume,volume,8/18/2015,E10+,71,Linear Action Adventure
1300450933,Tales From The Borderlands: Episode 4 - Escape Plan Bravo,tales-from-the-borderlands-episode-4-escape-plan,8/18/2015,M,78,Adventure
1300145271,ZombiU,zombiu,8/18/2015,M,71,Survival
1300450918,Curses 'N Chaos,curses-n-chaos,8/18/2015,E10+,70,2D Beat-'Em-Up
1300451096,Pure Hold 'Em,pure-hold-em,8/18/2015,T,73,Gambling
1300411392,Giana Sisters: Dream Runners,giana-sisters-dream-runners,8/19/2015,E,37,2D Platformer
1300247027,Risen 3: Titan Lords,risen-3-titan-lords,8/21/2015,M,51,Action RPG
1300441676,Calvino Noir,calvino-noir,8/25/2015,T,44,Action Adventure
1300151644,Until Dawn (2015),until-dawn-2015,8/25/2015,M,79,Third-Person Adventure
1300176741,Back to Bed,back-to-bed,8/25/2015,E10+,62,Action Puzzle
1300440509,Dishonored: Definitive Edition,dishonored-definitive-edition,8/25/2015,M,80,Action Adventure
1300343034,I Am Bread TV,i-am-bread-tv,8/25/2015,E10+,51,3D Platformer
1300419534,Madden NFL 16,madden-nfl-16,8/25/2015,E,83,Football Sim
1300427420,Disney Infinity 3.0 Edition,disney-infinity-30-edition,8/30/2015,E10+,80,Action Adventure
1300153176,Metal Gear Solid V: The Phantom Pain,metal-gear-solid-v-the-phantom-pain,9/1/2015,M,93,Open-World Action
1300185810,Mad Max,mad-max,9/1/2015,M,69,Open-World Action
1300195361,Nobunaga's Ambition: Sphere of Influence,nobunagas-ambition-sphere-of-influence,9/1/2015,T,80,Turn-Based Strategy
1300391762,Grow Home,grow-home,9/1/2015,E,74,Open-World Action
1300139611,Super Time Force,super-t-i-m-e-force,9/1/2015,T,82,2D Platformer
1300398921,Zombie Vikings,zombie-vikings,9/1/2015,T,64,2D Beat-'Em-Up
1300450374,Rugby World Cup 2015,rugby-world-cup-2015,9/4/2015,E,25,Rugby
1300308003,Tearaway Unfolded,tearaway-unfolded,9/8/2015,E,81,3D Platformer
1300271883,Leo's Fortune,leos-fortune,9/8/2015,E,66,2D Platformer
1300398150,Hyper Void,hyper-void,9/8/2015,E10+,70,Vertical Shoot-'Em-Up
1300440539,Beyond Eyes,beyond-eyes,9/8/2015,E,52,Action Adventure
1300150302,Knock-knock,knock-knock,9/10/2015,E,51,Adventure
1300440856,Pro Evolution Soccer 2016,pro-evolution-soccer-2016,9/15/2015,E,87,Soccer Sim
1300440574,Destiny: The Taken King,destiny-the-taken-king,9/15/2015,T,86,FPS
1300427430,NHL 16,nhl-16,9/15/2015,E10+,78,Hockey Sim
1300436753,Skylanders SuperChargers,skylanders-superchargers,9/20/2015,E10+,81,3D Platformer
1300200278,SOMA,soma,9/22/2015,M,79,Survival
1300185228,Blood Bowl 2,blood-bowl-2,9/22/2015,T,72,Football
1300451798,Laserlife,laserlife,9/22/2015,E,65,Rail Shooter
1300451878,Battle Trivia Knockout,battle-trivia-knockout,9/22/2015,E,51,Trivia
1300427431,FIFA 16,fifa-16,9/22/2015,E,82,Soccer Sim
1300427410,Penarium,penarium,9/22/2015,T,71,2D Platformer
1300407810,Afro Samurai 2: Revenge of Kuma Volume One,afro-samurai-2-revenge-of-kuma-volume-one,9/22/2015,M,21,3D Beat-'Em-Up
1300398903,Extreme Exorcism,extreme-exorcism,9/23/2015,E10+,74,2D Platformer
1300433498,NBA 2K16,nba-2k16,9/25/2015,E10+,87,Basketball Sim
1300417693,LEGO Dimensions,lego-dimensions,9/27/2015,E10+,80,Action Adventure
1300427415,Tony Hawk's Pro Skater 5,tony-hawks-pro-skater-5,9/29/2015,T,32,Skating
1300372660,Samurai Warriors 4-II,samurai-warriors-4-ii,9/29/2015,T,73,3D Beat-'Em-Up
1300427432,NBA Live 16,nba-live-16,9/29/2015,E,59,Basketball Sim
1300422389,MotoGP 15,motogp-15,10/1/2015,E,66,Auto Racing Sim
1300374515,RIDE,ride,10/6/2015,E,66,Auto Racing Sim
1300452239,Metal Gear Solid V: Metal Gear Online,metal-gear-solid-v-metal-gear-online,10/6/2015,,72,Open-World Action
1300419024,Saint Seiya: Soldiers' Soul,saint-seiya-soldiers-soul,10/6/2015,T,59,3D Fighting
1300405742,Rock Band 4,rock-band-4,10/6/2015,T,78,Rhythm
1300440561,Transformers: Devastation,transformers-devastation,10/6/2015,T,77,3D Beat-'Em-Up
1300436757,Uncharted: The Nathan Drake Collection,uncharted-the-nathan-drake-collection,10/9/2015,T,86,Compilation
1300415351,The Witcher 3: Wild Hunt - Hearts of Stone,the-witcher-3-wild-hunt-hearts-of-stone,10/12/2015,M,90,Action RPG
1300316215,Dragon Quest Heroes: The World Tree's Woe and the Blight Below,dragon-quest-heroes,10/13/2015,T,77,3D Beat-'Em-Up
1300329081,One Upon Light,one-upon-light,10/13/2015,E10+,59,Action Puzzle
1300223561,Christopher Brookmyre's Bedlam,christopher-brookmyres-bedlam,10/13/2015,M,53,FPS
1300451830,Minecraft: Story Mode - Episode 1: The Order of the Stone,minecraft-story-mode-episode-1-the-order-of-the,10/13/2015,E10+,71,Point-and-Click
1300450375,WRC 5,wrc-5,10/13/2015,E,62,Auto Racing Sim
1300307977,Grand Ages: Medieval,grand-ages-medieval,10/13/2015,T,64,Real-Time Strategy
1300246559,Kromaia,kromaia,10/16/2015,E10+,68,Rail Shooter
1300195865,FORCED,forced,10/20/2015,T,60,Action RPG
1300422871,Overlord: Fellowship of Evil,overlord-fellowship-of-evil,10/20/2015,T,33,Action RPG
1300419522,Guitar Hero Live,guitar-hero-live,10/20/2015,T,80,Rhythm
1300440568,Just Dance 2016,just-dance-2016,10/20/2015,E10+,73,Dancing
1300452237,Tales From The Borderlands: Episode 5 - The Vault of the Traveler,tales-from-the-borderlands-episode-5-the-vault-of,10/20/2015,M,90,Adventure
1300452482,ZEN Pinball 2: Balls of Glory,zen-pinball-2-balls-of-glory,10/20/2015,,78,Pinball
1300223691,Tales of Zestiria,tales-of-zestiria,10/20/2015,T,72,Action RPG
1300393602,Life is Strange: Episode 5 - Polarized,life-is-strange-episode-5,10/20/2015,M,81,Third-Person Adventure
1300307976,Life is Strange,life-is-strange,10/20/2015,M,85,Third-Person Adventure
1300347661,Primal Carnage: Extinction,primal-carnage-extinction,10/20/2015,T,46,FPS
1300450656,Now That's What I Call Sing,now-thats-what-i-call-sing,10/23/2015,,55,Rhythm
1300373392,Assassin's Creed Syndicate,assassins-creed-syndicate,10/23/2015,M,76,Open-World Action
1300406263,MX vs. ATV Supercross Encore,mx-vs-atv-supercross-encore,10/27/2015,E,42,Auto Racing
1300452654,Driveclub Bikes,driveclub-bikes,10/27/2015,E,79,Auto Racing Sim
1300432694,WWE 2K16,wwe-2k16,10/27/2015,T,73,Wrestling
1300452650,Minecraft: Story Mode - Episode 2: Assembly Required,minecraft-story-mode-episode-2-assembly-required,10/27/2015,E10+,53,Point-and-Click
1300442376,Divinity: Original Sin Enhanced Edition,divinity-original-sin-enhanced-edition,10/27/2015,M,88,Western RPG
1300449417,Snoopy's Grand Adventure,snoopys-grand-adventure,11/3/2015,E,59,2D Platformer
1300433518,Need for Speed,need-for-speed,11/3/2015,T,66,Auto Racing Sim
1300412379,PONCHO,poncho,11/3/2015,E,63,2D Platformer
1300418079,Call of Duty: Black Ops III,call-of-duty-black-ops-iii,11/6/2015,M,81,FPS
1300436750,Fallout 4,fallout-4,11/10/2015,M,87,Western RPG
1300440565,The Crew: Wild Run,the-crew-wild-run,11/17/2015,T,73,Racing
1300185593,Star Wars Battlefront,star-wars-battlefront,11/17/2015,T,73,Tactical FPS
1300339356,Sword Art Online: Lost Song,sword-art-online-lost-song,11/17/2015,T,63,Action RPG
1300149046,Deadpool,deadpool,11/17/2015,M,60,Linear Action Adventure
1300411433,Game of Thrones: Episode Six - The Ice Dragon,game-of-thrones-episode-six-the-ice-dragon,11/17/2015,M,75,Point-and-Click
1300223231,Game of Thrones: A Telltale Games Series,game-of-thrones-a-telltale-games-series,11/17/2015,M,69,Point-and-Click
1300453077,The Elder Scrolls Online: Tamriel Unlimited - Orsinium,the-elder-scrolls-online-tamriel-unlimited-2015,11/18/2015,M,72,MMORPG
1300451768,Bloodborne: The Old Hunters,bloodborne-the-old-hunters,11/24/2015,M,87,Action RPG
1300453116,Minecraft: Story Mode - Episode 3: The Last Place You Look,minecraft-story-mode-episode-3-the-last-place-you,11/24/2015,E10+,73,Point-and-Click
1300145280,Beyond: Two Souls,beyond-two-souls,11/24/2015,M,72,Third-Person Adventure
1300140501,Chivalry: Medieval Warfare,chivalry-medieval-warfare,12/1/2015,M,58,3D Beat-'Em-Up
1300364289,Just Cause 3,just-cause-3,12/1/2015,M,73,Open-World Action
1300426273,DreamWorks Kung Fu Panda: Showdown of Legendary Legends,dreamworks-kung-fu-panda-showdown-of-legendary,12/1/2015,E10+,63,2D Fighting
1300287002,Tom Clancy's Rainbow Six Siege,tom-clancys-rainbow-six-siege,12/1/2015,M,73,Tactical FPS
1300450805,Dariusburst: Chronicle Saviours,dariusburst-chronicle-saviours,12/2/2015,E,80,Horizontal Shoot-'Em-Up
1300374942,Fat Princess Adventures,fat-princess-adventures,12/5/2015,T,63,Action RPG
1300287026,GUNS UP!,guns-up,12/5/2015,T,54,Real-Time Strategy
1300104577,Bit.Trip Complete / THE BIT.TRIP,bittrip-complete-the-bittrip,12/5/2015,E,80,Compilation
1300196255,Earth Defense Force 4.1: The Shadow of New Despair,earth-defense-force-41-the-shadow-of-new-despair,12/8/2015,M,64,Third Person Shooter
1300175465,Among the Sleep,among-the-sleep,12/8/2015,,66,First-Person Adventure
1300402948,Zotrix,zotrix,12/8/2015,E,57,Top-Down Shoot-'Em-Up
1300453310,King's Quest Chapter 2: Rubble Without a Cause,kings-quest-chapter-2-rubble-without-a-cause,12/15/2015,E10+,68,Adventure
1300453760,Assassin's Creed Syndicate: Jack the Ripper,assassins-creed-syndicate-jack-the-ripper,12/15/2015,M,72,Open-World Action
1300390384,Infinifactory,infinifactory,12/22/2015,T,70,Action Puzzle
1300219877,Hatoful Boyfriend: Holiday Star,hatoful-boyfriend-holiday-star,12/22/2015,E10+,58,Visual Novel
1300454008,Minecraft: Story Mode - Episode 4: A Block and a Hard Place,minecraft-story-mode-episode-4-a-block-and-a-hard,12/22/2015,E10+,72,Point-and-Click
1300454016,Batman: Arkham Knight - Season of Infamy: Most Wanted,batman-arkham-knight-season-of-infamy-most-wanted,12/22/2015,M,79,Open-World Action
1300452050,Hardware: Rivals,hardware-rivals,1/5/2016,E10+,56,Vehicle Combat Sim
1300340950,Rebel Galaxy,rebel-galaxy,1/5/2016,T,64,Open-World Action
1300274634,Amplitude,amplitude,1/5/2016,E,74,Rhythm
1300454219,Dogchild,dogchild,1/11/2016,E10+,71,Action Adventure
1300454244,Star Wars Pinball: The Force Awakens,star-wars-pinball-the-force-awakens,1/12/2016,,81,Pinball
1300417648,Assassin's Creed Chronicles: India,assassins-creed-chronicles-india,1/13/2016,T,63,Linear Action Adventure
1300440058,The Deadly Tower of Monsters,the-deadly-tower-of-monsters,1/19/2016,T,72,Linear Action Adventure
1300398907,Klaus,klaus,1/19/2016,E10+,76,2D Platformer
1300070041,World of Tanks,world-of-tanks,1/19/2016,T,80,Vehicle Combat Sim
1300389037,Stardust Vanguards,stardust-vanguards,1/19/2016,E10+,63,Top-Down Shoot-'Em-Up
1300274606,Croixleur Sigma,croixleur-sigma,1/19/2016,E10+,71,3D Beat-'Em-Up
1300183526,Attractio,attractio,1/19/2016,T,58,Action Puzzle
1300393587,LEGO Marvel's Avengers,lego-marvels-avengers,1/26/2016,E10+,71,Action Adventure
1300052679,The Witness,the-witness,1/26/2016,E,87,First-Person Adventure
1300454094,Gemini: Heroes Reborn,gemini-heroes-reborn,1/26/2016,T,57,Linear Action Adventure
1300254360,This War of Mine,this-war-of-mine,1/29/2016,M,78,Survival
1300306998,Albedo: Eyes from Outer Space,albedo-eyes-from-outer-space,2/2/2016,T,55,Linear Action Adventure
1300454695,Amazing Discoveries In Outer Space,amazing-discoveries-in-outer-space,2/2/2016,E,71,Open-World Action
1300453929,Call of Duty: Black Ops III - Awakening,call-of-duty-black-ops-iii-awakening,2/2/2016,,74,FPS
1300401305,AIPD - Artificial Intelligence Police Department,aipd-artificial-intelligence-police-department,2/2/2016,E10+,62,Top-Down Shoot-'Em-Up
1300287021,Not a Hero,not-a-hero,2/2/2016,M,74,Horizontal Shoot-'Em-Up
1300451772,Gravity Rush Remastered,gravity-rush-remastered,2/2/2016,T,80,Open-World Action
1300240776,Digimon Story Cyber Sleuth,digimon-story-cyber-sleuth,2/2/2016,T,75,Trainer RPG
1300422879,Nitroplus Blasterz: Heroines Infinite Duel,nitroplus-blasterz-heroines-infinite-duel,2/2/2016,T,70,2D Fighting
1300430844,Arslan: The Warriors of Legend,arslan-the-warriors-of-legend,2/9/2016,T,69,3D Beat-'Em-Up
1300453566,Dying Light: The Following,dying-light-the-following,2/9/2016,M,78,Survival
1300417649,Assassin's Creed Chronicles: Russia,assassins-creed-chronicles-russia,2/9/2016,T,60,Linear Action Adventure
1300440558,Unravel,unravel,2/9/2016,E,78,2D Platformer
1300453567,Dying Light: The Following - Enhanced Edition,dying-light-the-following-enhanced-edition,2/9/2016,M,86,Survival
1300378211,Naruto Shippuden: Ultimate Ninja Storm 4,naruto-shippuden-ultimate-ninja-storm-4,2/9/2016,T,79,3D Fighting
1300450680,Rugby Challenge 3,rugby-challenge-3,2/10/2016,E,64,Rugby
1300449773,The Escapists: The Walking Dead,the-escapists-the-walking-dead,2/16/2016,T,63,Action
1300101014,Rainbow Moon,rainbow-moon,2/16/2016,E10+,70,Turn-Based Tactics
1300453438,TRON RUN/r,tron-run-r,2/16/2016,E10+,64,3D Platformer
1300374917,Street Fighter V,street-fighter-v,2/16/2016,T,77,2D Fighting
1300223690,Pixel Piracy,pixel-piracy,2/16/2016,T,50,Real-Time Strategy
1300195885,Mitsurugi Kamui Hikae,mitsurugi-kamui-hikae,2/16/2016,T,58,3D Beat-'Em-Up
1300439126,Plants vs Zombies: Garden Warfare 2,plants-vs-zombies-garden-warfare-2,2/23/2016,E10+,81,Tactical Third Person Shooter
1300454890,The Walking Dead: Michonne - Episode 1: In Too Deep,the-walking-dead-michonne-episode-1-in-too-deep,2/23/2016,M,70,Third-Person Adventure
1300183133,Ninja Senki,ninja-senki,2/23/2016,E10+,64,2D Platformer
1300267039,Hitman GO,hitman-go,2/23/2016,E10+,77,Turn-Based Strategy
1300452174,Far Cry Primal,far-cry-primal,2/23/2016,M,76,FPS
1300151250,Foul Play,foul-play,2/23/2016,E10+,66,2D Beat-'Em-Up
1300454565,Mortal Kombat XL,mortal-kombat-xl,3/1/2016,M,85,2D Fighting
1300161693,McDROID,mcdroid,3/1/2016,E,57,Defense
1300303039,Screencheat,screencheat,3/1/2016,E10+,69,Tactical FPS
1300119555,The Witch and the Hundred Knight,the-witch-and-the-hundred-knight,3/1/2016,,63,Action RPG
1300453146,Heavy Rain & Beyond: Two Souls Collection,heavy-rain-and-beyond-two-souls-collection,3/1/2016,M,78,Compilation
1300027102,Heavy Rain,heavy-rain,3/1/2016,M,78,Third-Person Adventure
1300255512,Gunscape,gunscape,3/1/2016,T,61,FPS
1300078789,Alekhine's Gun,alekhines-gun,3/1/2016,M,36,Action Adventure
1300351503,Kholat,kholat,3/8/2016,T,64,Survival
1300297277,Action Henk,action-henk,3/8/2016,E,73,2D Platformer
1300195359,Assault Android Cactus,assault-android-cactus,3/8/2016,E10+,85,Top-Down Shoot-'Em-Up
1300185738,Tom Clancy's The Division,tom-clancys-the-division,3/8/2016,M,80,Tactical Third Person Shooter
1300454421,Dreii,dreii,3/9/2016,E,75,Logic Puzzle
1300455295,Casey Powell Lacrosse 16,casey-powell-lacrosse-16,3/9/2016,E,69,Team Sports
1300455643,Hitman - Intro Pack,hitman-intro-pack,3/11/2016,,77,Action Adventure
1300283684,Hitman,hitman,3/11/2016,M,84,Action Adventure
1300453781,Just Cause 3: Sky Fortress,just-cause-3-sky-fortress,3/15/2016,,72,Open-World Action
1300452880,EA Sports UFC 2,ea-sports-ufc-2,3/15/2016,T,79,Combat Sport
1300437488,Samurai Warriors 4 Empires,samurai-warriors-4-empires,3/15/2016,,71,3D Beat-'Em-Up
1300455553,Candlelight (2016),candlelight-2016,3/15/2016,E,69,2D Platformer
1300316214,Senran Kagura: Estival Versus,senran-kagura-estival-versus,3/15/2016,M,67,Action
1300371480,Joe Dever's Lone Wolf HD Remastered,joe-devers-lone-wolf-hd-remastered,3/16/2016,T,79,Action
1300408001,Sebastien Loeb Rally Evo,sebastien-loeb-ralley-evo,3/22/2016,E,71,Racing
1300140108,Republique Remastered,republique-remastered,3/22/2016,M,72,Linear Action Adventure
1300398899,Day of the Tentacle Remastered,day-of-the-tentacle-remastered,3/22/2016,T,84,Point-and-Click
1300440570,Trackmania Turbo,trackmania-turbo,3/22/2016,E,81,Auto Racing
1300455074,101 Ways to Die,101-ways-to-die,3/22/2016,T,60,Action Puzzle
1300349683,Catlateral Damage,catlateral-damage,3/22/2016,E,57,3D Platformer
1300455016,Fallout 4: Automatron,fallout-4-automatron,3/22/2016,M,69,Western RPG
1300456043,The Elder Scrolls Online: Tamriel Unlimited - Thieves Guild,the-elder-scrolls-online-tamriel-unlimited-thieves,3/23/2016,,75,MMORPG
1300454566,R.B.I. Baseball 16,rbi-baseball-16,3/29/2016,E,52,Baseball
1300453488,MLB The Show 16,mlb-the-show-16,3/29/2016,E,85,Baseball Sim
1300430845,Nights of Azure,nights-of-azure,3/29/2016,T,67,Action RPG
1300450385,Chronicles of Teddy: Harmony of Exidus,chronicles-of-teddy-harmony-of-exidus,3/29/2016,E,79,Metroidvania
1300454071,Minecraft: Story Mode - Episode 5: Order Up!,minecraft-story-mode-episode-5-order-up,3/29/2016,E10+,72,Point-and-Click
1300454893,The Walking Dead: Michonne - Episode 2: Give No Shelter,the-walking-dead-michonne-episode-2-give-no,3/29/2016,M,82,Third-Person Adventure
1300184376,Organic Panic,organic-panic,3/29/2016,E10+,75,Action Puzzle
1300454254,Adam's Venture: Origins,adams-venture-origins,4/1/2016,E,53,Linear Action Adventure
1300456044,Star Wars Battlefront: Outer Rim,star-wars-battlefront-outer-rim,4/5/2016,T,70,Tactical FPS
1300452177,Dead Star,dead-star,4/5/2016,E,70,Top-Down Shoot-'Em-Up
1300456198,Bounce Rescue!,bounce-rescue,4/5/2016,E,56,2D Platformer
1300423136,DiRT Rally,dirt-rally,4/5/2016,E,85,Auto Racing Sim
1300455017,Fallout 4: Wasteland Workshop,fallout-4-wasteland-workshop,4/12/2016,M,50,Western RPG
1300440529,Dark Souls III,dark-souls-iii,4/12/2016,M,89,Action RPG
1300450972,Stories: The Path of Destinies,stories-the-path-of-destinies,4/12/2016,T,73,Action RPG
1300287028,Ratchet & Clank (PS4),ratchet-and-clank-ps4,4/12/2016,E10+,85,3D Platformer
1300223062,Risk of Rain,risk-of-rain,4/12/2016,E10+,81,2D Platformer
1300456197,LOUD on Planet X,loud-on-planet-x,4/19/2016,T,72,Rhythm
1300312305,"Invisible, Inc.",invisible-inc,4/19/2016,T,82,Turn-Based Tactics
1300450675,Blues and Bullets - Episode 1: The End of Peace,blues-and-bullets-episode-1-the-end-of-peace,4/19/2016,,86,Action Adventure
1300455458,Koi,koi,4/19/2016,E,51,Action Puzzle
1300456542,Call of Duty: Black Ops III - Eclipse,call-of-duty-black-ops-iii-eclipse,4/19/2016,,74,FPS
1300455015,UEFA EURO 2016,uefa-euro-2016,4/21/2016,,72,Soccer Sim
1300456730,Hitman - Episode 2: Sapienza,hitman-episode-2-sapienza,4/26/2016,,84,Action Adventure
1300260338,Rocketbirds 2: Evolution,rocketbirds-2-evolution,4/26/2016,T,67,2D Platformer
1300192352,Don Bradman Cricket 14,don-bradman-cricket-14,4/26/2016,E,76,Cricket
1300440527,The Walking Dead: Michonne - A Telltale Miniseries,the-walking-dead-michonne-a-telltale-miniseries,4/26/2016,M,64,Third-Person Adventure
1300430810,The Magic Circle,the-magic-circle,4/26/2016,M,76,First-Person Adventure
1300308004,Alienation,alienation,4/26/2016,M,79,Top-Down Shoot-'Em-Up
1300455730,King's Quest Chapter 3: Once Upon a Climb,kings-quest-chapter-3-once-upon-a-climb,4/26/2016,E10+,79,Adventure
1300454894,The Walking Dead: Michonne - Episode 3: What We Deserve,the-walking-dead-michonne-episode-3-what-we,4/26/2016,M,76,Third-Person Adventure
1300456704,ZEN Pinball 2: Aliens Vs. Pinball,zen-pinball-2-aliens-vs-pinball,4/26/2016,,84,Pinball
1300321923,The Sun and Moon,the-sun-and-moon,4/26/2016,E,64,2D Platformer
1300195955,Neverending Nightmares,neverending-nightmares,5/3/2016,M,74,Survival
1300453436,Shadow Complex Remastered,shadow-complex-remastered,5/3/2016,T,80,Metroidvania
1300326979,Push Me Pull You,push-me-pull-you,5/3/2016,E,75,Sports
1300295518,Battleborn,battleborn,5/3/2016,T,68,Tactical FPS
1300451322,The Park,the-park,5/3/2016,M,55,Survival
1300223143,Uncharted 4: A Thief's End,uncharted-4-a-thiefs-end,5/10/2016,T,93,Linear Action Adventure
1300456420,My Night Job,my-night-job,5/17/2016,T,60,2D Platformer
1300455322,VEV: Viva Ex Vivo,vev-viva-ex-vivo,5/17/2016,E,50,Action Adventure
1300193924,Shadow of the Beast,shadow-of-the-beast,5/17/2016,M,64,Action Adventure
1300398914,Soft Body,soft-body,5/17/2016,E,69,Action Puzzle
1300459900,Life Goes On: Done to Death,life-goes-on-done-to-death,5/17/2016,E10+,77,2D Platformer
1300454523,Valkyria Chronicles Remastered,valkyria-chronicles-remastered,5/17/2016,T,84,Turn-Based Tactics
1300118615,Homefront: The Revolution,homefront-the-revolution,5/17/2016,M,48,FPS
1300453583,Perfect Universe: Gravity Games,perfect-universe-gravity-games,5/17/2016,E10+,56,Party
1300453584,Shadwen,shadwen,5/17/2016,M,51,Action Adventure
1300455018,Fallout 4: Far Harbor,fallout-4-far-harbor,5/19/2016,M,75,Western RPG
1300307944,Dungeons 2,dungeons-2,5/24/2016,T,61,Strategy
1300449411,RETSNOM,retsnom,5/24/2016,T,60,2D Platformer
1300454594,Teenage Mutant Ninja Turtles: Mutants in Manhattan,teenage-mutant-ninja-turtles-mutants-in-manhattan,5/24/2016,T,44,3D Beat-'Em-Up
1300451909,Crazy Strike Bowling EX,crazy-strike-bowling-ex,5/25/2016,E10+,48,Bowling
1300415352,The Witcher 3: Wild Hunt - Blood and Wine,the-witcher-3-wild-hunt-blood-and-wine,5/30/2016,M,91,Action RPG
1300455459,Dead Island: Definitive Collection,dead-island-definitive-collection,5/31/2016,M,63,Compilation
1300457390,Hitman - Episode 3: Marrakesh,hitman-episode-3-marrakesh,5/31/2016,,75,Action Adventure
1300451763,One Piece: Burning Blood,one-piece-burning-blood,5/31/2016,T,66,3D Fighting
1300286998,There Came an Echo,there-came-an-echo,5/31/2016,T,59,Real-Time Strategy
1300104028,SMITE,smite,5/31/2016,T,79,MOBA
1300457354,Score Rush Extended,score-rush-extended,5/31/2016,E,80,Top-Down Shoot-'Em-Up
1300246436,Kick & Fennick,kick-and-fennick,6/2/2016,E10+,73,2D Platformer
1300454881,Hard Reset Redux,hard-reset-redux,6/3/2016,M,69,FPS
1300454597,Dangerous Golf,dangerous-golf,6/3/2016,E,56,Golf
1300267074,Fenix Furia,fenix-furia,6/7/2016,E,71,2D Platformer
1300184737,Mirror's Edge Catalyst,mirrors-edge-catalyst,6/7/2016,T,69,Action Adventure
1300313220,Soul Axiom,soul-axiom,6/7/2016,T,47,First-Person Adventure
1300450366,Odin Sphere Leifthrasir,odin-sphere-leifdrasir,6/7/2016,T,87,Action RPG
1300166601,Anima: Gate of Memories,anima-gate-of-memories,6/7/2016,T,52,Action RPG
1300434893,Guilty Gear Xrd -REVELATOR-,guilty-gear-xrd-revelator-,6/7/2016,T,86,2D Fighting
1300442773,Atelier Sophie: The Alchemist of the Mysterious Book,atelier-sophie-the-alchemist-of-the-mysterious,6/7/2016,T,75,JRPG
1300457671,Minecraft: Story Mode - Episode 6: A Portal to Mystery,minecraft-story-mode-episode-6-a-portal-to-mystery,6/7/2016,E10+,69,Point-and-Click
1300453783,Just Cause 3: Mech Land Assault,just-cause-3-mech-land-assault,6/10/2016,,64,Open-World Action
1300457833,Trials of the Blood Dragon,trials-of-the-blood-dragon,6/13/2016,T,55,2D Platformer
1300456850,Tour de France 2016,tour-de-france-2016,6/16/2016,E,61,Biking
1300451033,Bard's Gold,bards-gold,6/17/2016,E,64,2D Platformer
1300451136,Pac-Man 256,pac-man-256,6/21/2016,E,79,Arcade
1300195336,Mighty No. 9,mighty-no-9,6/21/2016,E10+,52,2D Platformer
1300441467,Grand Kingdom,grand-kingdom,6/21/2016,T,78,Turn-Based Tactics
1300453865,MXGP2: The Official Motocross Videogame,mxgp2-the-official-motocross-videogame,6/21/2016,E,65,Auto Racing Sim
1300451767,Umbrella Corps,umbrella-corps,6/21/2016,M,38,Tactical Third Person Shooter
1300458030,Asemblance,asemblance,6/21/2016,T,61,First-Person Adventure
1300455878,Deadlight: Director's Cut,deadlight-directors-cut,6/21/2016,M,70,2D Platformer
1300286997,N.E.R.O.: Nothing Ever Remains Obscure,nero,6/24/2016,E,59,First-Person Adventure
1300454720,LEGO Star Wars: The Force Awakens,lego-star-wars-the-force-awakens,6/28/2016,E10+,78,Action Adventure
1300418096,The Technomancer,the-technomancer,6/28/2016,M,60,Western RPG
1300419523,Star Ocean: Integrity and Faithlessness,star-ocean-integrity-and-faithlessness,6/28/2016,T,58,Action RPG
1300225042,7 Days to Die,7-days-to-die,6/28/2016,M,47,Sandbox
1300378214,JoJo's Bizarre Adventure: Eyes of Heaven,jojos-bizarre-adventure-eyes-of-heaven,6/28/2016,T,61,3D Fighting
1300458274,Tom Clancy's The Division - Underground,tom-clancys-the-division-underground,6/28/2016,,64,Tactical Third Person Shooter
1300122870,Prison Architect,prison-architect,6/28/2016,M,80,Tycoon
1300339345,Heart&Slash,heartslash,6/28/2016,E10+,76,Action Adventure
1300172432,Full Mojo Rampage,full-mojo-rampage,6/28/2016,T,66,Action RPG
1300443797,God Eater Resurrection,god-eater-resurrection,6/29/2016,T,70,Action RPG
1300346965,Lost Sea,lost-sea,7/4/2016,,59,Survival
1300145009,Energy Hook,energy-hook,7/5/2016,E,22,Future Racing
1300432703,Romance of the Three Kingdoms XIII,romance-of-the-three-kingdoms-xiii,7/5/2016,E10+,67,4X Strategy
1300455095,Carmageddon: Max Damage,carmageddon-max-damage,7/8/2016,M,51,Vehicle Combat Sim
1300101011,HAWKEN,hawken,7/8/2016,T,58,Tactical FPS
1300151781,Kerbal Space Program,kerbal-space-program,7/12/2016,E,77,Space Sim
1300136719,MilitAnt,militant,7/12/2016,E10+,44,2D Platformer
1300246583,VIDEOBALL,videoball,7/12/2016,E,77,Sports
1300456409,Ghostbusters,ghostbusters,7/12/2016,E10+,30,Top-Down Shoot-'Em-Up
1300458248,Call of Duty: Black Ops III - Descent,call-of-duty-black-ops-iii-descent,7/12/2016,M,68,FPS
1300374939,Kill Strain,kill-strain,7/12/2016,T,53,Third Person Shooter
1300454626,Song of the Deep,song-of-the-deep,7/12/2016,E,69,Action Adventure
1300451156,Daydreamer (2015),daydreamer-2015,7/12/2016,T,68,2D Platformer
1300261687,Assault Suit Leynos,assault-suit-leynos,7/14/2016,E10+,67,Vertical Shoot-'Em-Up
1300264522,ADR1FT,adr1ft,7/15/2016,T,56,Survival
1300398934,Sword Coast Legends,sword-coast-legends,7/19/2016,T,51,Western RPG
1300083444,Neverwinter,neverwinter,7/19/2016,T,74,MMORPG
1300452508,Orc Slayer,orc-slayer,7/19/2016,T,15,FPS
1300458135,10 Second Ninja X,10-second-ninja-x,7/19/2016,T,76,2D Platformer
1300458766,Hitman: Summer Bonus Episode,hitman-summer-bonus-episode,7/19/2016,,79,Action Adventure
1300440551,Obliteracers,obliteracers,7/20/2016,E,70,Future Racing
1300436748,Chambara,chambara,7/26/2016,E10+,71,FPS
1300457788,Fallout 4: Vault-Tec Workshop,fallout-4-vault-tec-workshop,7/26/2016,,60,Western RPG
1300451339,Headlander,headlander,7/26/2016,T,77,2D Platformer
1300459369,Marvel: Ultimate Alliance Bundle,marvel-ultimate-alliance-bundle,7/26/2016,T,61,Compilation
1300458667,Minecraft: Story Mode - Episode 7: Access Denied,minecraft-story-mode-episode-7-access-denied,7/26/2016,E10+,68,Point-and-Click
1300396377,Mutant Mudds: Super Challenge,mutant-mudds-super-challenge,7/26/2016,E,78,2D Platformer
1300455526,Dead Island: Retro Revenge,dead-island-retro-revenge,8/1/2016,M,65,2D Beat-'Em-Up
1300158391,Nightmares from the Deep: The Cursed Heart,nightmares-from-the-deep-the-cursed-heart,8/2/2016,T,58,Hidden Object
1300458942,Risk: Urban Assault,risk-urban-assault,8/2/2016,E10+,61,Board
1300458937,Layers of Fear: Inheritance,layers-of-fear-inheritance,8/2/2016,M,61,Survival
1300458804,Batman: The Telltale Series - Episode 1: Realm of Shadows,batman-the-telltale-series-episode-1-realm-of,8/2/2016,M,70,Point-and-Click
1300459498,DOOM: Unto The Evil,doom-unto-the-evil,8/4/2016,M,75,FPS
1300453489,Brut@l,brutl,8/9/2016,T,67,Action Adventure
1300453552,Emily Wants To Play,emily-wants-to-play,8/9/2016,T,75,First-Person Adventure
1300456378,The Huntsman: Winter's Curse,the-huntsman-winters-curse,8/16/2016,T,45,RPG
1300459344,Hitman - Episode 4: Bangkok,hitman-episode-4-bangkok,8/16/2016,,71,Action Adventure
1300454253,Inversus,inversus,8/16/2016,E,79,Top-Down Shoot-'Em-Up
1300453234,Valentino Rossi The Game,valentino-rossi-the-game,8/16/2016,E,75,Auto Racing Sim
1300453390,Bound (2016),bound-2016,8/16/2016,E10+,71,3D Platformer
1300457832,Grow Up,grow-up,8/16/2016,E,70,Open-World Action
1300457423,F1 2016,f1-2016,8/19/2016,E,82,Auto Racing Sim
1300315847,Alone With You (2017),alone-with-you-2017,8/23/2016,E10+,72,Adventure
1300451758,The King of Fighters XIV,the-king-of-fighters-xiv,8/23/2016,T,79,2D Fighting
1300453344,Metrico+,metrico-plus,8/23/2016,E,81,Action Puzzle
1300229828,Armikrog,armikrog,8/23/2016,E10+,50,Point-and-Click
1300454630,Madden NFL 17,madden-nfl-17,8/23/2016,E,82,Football Sim
1300415354,Deus Ex: Mankind Divided,deus-ex-mankind-divided,8/23/2016,M,84,Action Adventure
1300456506,Valley (2016),valley-2016,8/23/2016,T,72,Open-World Action
1300302182,One Way Trip (2016),one-way-trip-2016,8/30/2016,M,41,Visual Novel
1300316720,God Eater 2: Rage Burst,god-eater-2-rage-burst,8/30/2016,T,69,Action RPG
1300396794,Nebulous,nebulous,8/30/2016,T,62,Action Puzzle
1300457789,Fallout 4: Nuka-World,fallout-4-nuka-world,8/30/2016,,64,Western RPG
1300197547,WWI: Verdun - Western Front,wwi-verdun-western-front,8/30/2016,M,56,Tactical FPS
1300450839,Attack on Titan,attack-on-titan,8/30/2016,M,74,Action Adventure
1300451425,Hatsune Miku: Project Diva X,hatsune-miku-project-diva-x,8/30/2016,T,78,Rhythm
1300129599,Assetto Corsa,assetto-corsa,8/30/2016,E,73,Auto Racing Sim
1300454596,Livelock,livelock,8/30/2016,T,69,Top-Down Shoot-'Em-Up
1300258817,Bears Can't Drift!?,bears-cant-drift,8/30/2016,E10+,53,Arcade Racing
1300468367,Strike Vector EX,strike-vector-ex,8/30/2016,M,75,FPS
1300432563,Touhou Genso Rondo: Bullet Ballet,touhou-genso-rondo-bullet-ballet,9/6/2016,E10+,55,Top-Down Shoot-'Em-Up
1300307997,The Tomorrow Children,the-tomorrow-children,9/6/2016,T,54,Sandbox
1300459540,Dogos,dogos,9/6/2016,E10+,53,Top-Down Shoot-'Em-Up
1300460369,Call of Duty: Black Ops III - Salvation,call-of-duty-black-ops-iii-salvation,9/6/2016,,74,FPS
1300459068,Just Sing,just-sing,9/6/2016,E10+,60,Rhythm
1300457366,Pro Evolution Soccer 2017,pro-evolution-soccer-2017,9/13/2016,E,85,Soccer Sim
1300024624,Dead Rising,dead-rising,9/13/2016,M,78,Open-World Action
1300458811,Minecraft: Story Mode - Episode 8: A Journey's End?,minecraft-story-mode-episode-8-a-journeys-end,9/13/2016,E10+,69,Point-and-Click
1300457272,NASCAR Heat Evolution,nascar-heat-evolution,9/13/2016,E,66,Auto Racing Sim
1300456731,NHL 17,nhl-17,9/13/2016,E10+,78,Hockey Sim
1300283678,Psycho-Pass: Mandatory Happiness,psycho-pass-mandatory-happiness,9/13/2016,T,72,Visual Novel
1300458756,Pac-Man Championship Edition 2,pac-man-championship-edition-2,9/13/2016,E,77,Arcade
1300454953,Blue Rider,blue-rider,9/14/2016,E10+,62,Top-Down Shoot-'Em-Up
1300459998,Filthy Lucre,filthy-lucre,9/16/2016,M,61,Top-Down Shoot-'Em-Up
1300456372,NBA 2K17,nba-2k17,9/16/2016,E,88,Basketball Sim
1300196358,Jazzpunk,jazzpunk,9/20/2016,T,79,First-Person Adventure
1300450653,Touhou: Scarlet Curiosity,touhou-scarlet-curiosity,9/20/2016,T,58,Action RPG
1300451445,Tokyo Twilight Ghost Hunters: Daybreak Special Gigs,tokyo-twilight-ghost-hunters-daybreak-special-gigs,9/20/2016,T,64,Turn-Based Strategy
1300460495,Batman: The Telltale Series - Episode 2: Children of Arkham,batman-the-telltale-series-episode-2-children-of,9/20/2016,M,66,Point-and-Click
1300458042,Destiny: Rise of Iron,destiny-rise-of-iron,9/20/2016,T,72,FPS
1300440555,Zenith (2016),zenith-2016,9/20/2016,M,46,Action RPG
1300460761,Star Wars Battlefront: Death Star,star-wars-battlefront-death-star,9/20/2016,,70,Tactical FPS
1300465342,Dear Esther: Landmark Edition,dear-esther-landmark-edition,9/20/2016,T,68,First-Person Adventure
1300456707,Driveclub VR,driveclub-vr,9/21/2016,E,66,Auto Racing Sim
1300459955,Virginia,virginia,9/22/2016,M,77,First-Person Adventure
1300460822,Deus Ex: Mankind Divided - System Rift,deus-ex-mankind-divided-system-rift,9/27/2016,M,75,Action Adventure
1300457639,FIFA 17,fifa-17,9/27/2016,E,85,Soccer Sim
1300435667,XCOM 2,xcom-2,9/27/2016,T,87,Turn-Based Tactics
1300460820,Hitman - Episode 5: Colorado,hitman-episode-5-colorado,9/27/2016,,70,Action Adventure
1300042566,Dead Rising 2,dead-rising-2,9/27/2016,M,82,Open-World Action
1300043144,Mount & Blade: Warband,mount-and-blade-warband,9/27/2016,T,67,Western RPG
1300460852,King's Quest Chapter 4: Snow Place Like Home,kings-quest-chapter-4-snow-place-like-home,9/27/2016,E10+,67,Adventure
1300456615,Rogue Stormers,rogue-stormers,10/4/2016,T,69,2D Platformer
1300396325,Warhammer: End Times - Vermintide,warhammer-end-times-vermintide,10/4/2016,M,73,Tactical FPS
1300433182,A Bastard's Tale,a-bastards-tale,10/4/2016,T,48,2D Beat-'Em-Up
1300454791,Viking Squad,viking-squad-2016,10/4/2016,E10+,69,2D Beat-'Em-Up
1300456597,Aragami,aragami,10/4/2016,M,71,Action Adventure
1300454727,Necropolis,necropolis,10/4/2016,T,57,Action Adventure
1300456882,Call of Duty: Modern Warfare Remastered,call-of-duty-modern-warfare-remastered,10/5/2016,M,83,Tactical FPS
1300450666,Mafia III,mafia-iii,10/7/2016,M,68,Open-World Action
1300452655,Until Dawn: Rush of Blood,until-dawn-rush-of-blood,10/10/2016,M,72,Rail Shooter
1300440582,Wayward Sky,wayward-sky,10/10/2016,T,72,Third-Person Adventure
1300441666,SuperHyperCube,superhypercube,10/10/2016,E,74,Puzzle
1300457914,The Playroom VR,the-playroom-vr,10/10/2016,E,77,Party
1300458138,Harmonix Music VR,harmonix-music-vr,10/10/2016,E,44,Dancing
1300458006,Super Stardust Ultra VR,super-stardust-ultra-vr,10/10/2016,E10+,66,Top-Down Shoot-'Em-Up
1300457918,PlayStation VR WORLDS,playstation-vr-worlds,10/10/2016,M,59,Party
1300458005,Hustle Kings VR,hustle-kings-vr,10/10/2016,E,52,Compilation
1300455782,Tumble VR,tumble-vr,10/10/2016,E,69,Stacking Puzzle
1300457871,Batman: Arkham VR,batman-arkham-vr,10/11/2016,M,74,First-Person Adventure
1300458765,Rise of the Tomb Raider: 20 Year Celebration,rise-of-the-tomb-raider-20-year-celebration,10/11/2016,M,88,Linear Action Adventure
1300457475,WWE 2K17,wwe-2k17,10/11/2016,T,69,Wrestling
1300183019,Reus,reus,10/11/2016,,75,Strategy
1300456190,EVE: Gunjack,eve-gunjack,10/13/2016,T,60,Light Gun
1300440581,RIGS: Mechanized Combat League,rigs-mechanized-combat-league,10/13/2016,T,78,Vehicle Combat Sim
1300457875,Here They Lie,here-they-lie,10/13/2016,M,62,First-Person Adventure
1300457956,Atari Flashback Classics: Volume 2,atari-flashback-classics-volume-2,10/13/2016,E,68,Compilation
1300460118,Ace Banana,ace-banana,10/13/2016,E10+,40,Action
1300440595,Battlezone,battlezone,10/13/2016,T,66,Vehicle Combat Sim
1300471354,Rez Infinite,rez-infinite,2/22/2023,E10+,87,Rail Shooter
1300453494,Job Simulator,job-simulator,10/13/2016,E10+,71,Virtual Career
1300461183,Headmaster,headmaster,10/13/2016,E10+,72,Soccer
1300457876,Hatsune Miku VR: Future Live,hatsune-miku-vr-future-live,10/13/2016,T,61,Rhythm
1300457955,Atari Flashback Classics Vol. 1,atari-flashback-classics-vol-1,10/13/2016,E,70,Compilation
1300193929,EVE: Valkyrie,eve-valkyrie,10/13/2016,T,71,Space Combat Sim
1300287277,The Assembly,the-assembly,10/13/2016,T,53,Miscellaneous
1300455342,The Brookhaven Experiment,the-brookhaven-experiment,10/13/2016,M,68,FPS
1300457954,Loading Human: Chapter 1,loading-human-chapter-1,10/13/2016,T,53,First-Person Adventure
1300458295,Waddle Home,waddle-home,10/13/2016,E,57,Action Puzzle
1300260333,Mordheim: City of the Damned,mordheim-city-of-the-damned,10/18/2016,M,72,Turn-Based Tactics
1300450668,Exist Archive: The Other Side of the Sky,exist-archive-the-other-side-of-the-sky,10/18/2016,T,69,JRPG
1300460849,SportsBarVR,sportsbarvr,10/18/2016,E,55,Billiards
1300456996,Battlefield 1,battlefield-1,10/18/2016,M,89,Tactical FPS
1300457215,Batman: Return to Arkham,batman-return-to-arkham,10/18/2016,T,73,Compilation
1300460122,Pixel Gear,pixel-gear,10/20/2016,E10+,51,FPS
1300461279,Batman: The Telltale Series - Episode 3: New World Order,batman-the-telltale-series-episode-3-new-world,10/25/2016,M,74,Point-and-Click
1300457953,Mark McMorris Infinite Air,mark-mcmorris-infinite-air,10/25/2016,T,50,Skiing
1300461746,King's Quest Chapter 5: The Good Knight,kings-quest-chapter-5-the-good-knight,10/25/2016,E10+,78,Adventure
1300453791,Nobunaga's Ambition: Sphere of Influence - Ascension,nobunagas-ambition-sphere-of-influence-ascension,10/25/2016,T,74,Turn-Based Strategy
1300440575,World of Final Fantasy,world-of-final-fantasy,10/25/2016,E10+,77,JRPG
1300457672,Tethered,tethered,10/25/2016,E10+,76,Strategy
1300459859,Dark Souls III: Ashes of Ariandel,dark-souls-iii-ashes-of-ariandel,10/25/2016,M,71,Action RPG
1300454885,Sherlock Holmes: The Devil's Daughter,sherlock-holmes-the-devils-daughter,10/25/2016,T,71,Third-Person Adventure
1300456911,Ginger: Beyond the Crystal,ginger-beyond-the-crystal,10/25/2016,E,61,3D Platformer
1300451470,Exile's End,exiles-end,10/25/2016,T,63,2D Platformer
1300454097,Windlands,windlands,10/25/2016,E,63,Action Adventure
1300460123,Weeping Doll,weeping-doll,10/27/2016,T,32,Adventure
1300408072,Titanfall 2,titanfall-2,10/28/2016,M,89,FPS
1300460136,Carnival Games VR,carnival-games-vr,10/28/2016,E10+,58,Party
1300461282,Hitman - Episode 6: Hokkaido,hitman-episode-6-hokkaido,10/31/2016,,81,Action Adventure
1300402992,Super Dungeon Bros,super-dungeon-bros,11/1/2016,E10+,43,Roguelike
1300391720,RONIN,ronin-2015,11/1/2016,T,71,Turn-Based Strategy
1300456881,Call of Duty: Infinite Warfare,call-of-duty-infinite-warfare,11/4/2016,M,77,Tactical FPS
1300458806,Cartoon Network: Battle Crashers,cartoon-network-battle-crashers,11/8/2016,E10+,21,2D Beat-'Em-Up
1300452220,Sword Art Online: Hollow Realization,sword-art-online-hollow-realization,11/8/2016,T,69,Action RPG
1300440512,Robinson: The Journey,robinson-the-journey,11/8/2016,E,64,Action Adventure
1300453491,Eagle Flight,eagle-flight,11/8/2016,E10+,73,Aircraft Combat Sim
1300451349,Small Radios Big Televisions,small-radios-big-televisions,11/8/2016,E,62,Adventure
1300452995,Root Letter,root-letter,11/8/2016,,68,Visual Novel
1300440508,Dishonored 2,dishonored-2,11/10/2016,M,88,Action Adventure
1300457640,Watch Dogs 2,watch-dogs-2,11/15/2016,M,82,Open-World Action
1300458092,Space Rift (2016),space-rift-2016,11/15/2016,E10+,48,Action Adventure
1300274661,Killing Floor 2,killing-floor-2,11/16/2016,M,75,FPS
1300462506,Batman: The Telltale Series - Episode 4: Guardian of Gotham,batman-the-telltale-series-episode-4-guardian-of,11/22/2016,M,73,Point-and-Click
1300460951,Alchemic Jousts,alchemic-jousts,11/22/2016,E,65,Defense
1300027002,Final Fantasy XV,final-fantasy-xv,11/29/2016,T,81,Action RPG
1300455699,Pinball FX2 VR,pinball-fx2-vr,11/29/2016,E10+,79,Pinball
1300417669,Crystal Rift,crystal-rift,11/29/2016,T,37,Action Adventure
1300457884,A King's Tale: Final Fantasy XV,a-kings-tale-final-fantasy-xv,11/29/2016,E10+,65,2D Beat-'Em-Up
1300459695,The Crew: Calling All Units,the-crew-calling-all-units,11/29/2016,,49,Racing
1300457699,How We Soar,how-we-soar,11/29/2016,E,67,Action
1300457847,Steep,steep,11/29/2016,T,71,Skiing
1300450461,The Dwarves,the-dwarves,12/1/2016,M,60,RPG
1300112656,Ultimate Marvel vs. Capcom 3,ultimate-marvel-vs-capcom-3,12/3/2016,T,77,2D Fighting
1300287018,Let It Die,let-it-die,12/3/2016,M,72,Action RPG
1300462913,Surgeon Simulator: Experience Reality,surgeon-simulator-experience-reality,12/3/2016,T,43,Virtual Career
1300440578,Mother Russia Bleeds,mother-russia-bleeds,12/3/2016,M,73,2D Beat-'Em-Up
1300440592,Lara Croft GO,lara-croft-go,12/3/2016,E10+,84,Turn-Based Strategy
1300039484,The Last Guardian,the-last-guardian,12/6/2016,T,82,Linear Action Adventure
1300462455,Zen Pinball 2: Bethesda Pinball,zen-pinball-2-bethesda-pinball,12/6/2016,,79,Pinball
1300455756,Werewolves Within,werewolves-within,12/6/2016,E,76,Party
1300432736,Feist,feist,12/13/2016,E10+,54,2D Platformer
1300461549,The Little Acre,the-little-acre,12/13/2016,E10+,67,Point-and-Click
1300122988,Bridge Constructor,bridge-constructor,12/13/2016,E,66,Virtual Career
1300451599,Drive!Drive!Drive!,drivedrivedrive,12/13/2016,E,59,Auto Racing
1300463156,Batman: The Telltale Series - Episode 5: City of Light,batman-the-telltale-series-episode-5-city-of-light,12/13/2016,M,67,Point-and-Click
1300461847,I Expect You To Die,i-expect-you-to-die,12/13/2016,E10+,82,First-Person Adventure
1300463321,The Walking Dead: The Telltale Series - A New Frontier Episode 1: Ties That Bind Part One,the-walking-dead-the-telltale-series-a-new-2,12/20/2016,M,80,Point-and-Click
1300463388,The Walking Dead: The Telltale Series - A New Frontier Episode 2: Ties That Bind Part Two,the-walking-dead-the-telltale-series-a-new-3,12/20/2016,M,80,Point-and-Click
1300461521,Lethal VR,lethal-vr,12/20/2016,T,56,Light Gun
1300305875,Subject 13,subject-13,12/20/2016,E,58,Point-and-Click
1300463536,Spheroids,spheroids,1/10/2017,E,45,2D Platformer
1300457030,Hatsune Miku: Project Diva Future Tone - Future Sound,hatsune-miku-project-diva-future-tone-future-sound-2016,1/10/2017,T,84,Rhythm
1300451761,Hatsune Miku: Project Diva Future Tone - Colorful Tone,hatsune-miku-project-diva-future-tone-colorful,1/10/2017,T,84,Rhythm
1300462033,Siegecraft Commander,siegecraft-commander,1/17/2017,T,63,Defense
1300461131,Mighty Morphin Power Rangers: Mega Battle,mighty-morphin-power-rangers-mega-battle,1/17/2017,E10+,49,2D Beat-'Em-Up
1300297288,2064: Read Only Memories,2064-read-only-memories,1/17/2017,M,76,Point-and-Click
1300240788,Gravity Rush 2,gravity-rush-2,1/20/2017,T,80,Open-World Action
1300457760,Moto Racer 4,moto-racer-4,1/24/2017,E,49,Arcade Racing
1300457868,Resident Evil 7: biohazard,resident-evil-7-biohazard,1/24/2017,M,86,Survival
1300297293,Yakuza 0,yakuza-0,1/24/2017,M,85,Open-World Action
1300451756,Kingdom Hearts HD 2.8 Final Chapter Prologue,kingdom-hearts-hd-28-final-chapter-prologue,1/24/2017,E10+,76,Action RPG
1300439124,Tales of Berseria,tales-of-berseria,1/24/2017,T,79,Action RPG
1300162898,EARTHLOCK: Festival of Magic,earthlock-festival-of-magic,1/27/2017,E10+,56,JRPG
1300463531,Double Dragon IV,double-dragon-iv,1/30/2017,E10+,49,2D Beat-'Em-Up
1300464661,Pinball FX 2: Star Wars Pinball - Rogue One,pinball-fx-2-star-wars-pinball-rogue-one,1/31/2017,,74,Pinball
1300456266,Dynasty Warriors: Godseekers,dynasty-warriors-godseekers,1/31/2017,T,70,Turn-Based Tactics
1300460829,DEXED,dexed,1/31/2017,E10+,65,Rail Shooter
1300464659,Call of Duty: Infinite Warfare - Sabotage,call-of-duty-infinite-warfare-sabotage,1/31/2017,,76,Tactical FPS
1300463837,Knee Deep,knee-deep-2017,1/31/2017,T,54,Point-and-Click
1300463724,Linelight,linelight,1/31/2017,E,77,Action Puzzle
1300464660,Resident Evil 7: biohazard - Banned Footage Vol. 1,resident-evil-7-biohazard-banned-footage-vol-1,1/31/2017,M,75,Survival
1300455641,Divide,divide,1/31/2017,T,50,Linear Action Adventure
1300460542,Naruto Shippuden: Ultimate Ninja Storm 4 - Road to Boruto Expansion,naruto-shippuden-ultimate-ninja-storm-4-road-to,2/3/2017,T,70,3D Fighting
1300451946,How to Survive 2,how-to-survive-2,2/6/2017,M,67,Survival
1300458174,VR Ping Pong,vr-ping-pong,2/7/2017,E,53,Individual Sports
1300414533,Uncanny Valley,uncanny-valley,2/7/2017,M,52,Survival
1300458554,8DAYS,8days,2/7/2017,M,61,Top-Down Shoot-'Em-Up
1300317330,Kitty Powers' Matchmaker,kitty-powers-matchmaker,2/7/2017,T,72,Tycoon
1300024611,Nioh,nioh,2/7/2017,M,88,Action RPG
1300256854,iO,io,2/14/2017,E,68,Action Puzzle
1300440564,For Honor,for-honor,2/14/2017,M,78,Action Adventure
1300451252,Flywrench,flywrench,2/14/2017,E,78,Action
1300450365,Chime Sharp,chime-sharp,2/21/2017,E,76,Puzzle
1300463144,Malicious Fallen,malicious-fallen,2/21/2017,T,62,Action
1300457878,Berserk and the Band of the Hawk,berserk-and-the-band-of-the-hawk,2/21/2017,,66,3D Beat-'Em-Up
1300453501,Psychonauts in The Rhombus of Ruin,psychonauts-in-the-rhombus-of-ruin,2/21/2017,E10+,71,Action
1300465701,Deus Ex: Mankind Divided - A Criminal Past,deus-ex-mankind-divided-a-criminal-past,2/23/2017,M,81,Action Adventure
1300408010,A Pixel Story,a-pixel-story,2/24/2017,E10+,67,2D Platformer
1300465554,The Incredible Adventures of Van Helsing: Extended Edition,the-incredible-adventures-of-van-helsing-extended,2/28/2017,T,66,Action RPG
1300174960,Torment: Tides of Numenera,torment-tides-of-numenera,2/28/2017,M,76,Western RPG
1300458476,The Walking Dead: The Telltale Series - A New Frontier,the-walking-dead-the-telltale-series-a-new,2/28/2017,M,73,Point-and-Click
1300440572,Horizon Zero Dawn,horizon-zero-dawn,2/28/2017,T,89,Open-World Action
1300464525,Ghost Blade HD,ghost-blade-hd,2/28/2017,E10+,62,Vertical Shoot-'Em-Up
1300440591,NieR: Automata,nier-automata,3/7/2017,M,88,Action RPG
1300457353,Loot Rascals,loot-rascals,3/7/2017,E10+,71,Action Adventure
1300464894,Unearthing Mars,unearthing-mars,3/7/2017,T,51,Action Adventure
1300456173,Darknet,darknet,3/7/2017,E10+,78,Puzzle
1300452400,Dino Dini's Kick Off Revival,dino-dinis-kick-off-revival,3/7/2017,E,31,Soccer
1300457399,Atelier Firis: The Alchemist and the Mysterious Journey,atelier-firis-the-alchemist-and-the-mysterious,3/7/2017,T,74,JRPG
1300440571,Tom Clancy's Ghost Recon: Wildlands,tom-clancys-ghost-recon-wildlands,3/7/2017,M,70,Open-World Action
1300452984,2Dark,2dark,3/10/2017,M,54,Action Adventure
1300452391,Styx: Shards of Darkness,styx-shards-of-darkness,3/14/2017,M,72,Action Adventure
1300187323,Danganronpa 1-2 Reload,danganronpa-1-2-reload,3/14/2017,M,83,Compilation
1300223142,Trove,trove,3/14/2017,E10+,65,Sandbox
1300172794,Chaos Code: New Sign of Catastrophe,chaos-code-new-sign-of-catastrophe,3/15/2017,T,66,2D Fighting
1300459072,Troll and I,troll-and-i,3/21/2017,T,39,Action Adventure
1300450652,Touhou Double Focus,touhou-double-focus,3/21/2017,T,60,2D Platformer
1300451762,Toukiden 2,toukiden-2,3/21/2017,T,77,Action RPG
1300160539,Mass Effect: Andromeda,mass-effect-andromeda,3/21/2017,M,71,Action RPG
1300459424,88 Heroes,88-heroes,3/24/2017,E10+,72,2D Platformer
1300461846,Zero Escape: The Nonary Games,zero-escape-the-nonary-games,3/24/2017,M,87,Compilation
1300466525,"Mafia III: Faster, Baby!",mafia-iii-faster-baby,3/27/2017,M,67,Open-World Action
1300463134,Bush Hockey League,bush-hockey-league,3/28/2017,M,56,Hockey
1300466249,The Walking Dead: The Telltale Series - A New Frontier Episode 3: Above the Law,the-walking-dead-the-telltale-series-a-new-2017,3/28/2017,M,69,Point-and-Click
1300464270,Dark Souls III: The Ringed City,dark-souls-iii-the-ringed-city,3/28/2017,M,82,Action RPG
1300461851,MLB The Show 17,mlb-the-show-17,3/28/2017,E,85,Baseball Sim
1300389038,Anoxemia,anoxemia,3/28/2017,M,60,2D Platformer
1300458855,Vikings: Wolves of Midgard,vikings-wolves-of-midgard,3/28/2017,M,67,Action RPG
1300459690,Korix,korix,3/28/2017,E10+,69,Real-Time Strategy
1300456803,FATED: The Silent Oath,fated-the-silent-oath,3/28/2017,T,64,First-Person Adventure
1300461787,Kingdom Hearts HD I.5 + II.5 Remix,kingdom-hearts-hd-i5-plus-ii5-remix,3/28/2017,E10+,84,Compilation
1300466449,Final Fantasy XV: Episode Gladiolus,final-fantasy-xv-episode-gladiolus,3/29/2017,T,59,Action RPG
1300001610,PaRappa the Rapper,parappa-the-rapper,4/4/2017,E,61,Rhythm
1300466428,Watch Dogs 2: No Compromise,watch-dogs-2-no-compromise,4/4/2017,M,67,Open-World Action
1300116875,Persona 5,persona-5,4/4/2017,M,93,JRPG
1300374941,Drawn to Death,drawn-to-death,4/4/2017,M,56,Third Person Shooter
1300459691,Blackwood Crossing,blackwood-crossing,4/4/2017,E,71,Adventure
1300462868,Bulletstorm: Full Clip Edition,bulletstorm-full-clip-edition,4/7/2017,M,75,FPS
1300462908,Starblood Arena,starblood-arena,4/11/2017,T,68,Space Combat Sim
1300462631,Rolling Bob,rolling-bob,4/13/2017,,58,2D Platformer
1300011866,The Silver Case,the-silver-case,4/18/2017,M,64,Visual Novel
1300441678,Shiness: The Lightning Kingdom,shiness-the-lightning-kingdom,4/18/2017,T,67,Action RPG
1300466966,Call of Duty: Infinite Warfare - Continuum,call-of-duty-infinite-warfare-continuum,4/18/2017,,75,Tactical FPS
1300463265,VR Invaders: Complete Edition,vr-invaders-complete-edition,4/18/2017,E10+,68,Light Gun
1300465999,The Disney Afternoon Collection,the-disney-afternoon-collection,4/18/2017,E10+,76,Compilation
1300453490,Full Throttle Remastered,full-throttle-remastered,4/18/2017,T,76,Point-and-Click
1300466480,Marvel's Guardians of the Galaxy - Episode 1: Tangled Up in Blue,marvels-guardians-of-the-galaxy-episode-1-tangled,4/18/2017,T,72,Third-Person Adventure
1300457571,De-formers,de-formers,4/21/2017,E10+,60,Arcade
1300457722,Statik,statik,4/24/2017,T,84,First-Person Adventure
1300414979,Dragon Quest Heroes II,dragon-quest-heroes-ii,4/25/2017,T,76,3D Beat-'Em-Up
1300043501,Syberia 3,syberia-3,4/25/2017,T,48,Third-Person Adventure
1300378212,Sniper: Ghost Warrior 3,sniper-ghost-warrior-3,4/25/2017,M,55,Tactical FPS
1300461212,Symphony of the Machine,symphony-of-the-machine,4/25/2017,E,64,Puzzle
1300467288,The Walking Dead: The Telltale Series - A New Frontier Episode 4: Thicker than Water,the-walking-dead-the-telltale-series-a-new-4,4/25/2017,M,62,Point-and-Click
1300044770,Marvel Heroes,marvel-heroes,4/26/2017,T,83,MMORPG
1300459505,Little Nightmares,little-nightmares,4/28/2017,T,78,Linear Action Adventure
1300467009,NieR: Automata - 3C3C1D119440927,nier-automata-3c3c1d119440927,5/2/2017,M,79,Action RPG
1300467358,Nioh: Dragon of the North,nioh-dragon-of-the-north,5/2/2017,M,76,Action RPG
1300436743,GNOG,gnog,5/2/2017,E10+,77,Adventure
1300440553,Super Rude Bear Resurrection,super-rude-bear-resurrection,5/2/2017,T,78,2D Platformer
1300464218,FlatOut 4: Total Insanity,flatout-4-total-insanity,5/5/2017,T,62,Auto Racing
1300457785,Prey,prey,5/5/2017,M,79,Action RPG
1300025590,LocoRoco,locoroco,5/9/2017,E,79,2D Platformer
1300003149,Resident Evil Code: Veronica X,resident-evil-code-veronica-x,5/9/2017,M,71,Survival
1300466172,Polybius,polybius,5/9/2017,E10+,84,Rail Shooter
1300299716,Lethal League,lethal-league,5/9/2017,E10+,66,2D Fighting
1300456637,Demon's Crystals,demons-crystals,5/12/2017,T,61,Top-Down Shoot-'Em-Up
1300040887,Dreamfall Chapters,dreamfall-chapters,5/12/2017,,67,Third-Person Adventure
1300467425,Call of Duty: Black Ops III - Zombies Chronicles,call-of-duty-black-ops-iii-zombies-chronicles,5/16/2017,M,78,FPS
1300457698,Injustice 2,injustice-2,5/16/2017,T,87,2D Fighting
1300450882,The Surge,the-surge,5/16/2017,M,73,Action RPG
1300457478,Akiba's Beat,akibas-beat,5/16/2017,T,55,Action RPG
1300457869,Farpoint,farpoint,5/16/2017,M,71,Light Gun
1300089404,Seasons After Fall,seasons-after-fall,5/16/2017,E,64,Metroidvania
1300461715,Future Unfolding,future-unfolding,5/16/2017,E,69,Open-World Action
1300451950,Black & White Bushido,black-and-white-bushido,5/17/2017,T,67,2D Platformer
1300439312,Shadow Warrior 2,shadow-warrior-2,5/19/2017,M,72,FPS
1300398902,Chroma Squad,chroma-squad,5/19/2017,T,74,Turn-Based Tactics
1300455781,Skylar & Plux: Adventure on Clover Island,skylar-and-plux-adventure-on-clover-island,5/19/2017,E,59,3D Platformer
1300004042,Star Ocean: Till the End of Time,star-ocean-till-the-end-of-time,5/23/2017,T,72,Action RPG
1300097301,Utawarerumono: Mask of Deception,utawarerumono-mask-of-deception,5/23/2017,M,68,Turn-Based Tactics
1300458620,Samurai Warriors: Spirit of Sanada,samurai-warriors-spirit-of-sanada,5/23/2017,T,74,3D Beat-'Em-Up
1300464187,Guilty Gear Xrd: Rev 2,guilty-gear-xrd-rev-2,5/26/2017,T,86,2D Fighting
1300467512,Danger Zone,danger-zone,5/30/2017,E10+,64,Vehicle Sim
1300035067,Lock's Quest,locks-quest,5/30/2017,E10+,50,Defense
1300457830,Star Trek: Bridge Crew,star-trek-bridge-crew,5/30/2017,E10+,75,Action Adventure
1300468212,The Walking Dead: The Telltale Series - A New Frontier Episode 5: From The Gallows,the-walking-dead-the-telltale-series-a-new-2017-2,5/31/2017,M,71,Point-and-Click
1300295555,Tekken 7,tekken-7,6/2/2017,T,82,3D Fighting
1300352120,Friday the 13th: The Game,friday-the-13th-the-game,6/2/2017,M,61,Survival
1300454869,ClaDun Returns: This is Sengoku!,cladun-returns-this-is-sengoku,6/6/2017,E10+,73,Action RPG
1300287279,Dreadnought (2018),dreadnought-2018,6/6/2017,T,72,Space Combat Sim
1300454295,The Town of Light,the-town-of-light,6/6/2017,M,67,First-Person Adventure
1300468345,Marvel's Guardians of the Galaxy - Episode 2: Under Pressure,marvels-guardians-of-the-galaxy-episode-2-under,6/6/2017,T,70,Third-Person Adventure
1300126578,DiRT 4,dirt-4,6/6/2017,T,85,Auto Racing Sim
1300464563,The Elder Scrolls Online: Morrowind,the-elder-scrolls-online-morrowind,6/6/2017,M,75,MMORPG
1300467928,Jump Stars,jump-stars,6/6/2017,E,55,Party
1300454722,Dark Rose Valkyrie,dark-rose-valkyrie,6/6/2017,T,58,JRPG
1300451832,Randall,randall,6/6/2017,T,38,2D Platformer
1300334482,Pixel Heroes: Byte & Magic,pixel-heroes-byte-and-magic,6/15/2017,T,54,Roguelike
1300467348,Tour de France 2017,tour-de-france-2017,6/16/2017,E,58,Biking
1300461339,Final Fantasy XIV: Stormblood,final-fantasy-xiv-stormblood,6/20/2017,T,89,MMORPG
1300462944,Nex Machina: Death Machine,nex-machina-death-machine,6/20/2017,T,88,Top-Down Shoot-'Em-Up
1300464466,MXGP3: The Official Motocross Videogame,mxgp3-the-official-motocross-videogame,6/20/2017,E,67,Auto Racing Sim
1300452992,God Wars: Future Past,god-wars-future-past,6/20/2017,T,74,Turn-Based Tactics
1300236487,Get Even,get-even-2015,6/23/2017,M,71,FPS
1300160426,Elite: Dangerous,elite-dangerous,6/27/2017,T,77,Space Sim
1300468611,Final Fantasy XV: Episode Prompto,final-fantasy-xv-episode-prompto,6/27/2017,T,65,Action RPG
1300467302,Ancient Amuletor,ancient-amuletor,6/27/2017,T,60,First-Person Adventure
1300453060,Valkyria Revolution,valkyria-revolution,6/27/2017,T,54,Action RPG
1300196034,Danganronpa Another Episode: Ultra Despair Girls,danganronpa-another-episode-ultra-despair-girls,6/27/2017,M,67,Action Adventure
1300465978,AereA,aerea,6/30/2017,E10+,46,Action RPG
1300464072,Micro Machines World Series,micro-machines-world-series,6/30/2017,E10+,59,Auto Racing
1300468575,That's You!,thats-you,7/4/2017,T,70,Party
1300433192,Arizona Sunshine,arizona-sunshine,7/5/2017,M,63,Light Gun
1300469235,Call of Duty: Infinite Warfare - Absolution,call-of-duty-infinite-warfare-absolution,7/6/2017,M,69,Tactical FPS
1300452452,Toby: The Secret Mine,toby-the-secret-mine,7/6/2017,E10+,50,2D Platformer
1300470031,Little Nightmares: The Depths,little-nightmares-the-depths,7/7/2017,T,62,Linear Action Adventure
1300461238,Accel World vs. Sword Art Online: Millennium Twilight,accel-world-vs-sword-art-online-millennium,7/7/2017,T,64,Action RPG
1300465927,MotoGP 17,motogp-17,7/11/2017,E,68,Auto Racing
1300455348,Fantastic Contraption,fantastic-contraption,7/11/2017,E,62,Action Puzzle
1300467021,Hunting Simulator,hunting-simulator,7/11/2017,T,58,Hunting
1300468384,Minecraft: Story Mode Season Two - Episode 1: Hero in Residence,minecraft-story-mode-season-two-episode-1-hero-in,7/11/2017,E10+,68,Point-and-Click
1300246477,DeadCore,deadcore,7/14/2017,E,64,FPS
1300463346,99Vidas,99vidas,7/18/2017,T,61,2D Beat-'Em-Up
1300267047,Orcs Must Die! Unchained,orcs-must-die-unchained,7/18/2017,T,82,Defense
1300453311,Fallen Legion: Sins of an Empire,fallen-legion-sins-of-an-empire,7/18/2017,E10+,64,Action RPG
1300468561,Archangel,archangel-2017,7/18/2017,T,69,Vehicle Combat Sim
1300454657,Children of Zodiarcs,children-of-zodiarcs,7/18/2017,T,81,JRPG
1300463133,SUPERHOT VR,superhot-vr,7/21/2017,T,75,Tactical FPS
1300470275,Nioh: Defiant Honor,nioh-defiant-honor,7/25/2017,M,79,Action RPG
1300462550,Smashbox Arena,smashbox-arena,7/25/2017,E10+,54,Light Gun
1300452683,Circuit Breakers,circuit-breakers,7/25/2017,E10+,54,Top-Down Shoot-'Em-Up
1300465357,Super Cloudbuilt,super-cloudbuilt,7/25/2017,T,78,Action Adventure
1300468137,Tiny Trax,tiny-trax,7/25/2017,E,72,Future Racing
1300460359,Aven Colony,aven-colony,7/25/2017,E10+,73,Management
1300456544,Pyre,pyre,7/25/2017,E10+,85,RPG
1300468299,Theseus,theseus,7/26/2017,T,56,Action Adventure
1300032585,Patapon,patapon,8/1/2017,E,72,Rhythm
1300462950,Dino Frontier,dino-frontier,8/1/2017,T,65,Tycoon
1300469706,CastleStorm: Virtual Reality,castlestorm-virtual-reality,8/1/2017,,72,Defense
1300455731,Shadow Tactics: Blades of the Shogun,shadow-tactics-blades-of-the-shogun,8/1/2017,M,85,Real-Time Tactics
1300295519,LawBreakers,lawbreakers,8/4/2017,M,76,Tactical FPS
1300470897,Comet Crash 2: The Kronkoid Wars,comet-crash-2-the-kronkoid-wars,8/8/2017,E10+,72,Strategy
1300469970,Batman: The Enemy Within - Episode 1: The Enigma,batman-the-enemy-within-episode-1-the-enigma,8/8/2017,M,70,Point-and-Click
1300457627,Agents of Mayhem,agents-of-mayhem,8/15/2017,M,62,Open-World Action
1300452653,Matterfall,matterfall,8/15/2017,E10+,72,2D Platformer
1300459327,Sudden Strike 4,sudden-strike-4,8/15/2017,T,63,Real-Time Strategy
1300470513,Night Trap: 25th Anniversary Edition,night-trap-25th-anniversary-edition,8/15/2017,T,50,Action
1300471382,Minecraft: Story Mode Season Two - Episode 2: Giant Consequences,minecraft-story-mode-season-two-episode-2-giant,8/15/2017,E10+,73,Point-and-Click
1300447706,Zero Escape: Zero Time Dilemma,zero-escape-zero-time-dilemma,8/18/2017,M,80,Visual Novel
1300467727,Madden NFL 18,madden-nfl-18,8/22/2017,E,82,Football Sim
1300462905,Uncharted: The Lost Legacy,uncharted-the-lost-legacy,8/22/2017,T,84,Linear Action Adventure
1300410989,SwapQuest,swapquest,8/22/2017,E10+,64,JRPG
1300472334,Marvel's Guardians of the Galaxy - Episode 3: More Than A Feeling,marvels-guardians-of-the-galaxy-episode-3-more,8/22/2017,T,65,Third-Person Adventure
1300467861,F1 2017,f1-2017,8/25/2017,E,86,Auto Racing Sim
1300466659,Naruto Shippuden: Ultimate Ninja Storm Legacy,naruto-shippuden-ultimate-ninja-storm-legacy,8/25/2017,T,70,Compilation
1300473097,Sneaky Bears,sneaky-bears,8/29/2017,T,73,Light Gun
1300468027,Dead Alliance,dead-alliance,8/29/2017,M,48,Tactical FPS
1300456139,The Metronomicon: Slay the Dance Floor,the-metronomicon-slay-the-dance-floor,8/29/2017,T,79,Rhythm
1300449820,Obduction,obduction,8/29/2017,E10+,61,First-Person Adventure
1300468555,XCOM 2: War of the Chosen,xcom-2-war-of-the-chosen,8/29/2017,T,93,Turn-Based Tactics
1300460508,Warriors All-Stars,warriors-all-stars,8/29/2017,T,70,3D Beat-'Em-Up
1300316925,Everybody's Golf,everybodys-golf,8/29/2017,E,78,Golf
1300457392,Absolver,absolver,8/29/2017,T,69,Action RPG
1300468574,Sparc,sparc,8/29/2017,E,74,Future Sport
1300463303,Surf World Series,surf-world-series,8/29/2017,E,65,Surfing
1300468532,Life is Strange: Before the Storm - Episode 1: Awake,life-is-strange-before-the-storm-episode-1-awake,8/31/2017,M,78,Third-Person Adventure
1300467957,Life is Strange: Before the Storm,life-is-strange-before-the-storm,8/31/2017,M,77,Third-Person Adventure
1300472783,Tekken 7 - DLC1: Ultimate TEKKEN BOWL and Additional Costumes,tekken-7-dlc1-ultimate-tekken-bowl-and-additional,8/31/2017,T,53,3D Fighting
1300462945,Knack 2,knack-2,9/5/2017,E10+,69,Linear Action Adventure
1300455991,Utawarerumono: Mask of Truth,utawarerumono-mask-of-truth,9/5/2017,M,75,Turn-Based Tactics
1300473096,The Lost Bear,the-lost-bear,9/5/2017,E10+,77,First-Person Adventure
1300466340,Destiny 2,destiny-2,9/6/2017,T,85,FPS
1300467376,Senko no Ronde 2,senko-no-ronde-2,9/7/2017,T,72,2D Fighting
1300467805,NASCAR Heat 2,nascar-heat-2,9/12/2017,E,66,Auto Racing Sim
1300461528,Tooth and Tail,tooth-and-tail,9/12/2017,T,78,Real-Time Strategy
1300467844,Pro Evolution Soccer 2018,pro-evolution-soccer-2018,9/12/2017,E,83,Soccer Sim
1300422490,VR Karts,vr-karts,9/12/2017,E,42,Auto Racing
1300440548,Planet of the Eyes,planet-of-the-eyes,9/12/2017,E10+,70,2D Platformer
1300457270,Maize (2016),maize-2016,9/12/2017,T,45,First-Person Adventure
1300034718,Baja: Edge of Control,baja-edge-of-control,9/14/2017,E,65,Auto Racing Sim
1300468415,NHL 18,nhl-18,9/15/2017,E10+,75,Hockey Sim
1300468551,Dishonored: Death of the Outsider,dishonored-death-of-the-outsider,9/15/2017,M,82,Action Adventure
1300468514,NBA Live 18,nba-live-18,9/15/2017,E,72,Basketball Sim
1300440531,The Solus Project,the-solus-project,9/18/2017,T,65,Survival
1300469621,Hidden Dragon Legend,hidden-dragon-legend,9/19/2017,M,52,2D Platformer
1300459954,Pankapu,pankapu,9/19/2017,E,69,2D Platformer
1300475049,Minecraft: Story Mode Season Two - Episode 3: Jailhouse Block,minecraft-story-mode-season-two-episode-3,9/19/2017,E10+,63,Point-and-Click
1300462906,Marvel vs. Capcom: Infinite,marvel-vs-capcom-infinite,9/19/2017,T,72,2D Fighting
1300464585,Project CARS 2,project-cars-2,9/22/2017,E,82,Auto Racing Sim
1300456504,Raiders of the Broken Planet,raiders-of-the-broken-planet,9/22/2017,M,56,MOBA
1300465455,Lightfield,lightfield,9/26/2017,E,62,Future Racing
1300470898,Light Tracer,light-tracer,9/26/2017,E,68,Action Puzzle
1300472413,Batman: The Enemy Within - Episode 2: The Pact,batman-the-enemy-within-episode-2-the-pact,9/26/2017,M,67,Point-and-Click
1300473217,DreamWorks Voltron VR Chronicles,dreamworks-voltron-vr-chronicles,9/26/2017,E10+,67,Action Adventure
1300455307,Fragments of Him,fragments-of-him,9/26/2017,M,65,Visual Novel
1300453496,100ft Robot Golf,100ft-robot-golf,9/27/2017,E10+,56,Golf
1300460507,Gundam Versus,gundam-versus,9/29/2017,T,68,Vehicle Combat Sim
1300462650,theHunter: Call of the Wild,thehunter-call-of-the-wild,10/2/2017,T,75,Hunting
1300471372,WRC 7,wrc-7,10/3/2017,E,70,Auto Racing Sim
1300326981,Expand,expand,10/3/2017,E,76,Action Puzzle
1300432735,Mystik Belle,mystik-belle,10/3/2017,E10+,69,Open-World Action
1300452133,Syndrome,syndrome,10/6/2017,,40,Survival
1300465456,Middle-earth: Shadow of War,middle-earth-shadow-of-war,10/10/2017,M,80,Open-World Action
1300465824,Raid: World War II,raid-world-war-ii,10/10/2017,M,46,Action Adventure
1300372675,Radial-G: Racing Revolved,radial-g-racing-revolved,10/10/2017,E10+,65,Future Racing
1300476505,Marvel's Guardians of the Galaxy - Episode 4: Who Needs You,marvels-guardians-of-the-galaxy-episode-4-who,10/10/2017,T,68,Third-Person Adventure
1300292018,Raiden V,raiden-v,10/10/2017,E10+,73,Vertical Shoot-'Em-Up
1300455627,Raw Data,raw-data,10/10/2017,T,71,FPS
1300474035,The Invisible Hours,the-invisible-hours,10/10/2017,T,81,Adventure
1300470444,ECHO (2017),echo-2017,10/10/2017,M,79,Action Adventure
1300451282,Summon Night 6: Lost Borders,summon-night-6-lost-borders,10/10/2017,T,71,Turn-Based Tactics
1300456510,Cyberdimension Neptunia: 4 Goddesses Online,cyberdimension-neptunia-4-goddesses-online,10/10/2017,T,71,Action RPG
1300468552,The Evil Within 2,the-evil-within-2,10/13/2017,M,76,Survival
1300460510,No Heroes Allowed! VR,no-heroes-allowed-vr,10/17/2017,E10+,73,Defense
1300447649,Elex,elex,10/17/2017,M,58,Western RPG
1300283679,Chaos;Child,chaoschild,10/17/2017,M,76,Visual Novel
1300452656,Gran Turismo Sport,gran-turismo-sport,10/17/2017,E,75,Auto Racing Sim
1300473754,Life is Strange: Before the Storm - Episode 2: Brave New World,life-is-strange-before-the-storm-episode-2-brave,10/19/2017,M,79,Third-Person Adventure
1300468578,SingStar Celebration,singstar-celebration,10/24/2017,T,65,Rhythm
1300468577,Knowledge is Power,knowledge-is-power,10/24/2017,T,71,Party
1300468576,Hidden Agenda,hidden-agenda,10/24/2017,M,66,Third-Person Adventure
1300467346,Yomawari: Midnight Shadows,yomawari-midnight-shadows,10/24/2017,M,77,Adventure
1300473157,Rugby 18,rugby-18,10/24/2017,E,41,Rugby
1300476395,Numantia,numantia,10/25/2017,T,68,Real-Time Tactics
1300468511,Assassin's Creed Origins,assassins-creed-origins,10/27/2017,M,81,Open-World Action
1300477834,Oure,oure,10/30/2017,E,53,Action Adventure
1300462041,Stifled,stifled,10/31/2017,T,63,First-Person Adventure
1300467814,Steven Universe: Save the Light,steven-universe-save-the-light,10/31/2017,E10+,54,JRPG
1300477130,8-Bit Adventure Anthology: Volume 1,8-bit-adventure-anthology-volume-1,10/31/2017,E10+,71,Compilation
1300468463,Bubsy: The Woolies Strike Back,bubsy-the-woolies-strike-back,10/31/2017,E,45,2D Platformer
1300472244,Spintires: MudRunner,spintires-mudrunner,10/31/2017,E,67,Vehicle Sim
1300467119,Call of Duty: WWII,call-of-duty-wwii,11/3/2017,M,79,FPS
1300468580,Horizon Zero Dawn: The Frozen Wilds,horizon-zero-dawn-the-frozen-wilds,11/7/2017,T,83,Open-World Action
1300467635,Need for Speed Payback,need-for-speed-payback,11/7/2017,T,61,Auto Racing
1300477833,League of War: VR Arena,league-of-war-vr-arena,11/7/2017,T,46,Real-Time Strategy
1300476781,Marvel's Guardians of the Galaxy - Episode 5: Don't Stop Believin',marvels-guardians-of-the-galaxy-episode-5-dont,11/7/2017,T,72,Third-Person Adventure
1300457223,Wuppo,wuppo,11/10/2017,E,70,2D Platformer
1300466451,Star Wars Battlefront II,star-wars-battlefront-ii,11/14/2017,T,68,Tactical FPS
1300452993,Demon Gaze II,demon-gaze-ii,11/14/2017,T,73,Western RPG
1300458285,Road Rage,road-rage,11/14/2017,M,26,Vehicle Combat Sim
1300466457,Outcast: Second Contact,outcast-second-contact,11/14/2017,T,61,Open-World Action
1300468613,Final Fantasy XV - Multiplayer Expansion: Comrades,final-fantasy-xv-multiplayer-expansion-comrades,11/15/2017,T,60,Action RPG
1300475153,Ashes Cricket,ashes-cricket,11/16/2017,E,73,Cricket
1300468582,The Elder Scrolls V: Skyrim VR,the-elder-scrolls-v-skyrim-vr,11/17/2017,M,77,Western RPG
1300181563,The Sims 4,the-sims-4,11/17/2017,T,66,Virtual Life
1300460264,SG/ZH: School Girl Zombie Hunter,sg-zh-school-girl-zombie-hunter,11/17/2017,M,59,Third Person Shooter
1300471914,Planet of the Apes: Last Frontier,planet-of-the-apes-last-frontier,11/21/2017,T,59,Action Adventure
1300478762,Batman: The Enemy Within - Episode 3: The Fractured Mask,batman-the-enemy-within-episode-3-the-fractured,11/21/2017,T,70,Point-and-Click
1300468587,Monster of the Deep: Final Fantasy XV,monster-of-the-deep-final-fantasy-xv,11/21/2017,T,62,Fishing
1300472143,Black Mirror,black-mirror,11/28/2017,M,54,Third-Person Adventure
1300477359,Star Ocean: The Last Hope - 4K & Full HD Remaster,star-ocean-the-last-hope-4k-and-full-hd-remaster,11/28/2017,T,72,Action RPG
1300478457,It's Quiz Time,its-quiz-time,11/28/2017,E,69,Trivia
1300468548,DOOM VFR,doom-vfr,12/1/2017,M,71,Light Gun
1300468569,Steep: Road to the Olympics,steep-road-to-the-olympics,12/5/2017,T,70,Skiing
1300477925,The Surge: A Walk in the Park,the-surge-a-walk-in-the-park,12/5/2017,M,74,Action RPG
1300477843,Destiny 2: Curse of Osiris,destiny-2-curse-of-osiris,12/5/2017,,57,FPS
1300473752,Dead Rising 4: Frank's Big Package,dead-rising-4-franks-big-package,12/5/2017,M,72,Open-World Action
1300152598,Chaos on Deponia,chaos-on-deponia,12/6/2017,T,70,Point-and-Click
1300467836,Battlestar Galactica Deadlock,battlestar-galactica-deadlock,12/8/2017,E10+,76,4X Strategy
1300038428,LocoRoco 2,locoroco-2,12/9/2017,E,79,2D Platformer
1300462949,Aaero,aaero,12/12/2017,E10+,77,Rail Shooter
1300465508,Resident Evil 7: biohazard - Not a Hero,resident-evil-7-biohazard-not-a-hero,12/12/2017,M,71,Survival
1300473924,Resident Evil 7: biohazard - End of Zoe,resident-evil-7-biohazard-end-of-zoe,12/12/2017,M,75,Survival
1300491295,Accounting+,accounting-plus,12/19/2017,M,74,First-Person Adventure
1300472129,Shooty Fruity,shooty-fruity,12/19/2017,E10+,79,Light Gun
1300473755,Life is Strange: Before the Storm - Episode 3: Hell is Empty,life-is-strange-before-the-storm-episode-3-hell-is,12/19/2017,M,77,Third-Person Adventure
1300469009,Little Red Lie,little-red-lie,1/9/2018,M,77,Adventure
1300479834,Kerbal Space Program: Enhanced Edition,kerbal-space-program-enhanced-edition,1/16/2018,E,64,Space Sim
1300476506,Street Fighter V: Arcade Edition,street-fighter-v-arcade-edition,1/16/2018,T,87,2D Fighting
1300087443,StarDrone,stardrone,1/17/2018,E,59,Arcade
1300466286,Digimon Story Cyber Sleuth: Hacker's Memory,digimon-story-cyber-sleuth-hackers-memory,1/19/2018,T,73,JRPG
1300451324,Mutant Football League,mutant-football-league,1/19/2018,M,62,Football
1300480834,Batman: The Enemy Within - Episode 4: What Ails You,batman-the-enemy-within-episode-4-what-ails-you,1/22/2018,M,77,Point-and-Click
1300468584,The Inpatient,the-inpatient,1/23/2018,M,59,Survival
1300476690,Assassin's Creed Origins: The Hidden Ones,assassins-creed-origins-the-hidden-ones,1/23/2018,M,73,Open-World Action
1300468573,OK K.O.! Let's Play Heroes,ok-ko-lets-play-heroes,1/23/2018,E10+,69,2D Beat-'Em-Up
1300468581,Monster Hunter: World,monster-hunter-world,1/26/2018,T,90,Action RPG
1300470427,EA Sports UFC 3,ea-sports-ufc-3,1/30/2018,T,75,Combat Sport
1300402900,Dissidia: Final Fantasy NT,dissidia-final-fantasy-nt,1/30/2018,T,67,3D Fighting
1300477844,Call of Duty: WWII - The Resistance,call-of-duty-wwii-the-resistance,1/30/2018,M,71,FPS
1300456507,Out of Ammo,out-of-ammo,1/30/2018,T,48,Light Gun
1300476880,Cold Iron,cold-iron,1/30/2018,T,71,Action Adventure
1300461545,Strikers Edge,strikers-edge,1/30/2018,T,68,Top-Down Shoot-'Em-Up
1300022428,Shadow of the Colossus,shadow-of-the-colossus,2/6/2018,T,91,Action Adventure
1300477564,Middle-earth: Shadow of War - Blade of Galadriel,middle-earth-shadow-of-war-blade-of-galadriel,2/6/2018,M,63,Open-World Action
1300451242,Under Night In-Birth Exe:Late[st],under-night-in-birth-exelatest,2/9/2018,T,78,2D Fighting
1300469185,The Seven Deadly Sins: Knights of Britannia,the-seven-deadly-sins-knights-of-britannia,2/9/2018,T,55,3D Beat-'Em-Up
1300229802,Kingdom Come: Deliverance,kingdom-come-deliverance,2/13/2018,M,69,Action RPG
1300463313,Dynasty Warriors 9,dynasty-warriors-9,2/13/2018,T,65,3D Beat-'Em-Up
1300476855,Monster Energy Supercross - The Official Videogame,monster-energy-supercross-the-official-videogame,2/13/2018,E,67,Auto Racing
1300481011,Pop-Up Pilgrims,pop-up-pilgrims,2/13/2018,E,63,Real-Time Strategy
1300468464,Sprint Vector,sprint-vector,2/13/2018,E10+,82,Arcade Racing
1300465545,"Slice, Dice & Rice",slice-dice-and-rice,2/14/2018,M,63,2D Fighting
1300472916,Secret of Mana (Remaster),secret-of-mana-remaster,2/15/2018,E10+,63,Action RPG
1300459689,Metal Gear Survive,metal-gear-survive,2/20/2018,M,60,Survival
1300463194,The Station,the-station,2/20/2018,T,62,First-Person Adventure
1300477839,Apex Construct,apex-construct,2/20/2018,E10+,72,Light Gun
1300472195,Sword Art Online: Fatal Bullet,sword-art-online-fatal-bullet,2/23/2018,T,64,Third Person Shooter
1300477566,Past Cure,past-cure,2/23/2018,M,37,Survival
1300457950,Blasters of the Universe,blasters-of-the-universe,2/27/2018,T,76,Light Gun
1300468586,Moss,moss,2/22/2023,E10+,86,Action Adventure
1300464826,RiftStar Raiders,riftstar-raiders,2/27/2018,E10+,69,Top-Down Shoot-'Em-Up
1300465661,Gravel,gravel,2/27/2018,E,67,Auto Racing
1300482755,Life is Strange: Before the Storm - Farewell,life-is-strange-before-the-storm-farewell,3/5/2018,,80,Third-Person Adventure
1300470455,TT Isle of Man: Ride On The Edge,tt-isle-of-man-ride-on-the-edge,3/6/2018,E,67,Auto Racing
1300468579,Frantics,frantics,3/6/2018,E,68,Party
1300471395,Way of the Passive Fist,way-of-the-passive-fist,3/6/2018,T,64,2D Beat-'Em-Up
1300480289,Final Fantasy XV: Royal Edition,final-fantasy-xv-royal-edition,3/6/2018,T,77,Action RPG
1300481968,VRFC Virtual Reality Football Club,vrfc-virtual-reality-football-club,3/6/2018,E,60,Soccer
1300468585,Bravo Team,bravo-team,3/6/2018,T,45,FPS
1300457023,DJMax Respect,djmax-respect,3/6/2018,T,85,Rhythm
1300059928,TERA,tera,3/8/2018,M,68,MMORPG
1300479885,The Council,the-council,3/13/2018,M,74,Adventure
1300475528,The 25th Ward: The Silver Case,the-25th-ward-the-silver-case,3/13/2018,M,68,Visual Novel
1300469557,Pure Farming 2018,pure-farming-2018,3/13/2018,E,68,Virtual Career
1300428304,Beast Quest,beast-quest,3/13/2018,E10+,33,Action Adventure
1300121548,Devil May Cry HD Collection,devil-may-cry-hd-collection,3/13/2018,M,60,Compilation
1300476691,Assassin's Creed Origins: The Curse of the Pharaohs,assassins-creed-origins-the-curse-of-the-pharaohs,3/13/2018,M,83,Open-World Action
1300479886,The Council - Episode 1: The Mad Ones,the-council-episode-1-the-mad-ones,3/13/2018,M,75,Adventure
1300465789,The American Dream,the-american-dream,3/14/2018,M,67,Light Gun
1300467740,Surviving Mars,surviving-mars,3/15/2018,E10+,73,Management
1300480445,Assassin's Creed Rogue Remastered,assassins-creed-rogue-remastered,3/20/2018,M,71,Open-World Action
1300285685,World of Warriors,world-of-warriors,3/21/2018,T,61,3D Beat-'Em-Up
1300463294,ARK Park,ark-park,3/22/2018,T,46,First-Person Adventure
1300374935,A Way Out,a-way-out,3/23/2018,M,78,Linear Action Adventure
1300453499,Ni no Kuni II: Revenant Kingdom,ni-no-kuni-ii-revenant-kingdom,3/23/2018,T,84,JRPG
1300483635,Batman: The Enemy Within - Episode 5: Same Stitch,batman-the-enemy-within-episode-5-same-stitch,3/26/2018,M,88,Point-and-Click
1300478180,MLB The Show 18,mlb-the-show-18,3/27/2018,E,82,Baseball Sim
1300467829,Far Cry 5,far-cry-5,3/27/2018,M,81,FPS
1300482568,Injustice 2: Legendary Edition,injustice-2-legendary-edition,3/27/2018,,88,2D Fighting
1300461387,The Witch and the Hundred Knight 2,the-witch-and-the-hundred-knight-2,3/27/2018,T,61,Action RPG
1300482391,Island Time VR,island-time-vr,4/3/2018,E10+,61,Survival
1300482538,Crisis on the Planet of the Apes VR,crisis-on-the-planet-of-the-apes-vr,4/3/2018,M,49,Light Gun
1300397939,Impact Winter,impact-winter,4/5/2018,T,66,Adventure
1300458645,Rick and Morty: Virtual Rick-ality,rick-and-morty-virtual-rick-ality,4/10/2018,M,70,First-Person Adventure
1300483691,Call of Duty: WWII - The War Machine,call-of-duty-wwii-the-war-machine,4/10/2018,,73,FPS
1300475256,Project Nimbus: Code Mirai,project-nimbus-code-mirai,4/10/2018,M,73,Third Person Shooter
1300468246,Extinction (2018),extinction-2018,4/10/2018,M,47,Action Adventure
1300463363,Time Carnage,time-carnage,4/10/2018,T,54,Light Gun
1300468067,Operation Warcade VR,operation-warcade-vr,4/11/2018,T,67,Light Gun
1300467431,Dusty Raging Fist,dusty-raging-fist,4/12/2018,T,55,2D Beat-'Em-Up
1300465787,Don't Starve: Mega Pack,dont-starve-mega-pack,4/17/2018,T,82,Sandbox
1300451755,Yakuza 6: The Song of Life,yakuza-6-the-song-of-life,4/17/2018,M,83,Open-World Action
1300457866,God of War,god-of-war,4/20/2018,M,94,Linear Action Adventure
1300483263,Assetto Corsa: Ultimate Edition,assetto-corsa-ultimate-edition,4/20/2018,E,82,Auto Racing Sim
1300274614,To Leave,to-leave,4/24/2018,M,64,Adventure
1300468349,The Swords of Ditto,the-swords-of-ditto,4/24/2018,E10+,74,Action RPG
1300454448,Spacejacked,spacejacked,4/26/2018,E10+,78,Defense
1300466120,Guns of Icarus Alliance,guns-of-icarus-alliance-2017,5/1/2018,T,67,Space Combat Sim
1300457819,Killing Floor: Incursion,killing-floor-incursion,5/1/2018,M,68,Light Gun
1300460853,Super Mega Baseball 2,super-mega-baseball-2,5/1/2018,E,77,Baseball
1300374933,Tacoma,tacoma,5/8/2018,M,78,First-Person Adventure
1300483958,AO International Tennis,ao-international-tennis,5/8/2018,E,50,Tennis
1300484786,Destiny 2: Warmind,destiny-2-warmind,5/8/2018,,63,FPS
1300454622,Conan Exiles,conan-exiles,5/8/2018,M,68,Survival
1300465990,Megadimension Neptunia VIIR,megadimension-neptunia-viir,5/8/2018,T,71,JRPG
1300377778,Subaeria,subaeria,5/9/2018,T,50,Puzzle
1300468472,Laser League,laser-league,5/10/2018,E10+,82,Future Sport
1300108761,Dragon's Crown,dragons-crown,5/15/2018,T,80,Action RPG
1300468177,Little Witch Academia: Chamber of Time,little-witch-academia-chamber-of-time,5/15/2018,T,58,Action RPG
1300485267,The Council - Episode 2: Hide and Seek,the-council-episode-2-hide-and-seek,5/15/2018,M,67,Adventure
1300483952,Hitman: Definitive Edition,hitman-definitive-edition,5/15/2018,M,84,Action Adventure
1300195337,Space Hulk: Deathwing,space-hulk-deathwing,5/22/2018,M,55,FPS
1300469909,One Piece: Grand Cruise,one-piece-grand-cruise,5/22/2018,T,35,Action
1300477830,Tennis World Tour,tennis-world-tour,5/22/2018,E,45,Tennis
1300485382,Star Trek: Bridge Crew The Next Generation,star-trek-bridge-crew-the-next-generation,5/22/2018,E10+,79,Action Adventure
1300475385,I Hate Running Backwards,i-hate-running-backwards,5/22/2018,T,63,Vertical Shoot-'Em-Up
1300451496,EVERSPACE,everspace,5/22/2018,T,78,Space Combat Sim
1300482068,Defender's Quest: Valley of the Forgotten DX Edition,defenders-quest-valley-of-the-forgotten-dx-edition,5/24/2018,T,82,Real-Time Strategy
1300452661,Detroit: Become Human,detroit-become-human,5/25/2018,M,78,Third-Person Adventure
1300458069,Agony,agony,5/29/2018,M,37,Survival
1300486211,Illusion: A Tale of the Mind,illusion-a-tale-of-the-mind,6/1/2018,E10+,63,Action Puzzle
1300467234,Nobunaga's Ambition: Taishi,nobunagas-ambition-taishi,6/5/2018,T,70,Turn-Based Strategy
1300477845,ONRUSH,onrush,6/5/2018,E10+,75,Auto Racing
1300481426,Far Cry 5: Hours of Darkness,far-cry-5-hours-of-darkness,6/5/2018,M,55,FPS
1300483533,The Elder Scrolls Online: Summerset,the-elder-scrolls-online-summerset,6/5/2018,M,76,MMORPG
1300483736,Aragami: Nightfall,aragami-nightfall,6/5/2018,T,67,Action Adventure
1300484780,Riddled Corpses EX,riddled-corpses-ex,6/5/2018,T,71,Top-Down Shoot-'Em-Up
1300486985,Prey: Mooncrash,prey-mooncrash,6/11/2018,M,83,Action RPG
1300472327,Jurassic World Evolution,jurassic-world-evolution,6/12/2018,T,68,Tycoon
1300487776,Kona VR,kona-vr,6/19/2018,,64,First-Person Adventure
1300476325,The Exorcist: Legion VR,the-exorcist-legion-vr,6/19/2018,M,81,First-Person Adventure
1300480545,New Gundam Breaker,new-gundam-breaker,6/22/2018,T,43,Action
1300486958,The Awesome Adventures of Captain Spirit,the-awesome-adventures-of-captain-spirit,6/25/2018,M,75,Action Adventure
1300173240,Rainbow Skies,rainbow-skies,6/26/2018,E10+,64,Turn-Based Tactics
1300108698,Far Cry 3,far-cry-3,6/26/2018,M,70,FPS
1300483731,Slime-san: Superslime Edition,slime-san-superslime-edition,6/26/2018,E10+,81,Linear Action Adventure
1300487387,Call of Duty: WWII - United Front,call-of-duty-wwii-united-front,6/26/2018,,67,FPS
1300467830,The Crew 2,the-crew-2,6/26/2018,T,64,Racing
1300487437,Salary Man Escape VR,salary-man-escape-vr,6/26/2018,E,63,Action Puzzle
1300485186,Tour de France 2018,tour-de-france-2018,6/28/2018,E,57,Biking
1300465248,Insane Robots,insane-robots,7/10/2018,E,63,Turn-Based Tactics
1300485950,Animal Force,animal-force,7/10/2018,E,57,Defense
1300484355,MXGP Pro,mxgp-pro,7/10/2018,E,64,Auto Racing
1300461137,Earthfall,earthfall,7/13/2018,T,54,Tactical FPS
1300487413,Danger Zone 2,danger-zone-2,7/13/2018,E10+,68,Auto Racing
1300465106,Mothergunship,mothergunship,7/17/2018,T,78,FPS
1300481428,Far Cry 5: Lost on Mars,far-cry-5-lost-on-mars,7/17/2018,M,57,FPS
1300513893,The Persistence VR,the-persistence-vr,7/24/2018,M,78,First-Person Adventure
1300459071,AIRHEART,airheart,7/24/2018,E10+,63,Top-Down Shoot-'Em-Up
1300486429,Train Sim World,train-sim-world,7/24/2018,E,56,Compilation
1300488360,The Council - Episode 3: Ripples,the-council-episode-3-ripples,7/24/2018,M,68,Adventure
1300454655,Detached,detached,7/24/2018,T,66,Space Combat Sim
1300251283,Narcosis,narcosis,7/24/2018,M,64,Survival
1300463921,Pixel Ripped 1989,pixel-ripped-1989,7/31/2018,E10+,80,First-Person Adventure
1300461534,Anamorphine,anamorphine,7/31/2018,T,55,First-Person Adventure
1300476847,South Park: The Fractured But Whole - Bring the Crunch,south-park-the-fractured-but-whole-bring-the,7/31/2018,M,75,RPG
1300488806,TETRA's Escape,tetras-escape,8/7/2018,E,64,Action Puzzle
1300454871,H1Z1: Battle Royale,h1z1-battle-royale,8/7/2018,T,66,Tactical FPS
1300479636,Electronauts,electronauts,8/7/2018,E,77,Application
1300442014,We Happy Few,we-happy-few,8/10/2018,M,67,Action Adventure
1300486154,Madden NFL 19,madden-nfl-19,8/10/2018,E,80,Football Sim
1300427412,Death's Gambit,deaths-gambit,8/14/2018,T,72,Metroidvania
1300484436,Shenmue I & II,shenmue-i-and-ii,8/21/2018,T,75,Compilation
1300488254,Track Lab,track-lab,8/21/2018,E,64,Rhythm
1300454332,Slime Rancher,slime-rancher,8/21/2018,E10+,69,Open-World Action
1300483430,Pizza Titan Ultra,pizza-titan-ultra,8/21/2018,E10+,68,Action Adventure
1300450325,"Warhammer 40,000: Inquisitor - Martyr",warhammer-40000-inquisitor-martyr,8/23/2018,M,65,Real-Time Strategy
1300485643,F1 2018,f1-2018,8/24/2018,E,84,Auto Racing Sim
1300477832,Bow to Blood,bow-to-blood,8/28/2018,E10+,80,Light Gun
1300473095,Yakuza Kiwami 2,yakuza-kiwami-2,8/28/2018,M,85,Open-World Action
1300465619,Fire Pro Wrestling World,fire-pro-wrestling-world,8/28/2018,T,79,Wrestling
1300468379,Strange Brigade,strange-brigade,8/28/2018,T,73,Third Person Shooter
1300479417,Firewall Zero Hour,firewall-zero-hour,8/28/2018,T,79,Tactical FPS
1300485911,The Golf Club 2019 featuring PGA Tour,the-golf-club-2019-featuring-pga-tour,8/28/2018,E,75,Golf Sim
1300485377,Pro Evolution Soccer 2019,pro-evolution-soccer-2019,8/28/2018,E,79,Soccer Sim
1300482890,Torn (2018),torn-2018,8/28/2018,T,65,First-Person Adventure
1300466660,Naruto to Boruto: Shinobi Striker,naruto-to-boruto-shinobi-striker,8/31/2018,T,61,3D Fighting
1300039324,428: Shibuya Scramble,428-shibuya-scramble,9/4/2018,T,85,Visual Novel
1300450667,Dragon Quest XI: Echoes of an Elusive Age,dragon-quest-xi-echoes-of-an-elusive-age,9/4/2018,T,86,JRPG
1300475106,Zone of the Enders: The 2nd Runner MARS,zone-of-the-enders-the-2nd-runner-mars,9/4/2018,T,71,Vehicle Combat Sim
1300472145,Shadows: Awakening,shadows-awakening,9/4/2018,T,72,Western RPG
1300486635,Destiny 2: Forsaken,destiny-2-forsaken,9/4/2018,T,82,FPS
1300472412,Immortal: Unchained,immortal-unchained,9/7/2018,T,49,Action RPG
1300486941,NBA Live 19,nba-live-19,9/7/2018,E,73,Basketball Sim
1300488100,NASCAR Heat 3,nascar-heat-3,9/7/2018,E10+,64,Auto Racing Sim
1300457874,Marvel's Spider-Man,marvels-spider-man,9/7/2018,T,87,Open-World Action
1300483212,Shadow of the Tomb Raider,shadow-of-the-tomb-raider,9/12/2018,M,75,Action Adventure
1300479326,Black Clover: Quartet Knights,black-clover-quartet-knights,9/14/2018,T,53,Tactical Third Person Shooter
1300487372,NHL 19,nhl-19,9/14/2018,E10+,80,Hockey Sim
1300468564,Transference,transference,9/18/2018,M,71,First-Person Adventure
1300481640,Downward Spiral: Horus Station,downward-spiral-horus-station,9/18/2018,T,61,Action Adventure
1300487978,Fishing Sim World,fishing-sim-world,9/18/2018,E,50,Fishing
1300484120,Blind (2018),blind-2018,9/18/2018,T,62,First-Person Adventure
1300455709,8-Bit Armies,8-bit-armies,9/21/2018,E10+,70,Command RTS
1300477488,Metal Max Xeno,metal-max-xeno,9/25/2018,T,61,RPG
1300475651,Dark Eclipse,dark-eclipse,9/25/2018,T,65,Action RPG
1300480538,Dakar 18,dakar-18,9/25/2018,E,53,Auto Racing
1300491173,The Council - Episode 4: Burning Bridges,the-council-episode-4-burning-bridges,9/25/2018,M,75,Adventure
1300486022,Creed: Rise to Glory,creed-rise-to-glory,9/25/2018,T,73,Combat Sport
1300490867,Hollow Knight: Voidheart Edition,hollow-knight-voidheart-edition,9/25/2018,E10+,85,Metroidvania
1300484089,Catastronauts!,catastronauts,9/28/2018,E10+,78,Party
1300486021,Astro Bot Rescue Mission,astro-bot-rescue-mission,10/2/2018,E10+,90,Action Adventure
1300486428,Assassin's Creed Odyssey,assassins-creed-odyssey,10/2/2018,M,83,Open-World Action
1300473094,Fist of the North Star: Lost Paradise,fist-of-the-north-star-lost-paradise,10/2/2018,M,72,Action RPG
1300485380,The Midnight Sanctuary,the-midnight-sanctuary,10/4/2018,E10+,50,Visual Novel
1300485747,WWE 2K19,wwe-2k19,10/5/2018,T,76,Wrestling
1300481424,Space Hulk: Tactics,space-hulk-tactics,10/9/2018,M,68,Turn-Based Tactics
1300477490,Evasion,evasion,10/9/2018,T,76,Light Gun
1300442775,Punch Line,punch-line,10/9/2018,M,66,Visual Novel
1300482898,Call of Duty: Black Ops 4,call-of-duty-black-ops-4,10/12/2018,M,83,Tactical FPS
1300491870,For Honor: Marching Fire,for-honor-marching-fire,10/16/2018,,78,Action Adventure
1300086928,Fast Striker,fast-striker,10/16/2018,E,61,Vertical Shoot-'Em-Up
1300483683,Heavy Fire: Red Shadow,heavy-fire-red-shadow,10/16/2018,T,38,FPS
1300469306,Home Sweet Home (2018),home-sweet-home-2018,10/16/2018,M,66,First-Person Adventure
1300490200,Marvel's Spider-Man: The Heist,marvels-spider-man-the-heist,10/23/2018,T,76,Open-World Action
1300461445,Red Dead Redemption 2,red-dead-redemption-2,10/26/2018,M,97,Open-World Action
1300491392,Castlevania Requiem: Symphony of the Night & Rondo of Blood,castlevania-requiem-symphony-of-the-night-and,10/26/2018,T,74,Compilation
1300491278,Steep: The X Games Pass,steep-the-x-games-pass,10/30/2018,,75,Skiing
1300486998,The Quiet Man,the-quiet-man,11/1/2018,M,28,Linear Action Adventure
1300468590,Taiko no Tatsujin: Drum Session!,taiko-no-tatsujin-drum-session,11/2/2018,E10+,70,Rhythm
1300182225,The Forest (2014),the-forest-2014,11/6/2018,M,78,Survival
1300487036,Deracine,deracine,11/6/2018,T,68,Adventure
1300477487,Steel Rats,steel-rats,11/7/2018,T,67,Vehicle Combat Sim
1300486728,Tetris Effect,tetris-effect,11/9/2018,E,89,Stacking Puzzle
1300486810,Hitman 2,hitman-2,11/9/2018,M,82,Action Adventure
1300484852,11-11: Memories Retold,11-11-memories-retold,11/9/2018,T,77,Third-Person Adventure
1300487056,Chimparty,chimparty,11/13/2018,E,62,Party
1300487049,Knowledge is Power: Decades,knowledge-is-power-decades,11/13/2018,,64,Trivia
1300491875,Shadow of the Tomb Raider: The Forge,shadow-of-the-tomb-raider-the-forge,11/13/2018,M,65,Action Adventure
1300487057,Just Deal With It!,just-deal-with-it,11/13/2018,T,46,Board
1300486337,Fallout 76,fallout-76,11/14/2018,M,53,Western RPG
1300485744,Battlefield V,battlefield-v,11/15/2018,M,73,Tactical FPS
1300481946,Farming Simulator 19,farming-simulator-19,11/20/2018,E,64,Virtual Career
1300491518,Squishies,squishies,11/20/2018,E,71,3D Platformer
1300490201,Marvel's Spider-Man: Turf Wars,marvels-spider-man-turf-wars,11/20/2018,T,70,Open-World Action
1300481801,Beat Saber,beat-saber,11/20/2018,E,86,Rhythm
1300455343,Space Pirate Trainer,space-pirate-trainer,11/27/2018,E10+,74,FPS
1300462998,The First Tree,the-first-tree,11/30/2018,E,81,Third-Person Adventure
1300485694,RIDE 3,ride-3,11/30/2018,E,71,Auto Racing Sim
1300470638,Persona 3: Dancing in Moonlight,persona-3-dancing-in-moonlight,12/4/2018,T,73,Rhythm
1300470639,Persona 5: Dancing in Starlight,persona-5-dancing-in-starlight,12/4/2018,T,72,Rhythm
1300486968,Just Cause 4,just-cause-4,12/4/2018,M,65,Open-World Action
1300493735,The Council - Episode 5: Checkmate,the-council-episode-5-checkmate,12/4/2018,,64,Adventure
1300490932,Assassin's Creed Odyssey: Story Arc 1 - Legacy of the First Blade,assassins-creed-odyssey-story-arc-1-legacy-of-the,12/4/2018,M,67,Open-World Action
1300482566,Mutant Year Zero: Road to Eden,mutant-year-zero-road-to-eden,12/4/2018,M,76,Turn-Based Tactics
1300246447,Subnautica,subnautica,12/4/2018,E10+,80,Sandbox
1300486338,Arca's Path VR,arcas-path-vr,12/4/2018,E10+,70,Adventure
1300489426,Persona Dancing: Endless Night Collection,persona-dancing-endless-night-collection,12/4/2018,T,75,Compilation
1300489593,Jagged Alliance: Rage!,jagged-alliance-rage,12/6/2018,M,54,Turn-Based Tactics
1300465551,PlayerUnknown's Battlegrounds,playerunknowns-battlegrounds,12/7/2018,T,72,Tactical Third Person Shooter
1300460387,Earth Defense Force 5,earth-defense-force-5,12/11/2018,T,72,Third Person Shooter
1300485461,Red Matter,red-matter,12/11/2018,T,84,First-Person Adventure
1300477840,Smash Hit Plunder,smash-hit-plunder,12/11/2018,E10+,65,Action Adventure
1300473216,Gungrave VR,gungrave-vr,12/11/2018,T,41,Light Gun
1300491997,Borderlands 2 VR,borderlands-2-vr,12/14/2018,M,72,FPS
1300473533,Warhammer: Vermintide 2,warhammer-vermintide-2,12/18/2018,M,81,FPS
1300493127,Scintillatron 4096,scintillatron-4096,12/18/2018,,75,Top-Down Shoot-'Em-Up
1300490202,Marvel's Spider-Man: Silver Lining,marvels-spider-man-silver-lining,12/21/2018,T,75,Open-World Action
1300495257,Hitman HD Enhanced Collection,hitman-hd-enhanced-collection,1/11/2019,M,69,Compilation
1300293251,Vane,vane,1/15/2019,E10+,49,Adventure
1300489870,The Grand Tour Game,the-grand-tour-game,1/15/2019,T,52,Auto Racing
1300495640,Assassin's Creed Odyssey: Story Arc 1 - Legacy of the First Blade: Episode 2,assassins-creed-odyssey-story-arc-1-legacy-of-the-2019,1/15/2019,M,62,Open-World Action
1300453497,Ace Combat 7: Skies Unknown,ace-combat-7-skies-unknown,1/18/2019,T,80,Aircraft Combat Sim
1300470555,Senran Kagura Burst Re:Newal,senran-kagura-burst-renewal,1/22/2019,M,65,2D Beat-'Em-Up
1300489430,A Fisherman's Tale,a-fishermans-tale,1/22/2019,E,70,Adventure
1300494001,Life is Strange 2: Episode 2 - Rules,life-is-strange-2-episode-2-rules,1/24/2019,M,73,Third-Person Adventure
1300450942,Resident Evil 2,resident-evil-2,1/25/2019,M,91,Survival
1300458833,8-Bit Hordes,8-bit-hordes,2/1/2019,E10+,63,Command RTS
1300487051,Melbits World,melbits-world,2/5/2019,E,71,Action Puzzle
1300468831,The Mage's Tale,the-mages-tale,2/5/2019,T,69,Adventure
1300461114,Conarium,conarium,2/12/2019,T,65,First-Person Adventure
1300477841,Eden-Tomorrow,eden-tomorrow,2/12/2019,T,52,Action Adventure
1300486965,Jump Force,jump-force,2/12/2019,T,56,3D Fighting
1300463035,Hyper Jam,hyper-jam,2/12/2019,T,70,Top-Down Shoot-'Em-Up
1300491831,Intruders: Hide and Seek,intruders-hide-and-seek,2/13/2019,M,62,Action Adventure
1300468527,Metro Exodus,metro-exodus,2/15/2019,M,80,FPS
1300494288,Far Cry New Dawn,far-cry-new-dawn,2/15/2019,M,71,FPS
1300495683,Dick Wilde 2,dick-wilde-2,2/19/2019,T,58,Light Gun
1300483271,ChromaGun VR,chromagun-vr,2/19/2019,,64,Action Puzzle
1300468513,Anthem,anthem,2/22/2019,T,54,Action RPG
1300450879,Stellaris,stellaris,2/26/2019,E10+,77,Real-Time Strategy
1300493854,NieR: Automata - Game of the YoRHa Edition,nier-automata-game-of-the-yorha-edition,2/26/2019,M,91,Action RPG
1300491499,DiRT Rally 2.0,dirt-rally-20,2/26/2019,E,84,Auto Racing Sim
1300486858,Dead or Alive 6,dead-or-alive-6,3/1/2019,M,72,3D Fighting
1300498082,Assassin's Creed Odyssey: Story Arc 1 - Legacy of the First Blade: Episode 3,assassins-creed-odyssey-story-arc-1-legacy-of-the-2019-2,3/4/2019,M,68,Open-World Action
1300174312,Move or Die,move-or-die,3/5/2019,E10+,83,Party
1300468229,Attack of the Earthlings,attack-of-the-earthlings,3/5/2019,T,59,Turn-Based Tactics
1300479347,The Occupation,the-occupation,3/5/2019,T,63,First-Person Adventure
1300484116,Eternity: The Last Unicorn,eternity-the-last-unicorn,3/5/2019,T,36,Action RPG
1300475108,Left Alive,left-alive,3/5/2019,M,37,Action Adventure
1300486963,Devil May Cry 5,devil-may-cry-5,3/8/2019,M,88,Action Adventure
1300482900,Tom Clancy's The Division 2,tom-clancys-the-division-2,3/12/2019,,82,Tactical Third Person Shooter
1300308008,Ghost of a Tale,ghost-of-a-tale,3/12/2019,E10+,82,Action Adventure
1300497304,MX vs. ATV All Out: Anniversary Edition,mx-vs-atv-all-out-anniversary-edition,3/12/2019,E10+,69,Auto Racing Sim
1300497410,The Wizards: Enhanced Edition,the-wizards-enhanced-edition,3/12/2019,E10+,68,Light Gun
1300479320,One Piece: World Seeker,one-piece-world-seeker,3/15/2019,T,58,Open-World Action
1300486957,Sekiro: Shadows Die Twice,sekiro-shadows-die-twice,3/22/2019,M,90,Action Adventure
1300493184,Final Fantasy XV: Episode Ardyn,final-fantasy-xv-episode-ardyn,3/26/2019,,60,Action RPG
1300486804,Generation Zero,generation-zero,3/26/2019,T,45,Open-World Action
1300440530,Outward,outward,3/26/2019,M,62,Open-World Action
1300492992,MLB The Show 19,mlb-the-show-19,3/26/2019,E,86,Baseball Sim
1300494933,Where the Bees Make Honey,where-the-bees-make-honey,3/26/2019,E,31,Action Puzzle
1300468571,Space Junkies,space-junkies,3/26/2019,T,63,Arcade
1300405482,Skyworld,skyworld,3/26/2019,E10+,69,Adventure
1300165122,The Legend of Heroes: Trails of Cold Steel,the-legend-of-heroes-trails-of-cold-steel,3/26/2019,T,80,JRPG
1300468078,Xianjian Qixia Zhuan 6,xianjian-qixia-zhuan-6,4/2/2019,T,55,RPG
1300083864,Borderlands: Game of the Year Edition,borderlands-game-of-the-year-edition,4/3/2019,M,76,FPS
1300467235,Zanki Zero: Last Beginning,zanki-zero-last-beginning,4/9/2019,M,72,RPG
1300487414,Dangerous Driving,dangerous-driving,4/9/2019,E10+,62,Auto Racing
1300475107,Earth Defense Force: Iron Rain,earth-defense-force-iron-rain,4/11/2019,T,69,Third Person Shooter
1300486917,Ghost Giant,ghost-giant,4/16/2019,E,80,Adventure
1300487435,World of Warships: Legends,world-of-warships-legends,4/16/2019,T,83,Marine Combat Sim
1300470661,Immortal Legacy: The Jade Cipher,immortal-legacy-the-jade-cipher,4/16/2019,M,59,Light Gun
1300472419,God's Trigger,gods-trigger,4/18/2019,M,71,Linear Action Adventure
1300479420,Jupiter & Mars,jupiter-and-mars,4/22/2019,E,58,Action Adventure
1300457867,Days Gone,days-gone,4/26/2019,M,71,Open-World Action
1300479384,Fade to Silence,fade-to-silence,4/30/2019,M,55,Survival
1300497058,BOXVR,boxvr,4/30/2019,E10+,81,Exercise
1300499272,Life is Strange 2: Episode 3 - Wastelands,life-is-strange-2-episode-3-wastelands,5/9/2019,M,75,Third-Person Adventure
1300468660,A Plague Tale: Innocence,a-plague-tale-innocence,7/6/2021,M,82,Linear Action Adventure
1300485587,RAGE 2,rage-2,5/14/2019,M,67,FPS
1300492829,Bubsy: Paws on Fire,bubsy-paws-on-fire,5/16/2019,E,63,2D Platformer
1300490726,Everybody's Golf VR,everybodys-golf-vr,5/21/2019,E,74,Golf
1300491952,Observation,observation,5/21/2019,M,75,Adventure
1300249590,Dollhouse (2019),dollhouse-2019,5/24/2019,M,41,First-Person Adventure
1300477842,Blood & Truth,blood-and-truth,5/28/2019,M,80,Light Gun
1300499758,Cricket 19,cricket-19,5/29/2019,E,73,Cricket
1300148494,DayZ,dayz,5/30/2019,M,31,Survival
1300487033,Trover Saves the Universe,trover-saves-the-universe,5/31/2019,M,76,3D Platformer
1300486432,Warhammer: Chaosbane,warhammer-chaosbane,11/12/2020,M,67,Action RPG
1300246403,The Legend of Heroes: Trails of Cold Steel II,the-legend-of-heroes-trails-of-cold-steel-ii,6/4/2019,T,78,JRPG
1300495680,The Elder Scrolls Online: Elsweyr,the-elder-scrolls-online-elsweyr,6/4/2019,M,74,MMORPG
1300491842,Effie,effie,6/4/2019,E10+,68,3D Platformer
1300477486,Mini-Mech Mayhem,mini-mech-mayhem,6/18/2019,,67,Action
1300479387,Vacation Simulator,vacation-simulator,6/18/2019,E10+,75,Virtual Career
1300482897,Another Sight (2018),another-sight-2018,6/19/2019,E,56,Action Adventure
1300490725,Judgment,judgment,4/23/2021,M,83,Open-World Action
1300498932,F1 2019,f1-2019,6/25/2019,E,84,Auto Racing Sim
1300493542,Final Fantasy XIV: Shadowbringers,final-fantasy-xiv-shadowbringers,7/2/2019,T,91,MMORPG
1300481073,Paradox Soul,paradox-soul,7/2/2019,T,64,Open-World Action
1300501860,Tour de France 2019,tour-de-france-2019,7/2/2019,,56,Biking
1300499386,I'm Hungry,im-hungry,7/2/2019,,55,Virtual Career
1300463058,Sea of Solitude,sea-of-solitude,7/5/2019,T,69,Linear Action Adventure
1300504088,Bouncy Bullets,bouncy-bullets,7/9/2019,E,61,FPS
1300468224,They Are Billions,they-are-billions,7/9/2019,T,72,Defense
1300463466,Sairento VR,sairento-vr,7/10/2019,M,82,Light Gun
1300492130,Darksiders III: Keepers of the Void,darksiders-iii-keepers-of-the-void,7/16/2019,M,59,Open-World Action
1300491832,Submersed,submersed,7/17/2019,M,44,Survival
1300490465,Telefrag VR,telefrag-vr,7/19/2019,T,58,Light Gun
1300488489,Redeemer: Enhanced Edition,redeemer-enhanced-edition,7/19/2019,M,67,Linear Action Adventure
1300469019,Date-A-Live: Rio Reincarnation,date-a-live-rio-reincarnation,7/23/2019,M,80,Compilation
1300486987,Wolfenstein: Cyberpilot,wolfenstein-cyberpilot,7/26/2019,M,50,FPS
1300500146,Madden NFL 20,madden-nfl-20,7/30/2019,E,76,Football Sim
1300482567,The Blackout Club,the-blackout-club,7/30/2019,M,72,Survival
1300499119,Bear With Me: The Complete Collection,bear-with-me-the-complete-collection,7/31/2019,T,73,Compilation
1300485879,Age of Wonders: Planetfall,age-of-wonders-planetfall,8/6/2019,T,78,4X Strategy
1300319430,Gravity Ghost,gravity-ghost,8/6/2019,E10+,79,Action
1300486991,Metal Wolf Chaos XD,metal-wolf-chaos-xd,8/6/2019,T,63,Vehicle Combat Sim
1300501691,The Angry Birds Movie 2 VR: Under Pressure,the-angry-birds-movie-2-vr-under-pressure,8/6/2019,E,70,Action Puzzle
1300505290,No Man's Sky Beyond,no-mans-sky-beyond,8/14/2019,T,83,Open-World Action
1300477838,Erica,erica,8/19/2019,M,69,Adventure
1300505678,The Yakuza Remastered Collection,the-yakuza-remastered-collection,8/20/2019,M,83,Compilation
1300499273,Life is Strange 2: Episode 4 - Faith,life-is-strange-2-episode-4-faith,8/22/2019,M,77,Third-Person Adventure
1300498079,Black Desert,black-desert,8/22/2019,T,61,MMORPG
1300487032,Control,control,8/27/2019,M,82,Action Adventure
1300500771,MXGP 2019,mxgp-2019,8/27/2019,E,68,Auto Racing
1300489865,The Dark Pictures Anthology: Man of Medan,the-dark-pictures-anthology-man-of-medan,8/30/2019,M,69,Third-Person Adventure
1300494387,Monster Hunter: World - Iceborne,monster-hunter-world-iceborne,9/6/2019,T,89,Action RPG
1300464838,GreedFall,greedfall,6/30/2021,M,73,Action RPG
1300483681,Utawarerumono Zan,utawarerumono-zan,9/10/2019,T,59,Action RPG
1300500353,Battlewake,battlewake,9/10/2019,E10+,63,Marine Combat Sim
1300503970,NASCAR Heat 4,nascar-heat-4,9/10/2019,E,70,Auto Racing Sim
1300502056,eFootball PES 2020,efootball-pes-2020,9/10/2019,E,82,Soccer Sim
1300499816,The Walking Dead: The Telltale Definitive Series,the-walking-dead-the-telltale-definitive-series,9/10/2019,M,82,Compilation
1300502999,NHL 20,nhl-20,9/10/2019,E10+,77,Hockey Sim
1300456702,Borderlands 3,borderlands-3,11/12/2020,M,91,FPS
1300491834,Massira,massira,9/16/2019,E,60,Third-Person Adventure
1300484165,Bus Simulator 18,bus-simulator-18,9/17/2019,E,61,Vehicle Sim
1300496688,Groundhog Day: Like Father Like Son,groundhog-day-like-father-like-son,9/17/2019,M,62,First-Person Adventure
1300498310,Mutazione,mutazione,9/19/2019,T,76,Point-and-Click
1300488882,The Sojourn,the-sojourn,9/20/2019,E,71,First-Person Adventure
1300502054,Ni no Kuni: Wrath of the White Witch Remastered,ni-no-kuni-wrath-of-the-white-witch-remastered,9/20/2019,E10+,86,JRPG
1300481638,The Surge 2,the-surge-2,9/24/2019,M,75,Action RPG
1300474182,L.A. Noire: The VR Case Files,la-noire-the-vr-case-files,9/24/2019,M,81,Open-World Action
1300467014,Code Vein,code-vein,9/27/2019,M,70,Action RPG
1300498613,ReadySet Heroes,readyset-heroes,10/1/2019,E10+,57,Action RPG
1300500628,Tom Clancy's Ghost Recon: Breakpoint,tom-clancys-ghost-recon-breakpoint,10/1/2019,M,56,Open-World Action
1300501851,Destiny 2: Shadowkeep,destiny-2-shadowkeep,10/1/2019,T,73,FPS
1300484127,Carly and the Reaperman - Escape from the Underworld,carly-and-the-reaperman-escape-from-the-underworld,10/2/2019,E,75,3D Platformer
1300477837,Concrete Genie,concrete-genie,10/8/2019,E10+,75,Third-Person Adventure
1300501136,GRID,grid,10/11/2019,E,73,Auto Racing Sim
1300460107,Frostpunk,frostpunk,10/11/2019,M,87,Management
1300472197,Monkey King: Hero is Back,monkey-king-hero-is-back,10/17/2019,T,61,Action
1300504970,WWE 2K20,wwe-2k20,10/22/2019,T,43,Wrestling
1300479421,MediEvil,medievil,10/25/2019,T,67,Action Adventure
1300501531,Call of Duty: Modern Warfare,call-of-duty-modern-warfare,10/25/2019,M,80,FPS
1300485959,Yakuza 4 Remastered,yakuza-4-remastered,10/29/2019,M,78,Open-World Action
1300469729,Citadel: Forged with Fire,citadel-forged-with-fire,11/1/2019,T,72,Action RPG
1300497450,Audica,audica,11/5/2019,E,72,Rhythm
1300491176,Conception PLUS: Maidens of the Twelve Stars,conception-plus-maidens-of-the-twelve-stars,11/5/2019,M,62,JRPG
1300453759,Death Stranding,death-stranding,11/8/2019,M,82,Open-World Action
1300505457,Need for Speed Heat,need-for-speed-heat,11/8/2019,T,72,Auto Racing
1300501066,Doctor Who: The Edge Of Time,doctor-who-the-edge-of-time,11/12/2019,E,52,First-Person Adventure
1300503790,VR Ping Pong Pro,vr-ping-pong-pro,11/12/2019,E,55,Individual Sports
1300460543,Last Labyrinth,last-labyrinth,11/13/2019,M,64,Survival
1300453495,Golem,golem,11/15/2019,T,59,Action Adventure
1300487274,Tokyo Ghoul: re Call to Exist,tokyo-ghoul-re-call-to-exist,11/15/2019,M,58,Survival
1300486940,Star Wars Jedi: Fallen Order,star-wars-jedi-fallen-order,11/15/2019,T,79,Action Adventure
1300440579,Shenmue III,shenmue-iii,11/19/2019,T,67,Open-World Action
1300501998,The Curious Tale of the Stolen Pets,the-curious-tale-of-the-stolen-pets,11/19/2019,E,79,Action Puzzle
1300479465,Deemo Reborn,deemo-reborn,11/21/2019,E,75,Rhythm
1300509011,Story of a Gladiator,story-of-a-gladiator,11/26/2019,M,64,2D Beat-'Em-Up
1300499274,Life is Strange 2: Episode 5 - Wolves,life-is-strange-2-episode-5-wolves,12/3/2019,M,82,Third-Person Adventure
1300507062,Stardust Odyssey,stardust-odyssey,12/3/2019,E10+,76,Strategy
1300487243,Cuisine Royale,cuisine-royale,12/3/2019,M,73,Tactical Third Person Shooter
1300446854,Ancestors: The Humankind Odyssey,ancestors-the-humankind-odyssey,12/6/2019,T,70,Survival
1300506861,Terminator: Resistance,terminator-resistance,12/10/2019,M,47,FPS
1300507752,AVICII Invector,avicii-invector,12/10/2019,T,80,Rhythm
1300374940,Wattam,wattam,12/17/2019,E10+,72,Third-Person Adventure
1300496122,Dragon Ball Z: Kakarot,dragon-ball-z-kakarot,1/13/2023,T,76,Action RPG
1300494005,Shadow Legend VR,shadow-legend-vr,1/21/2020,M,77,Action RPG
1300501956,Kingdom Hearts III - Re Mind,kingdom-hearts-iii-re-mind,1/23/2020,E10+,66,Action RPG
1300506360,Rugby 20,rugby-20,1/23/2020,E,49,Rugby
1300478545,Pillars of Eternity II: Deadfire,pillars-of-eternity-ii-deadfire,1/28/2020,M,77,Western RPG
1300505674,Pillars of Eternity II: Deadfire - Ultimate Edition,pillars-of-eternity-ii-deadfire-ultimate-edition,1/28/2020,M,76,Western RPG
1300512157,Patapon 2 Remastered,patapon-2-remastered,1/30/2020,E,75,Action
1300511888,Dawn of Fear (2020),dawn-of-fear-2020,2/3/2020,,33,Survival
1300481585,Throw Anything,throw-anything,2/6/2020,E,53,Defense
1300510275,PandaBall,pandaball,2/6/2020,E,55,Soccer
1300485958,Yakuza 3 Remastered,yakuza-3-remastered,2/11/2020,M,77,Open-World Action
1300485960,Yakuza 5 Remastered,yakuza-5-remastered,2/11/2020,M,82,Open-World Action
1300509271,Street Fighter V: Champion Edition,street-fighter-v-champion-edition,2/14/2020,T,82,2D Fighting
1300440573,Dreams,dreams,2/14/2020,T,89,Sandbox
1300510224,Bayonetta & Vanquish,bayonetta-and-vanquish,2/18/2020,M,85,Compilation
1300068549,Vanquish,vanquish,2/18/2020,M,77,Third Person Shooter
1300285678,Hunt: Showdown,hunt-showdown,2/18/2020,M,81,Tactical FPS
1300223097,Draugen,draugen,2/21/2020,T,75,First-Person Adventure
1300481743,Space Channel 5 VR: Kinda Funky News Flash,space-channel-5-vr-kinda-funky-news-flash,2/25/2020,E10+,54,Dancing
1300503697,One Punch Man: A Hero Nobody Knows,one-punch-man-a-hero-nobody-knows,2/28/2020,T,57,2D Fighting
1300504883,Romance of the Three Kingdoms XIV,romance-of-the-three-kingdoms-xiv,2/28/2020,E10+,67,4X Strategy
1300494773,Granblue Fantasy: Versus,granblue-fantasy-versus,3/3/2020,T,78,2D Fighting
1300512882,Tom Clancy's The Division 2: Warlords of New York,tom-clancys-the-division-2-warlords-of-new-york,3/3/2020,,74,Tactical Third Person Shooter
1300483274,Separation,separation,3/4/2020,E,59,First-Person Adventure
1300473604,Pathologic 2,pathologic-2,3/6/2020,M,73,Survival
1300491534,Covert,covert,3/10/2020,T,71,Action Adventure
1300513896,Call of Duty: Warzone Caldera,call-of-duty-warzone-caldera,3/10/2020,M,79,Tactical FPS
1300507935,MLB The Show 20,mlb-the-show-20,3/13/2020,E,83,Baseball Sim
1300487035,Nioh 2,nioh-2,3/13/2020,M,85,Action RPG
1300498831,Moons of Madness,moons-of-madness,3/24/2020,M,63,Survival
1300499484,Paper Beast,paper-beast,3/24/2020,E10+,79,Sandbox
1300488900,Element Space,element-space,3/24/2020,T,48,Turn-Based Tactics
1300513713,Twin Breaker: A Sacred Symbols Adventure,twin-breaker-a-sacred-symbols-adventure,3/24/2020,E,69,Arcade
1300510431,Control: The Foundation,control-the-foundation,3/26/2020,M,78,Action Adventure
1300512484,The Room VR: A Dark Matter,the-room-vr-a-dark-matter,3/26/2020,E,75,First-Person Adventure
1300496007,Snakeybus,snakeybus,3/31/2020,E10+,67,Auto Racing
1300513828,Good Goliath,good-goliath,3/31/2020,E,67,Defense
1300514740,Call of Duty: Modern Warfare 2 Campaign Remastered,call-of-duty-modern-warfare-2-campaign-remastered,3/31/2020,M,71,FPS
1300509994,Resident Evil 3,resident-evil-3,4/3/2020,M,79,Survival
1300506472,Resident Evil: Resistance,resident-evil-resistance,4/3/2020,M,64,Survival
1300185572,Below,below,4/7/2020,T,75,Action Adventure
1300468021,FORM,form,4/7/2020,E,77,First-Person Adventure
1300440576,Final Fantasy VII Remake,final-fantasy-vii-remake,4/10/2020,T,87,Action RPG
1300515956,Fallout 76: Wastelanders,fallout-76-wastelanders,4/14/2020,,63,Western RPG
1300495679,Obey Me,obey-me,4/21/2020,T,61,3D Beat-'Em-Up
1300386947,Stranded Deep,stranded-deep,4/23/2020,T,65,Survival
1300494207,Spuds Unearthed,spuds-unearthed,4/24/2020,E10+,43,Real-Time Strategy
1300500631,Predator: Hunting Grounds,predator-hunting-grounds,10/1/2024,M,66,Tactical Third Person Shooter
1300499057,Sakura Wars,sakura-wars,4/28/2020,T,73,3D Beat-'Em-Up
1300460452,Daymare: 1998,daymare-1998,4/28/2020,M,53,Survival
1300472340,The Inner Friend,the-inner-friend,4/28/2020,T,68,Action Adventure
1300515401,World War Z Game of the Year Edition,world-war-z-game-of-the-year-edition,5/5/2020,M,68,Tactical Third Person Shooter
1300488538,The Walking Dead: Saints & Sinners,the-walking-dead-saints-and-sinners,5/5/2020,M,79,Survival
1300510589,Pixel Ripped 1995,pixel-ripped-1995,10/3/2023,,88,Party
1300517187,Mafia II: Definitive Edition,mafia-ii-definitive-edition,5/19/2020,M,56,Open-World Action
1300501952,Concept Destruction,concept-destruction,5/19/2020,E,59,Vehicle Combat Sim
1300469062,GORN,gorn,5/19/2020,M,68,3D Beat-'Em-Up
1300514958,Saints Row: The Third Remastered,saints-row-the-third-remastered,5/22/2020,M,74,Open-World Action
1300478671,Utawarerumono: Prelude to the Fallen,utawarerumono-prelude-to-the-fallen,5/26/2020,M,76,Turn-Based Tactics
1300480985,Those Who Remain,those-who-remain,5/28/2020,M,49,First-Person Adventure
1300515435,Tour de France 2020,tour-de-france-2020,6/4/2020,E,61,Biking
1300511724,The Elder Scrolls Online: Greymoor,the-elder-scrolls-online-greymoor,6/9/2020,M,73,MMORPG
1300118139,Ys: Memories of Celceta,ys-memories-of-celceta,6/9/2020,T,75,Action RPG
1300504191,Disintegration,disintegration,6/16/2020,T,60,FPS
1300462907,The Last of Us Part II,the-last-of-us-part-ii,6/19/2020,M,93,Survival
1300512929,Hunting Simulator 2,hunting-simulator-2,6/30/2020,T,54,Hunting
1300498456,Marvel's Iron Man VR,marvels-iron-man-vr,7/3/2020,T,73,Aircraft Combat Sim
1300510578,F1 2020,f1-2020,7/6/2020,,86,Auto Racing Sim
1300516456,NASCAR Heat 5,nascar-heat-5,7/7/2020,E,63,Auto Racing Sim
1300455334,Budget Cuts,budget-cuts,7/10/2020,T,78,FPS
1300500889,Rocket Arena,rocket-arena,7/14/2020,T,68,FPS
1300479285,SUPERHOT: MIND CONTROL DELETE,superhot-mind-control-delete,7/16/2020,T,77,Tactical FPS
1300477836,Ghost of Tsushima,ghost-of-tsushima,7/17/2020,M,83,Open-World Action
1300492001,Creaks,creaks,7/22/2020,T,83,Adventure
1300468033,WWI Tannenberg: Eastern Front,wwi-tannenberg-eastern-front,7/24/2020,M,61,Tactical FPS
1300492709,Maid of Sker,maid-of-sker,5/26/2021,M,58,Survival
1300490478,Othercide,othercide,7/28/2020,M,77,Turn-Based Tactics
1300494269,Skater XL,skater-xl,7/28/2020,E,57,Skating
1300517034,Nioh 2: The Tengu's Disciple,nioh-2-the-tengus-disciple,7/30/2020,M,77,Action RPG
1300502005,Pistol Whip,pistol-whip,2/22/2023,T,90,Light Gun
1300452847,Mobile Suit Gundam: Extreme VS. MaxiBoost ON,mobile-suit-gundam-extreme-vs-maxiboost-on,7/30/2020,T,78,3D Fighting
1300490963,Relicta,relicta,8/3/2020,,71,Action Puzzle
1300501987,Fall Guys,fall-guys,8/4/2020,E,81,Party
1300509212,West of Dead,west-of-dead,8/6/2020,T,63,Top-Down Shoot-'Em-Up
1300519236,Railway Empire: Complete Collection,railway-empire-complete-collection,8/7/2020,E,82,Tycoon
1300510425,Fast & Furious Crossroads,fast-and-furious-crossroads,8/7/2020,T,35,Auto Racing
1300519522,Hyper Scape,hyper-scape,8/11/2020,,62,Tactical FPS
1300521428,The Alto Collection,the-alto-collection,8/13/2020,E,76,Compilation
1300520250,EA SPORTS UFC 4,ea-sports-ufc-4,8/14/2020,T,78,Combat Sport
1300518070,Pathfinder: Kingmaker - Definitive Edition,pathfinder-kingmaker-definitive-edition,8/18/2020,T,74,Western RPG
1300514815,Mortal Shell,mortal-shell,3/4/2021,M,74,Action RPG
1300504983,Kandagawa Jet Girls,kandagawa-jet-girls,8/18/2020,T,60,Arcade Racing
1300516545,Madden NFL 21,madden-nfl-21,8/25/2020,E,63,Football Sim
1300516372,Vader Immortal: A Star Wars VR Series,vader-immortal-a-star-wars-vr-series,8/25/2020,T,69,Compilation
1300518071,Project CARS 3,project-cars-3,8/25/2020,,70,Auto Racing Sim
1300468114,Outbreak: The New Nightmare,outbreak-the-new-nightmare,8/27/2020,M,26,Survival
1300521448,Control: AWE,control-awe,8/27/2020,M,76,Action Adventure
1300502931,Shing!,shing,8/27/2020,T,66,2D Beat-'Em-Up
1300460825,Wasteland 3,wasteland-3,8/28/2020,M,79,Western RPG
1300464391,Marvel's Avengers,marvels-avengers,3/18/2021,T,73,Action
1300482780,Necromunda: Underhive Wars,necromunda-underhive-wars,9/8/2020,M,59,Turn-Based Tactics
1300510023,The Suicide of Rachel Foster,the-suicide-of-rachel-foster,9/9/2020,M,58,First-Person Adventure
1300500135,Tamarin,tamarin,9/10/2020,E10+,40,3D Platformer
1300520549,eFootball PES 2021,efootball-pes-2021,9/15/2020,E,73,Soccer Sim
1300468558,Dog Duty,dog-duty,9/17/2020,T,48,Real-Time Tactics
1300502061,Praetorians HD Remaster,praetorians-hd-remaster,9/18/2020,,55,Real-Time Strategy
1300145966,Ginga Force,ginga-force,9/24/2020,,75,Vertical Shoot-'Em-Up
1300517212,Mafia: Definitive Edition,mafia-definitive-edition,9/25/2020,M,76,Open-World Action
1300505581,Port Royale 4,port-royale-4,9/25/2020,E10+,67,Management
1300504977,Genshin Impact,genshin-impact,4/28/2021,T,86,Action RPG
1300501995,Until You Fall,until-you-fall,9/29/2020,T,85,3D Beat-'Em-Up
1300500781,The Walking Dead Onslaught,the-walking-dead-onslaught,9/29/2020,M,61,Survival
1300520751,Costume Kingdom,costume-kingdom,10/1/2020,,51,Trainer RPG
1300516965,RIDE 4,ride-4,1/21/2021,E,71,Auto Racing Sim
1300499595,Remothered: Broken Porcelain,remothered-broken-porcelain,10/13/2020,M,44,Survival
1300520830,NHL 21,nhl-21,10/13/2020,E10+,72,Hockey Sim
1300491258,Onee Chanbara ORIGIN,onee-chanbara-origin,10/14/2020,M,69,Linear Action Adventure
1300524220,Nioh 2: Darkness in the Capital,nioh-2-darkness-in-the-capital,10/15/2020,,79,Action RPG
1300513839,Amnesia: Rebirth,amnesia-rebirth,10/20/2020,M,75,Survival
1300513680,Monster Truck Championship,monster-truck-championship,3/16/2021,E,70,Vehicle Sim
1300518882,A Tale of Paper,a-tale-of-paper,10/21/2020,E,60,2D Platformer
1300460561,The Wild Eight,the-wild-eight,10/27/2020,,63,Survival
1300501753,Watch Dogs: Legion,watch-dogs-legion,10/29/2020,M,70,Open-World Action
1300506358,The Dark Pictures Anthology: Little Hope,the-dark-pictures-anthology-little-hope,10/30/2020,M,71,Third-Person Adventure
1300491481,Visage,visage,10/31/2020,M,80,Survival
1300516543,DiRT 5,dirt-5,11/12/2020,E,80,Auto Racing Sim
1300499817,XIII (Remake),xiii-remake,11/10/2020,M,41,FPS
1300441665,Planet Coaster,planet-coaster,11/10/2020,E,79,Tycoon
1300512316,Liftoff: Drone Racing,liftoff-drone-racing,11/10/2020,,55,Arcade Racing
1300516185,Assassin's Creed Valhalla,assassins-creed-valhalla,11/12/2020,M,84,Open-World Action
1300518372,Destiny 2: Beyond Light,destiny-2-beyond-light,12/8/2020,,77,FPS
1300506058,Yakuza: Like a Dragon,yakuza-like-a-dragon,3/2/2021,M,86,JRPG
1300518507,Demon's Souls,demons-souls,11/11/2020,M,92,Action RPG
1300510411,Godfall,godfall,11/12/2020,T,61,Action RPG
1300523818,Devil May Cry 5: Special Edition,devil-may-cry-5-special-edition,11/12/2020,M,89,Action Adventure
1300518491,Marvel's Spider-Man: Miles Morales,marvels-spider-man-miles-morales,11/12/2020,T,85,Open-World Action
1300518503,Astro's Playroom,astros-playroom,11/12/2020,E10+,83,3D Platformer
1300518497,Sackboy: A Big Adventure,sackboy-a-big-adventure,11/12/2020,E,83,3D Platformer
1300517363,Observer: System Redux,observer-system-redux,11/12/2020,M,77,First-Person Adventure
1300522193,Call of Duty: Black Ops Cold War,call-of-duty-black-ops-cold-war,11/13/2020,M,76,Tactical FPS
1300522194,Let's Sing 2021,lets-sing-2021,11/13/2020,,68,Rhythm
1300525019,Mortal Kombat 11 Ultimate,mortal-kombat-11-ultimate,11/17/2020,M,88,2D Fighting
1300507635,Tesla Force,tesla-force,11/24/2020,T,67,Top-Down Shoot-'Em-Up
1300526031,Spirit of the North: Enhanced Edition,spirit-of-the-north-enhanced-edition,11/26/2020,E,64,Third-Person Adventure
1300486859,Twin Mirror,twin-mirror,12/1/2020,M,60,Action Adventure
1300518659,Morbid: The Seven Acolytes,morbid-the-seven-acolytes,12/3/2020,M,61,Action RPG
1300468607,Unto The End,unto-the-end,12/9/2020,,76,Action Adventure
1300144696,Cyberpunk 2077,cyberpunk-2077,2/15/2022,M,75,Action RPG
1300523829,MXGP 2020 - The Official Motocross Videogame,mxgp-2020-the-official-motocross-videogame,1/14/2021,E,70,Auto Racing
1300527022,Nioh 2: The First Samurai,nioh-2-the-first-samurai,12/17/2020,,71,Action RPG
1300522597,Override 2: Super Mech League,override-2-super-mech-league,12/22/2020,T,52,3D Fighting
1300530125,Windfolk: Sky is just the beginning,windfolk-sky-is-just-the-beginning,1/13/2021,T,51,Third Person Shooter
1300530874,Immortals Fenyx Rising: A New God,immortals-fenyx-rising-a-new-god,1/28/2021,,71,Open-World Action
1300493304,Disjunction,disjunction,1/28/2021,M,70,Western RPG
1300491109,Silver Chains,silver-chains,1/29/2021,M,51,Survival
1300518498,Destruction AllStars,destruction-allstars,2/2/2021,T,62,Vehicle Combat Sim
1300493766,Werewolf: The Apocalypse - Earthblood,werewolf-the-apocalypse-earthblood,2/4/2021,M,42,Action RPG
1300527025,Nioh 2 Remastered: The Complete Edition,nioh-2-remastered-the-complete-edition,2/5/2021,M,83,Action RPG
1300527023,The Nioh Collection,the-nioh-collection,2/5/2021,M,87,Compilation
1300464408,We Were Here,we-were-here,2/9/2021,,63,First-Person Adventure
1300292017,Natsuki Chronicles,natsuki-chronicles,2/18/2021,,80,Horizontal Shoot-'Em-Up
1300490893,We Were Here Together,we-were-here-together,2/23/2021,,62,Third-Person Adventure
1300520782,Yupitergrad,yupitergrad,2/25/2021,E10+,75,3D Platformer
1300513556,Maquette,maquette,3/2/2021,E10+,70,First-Person Adventure
1300509744,Neptunia Virtual Stars,neptunia-virtual-stars,3/2/2021,T,56,JRPG
1300527605,Monster Energy Supercross - The Official Videogame 4,monster-energy-supercross-the-official-videogame-4,3/8/2021,E,66,Auto Racing
1300533268,The Outer Worlds: Murder on Eridanos,the-outer-worlds-murder-on-eridanos,3/17/2021,,64,Western RPG
1300533555,DOOM Eternal: The Ancient Gods Part Two,doom-eternal-the-ancient-gods-part-two,3/18/2021,M,78,FPS
1300494784,Paradise Lost,paradise-lost,3/24/2021,M,66,First-Person Adventure
1300523346,Black Legend,black-legend,3/25/2021,M,58,Turn-Based Tactics
1300526025,Evil Inside,evil-inside,3/25/2021,M,43,First-Person Adventure
1300505562,Spacebase Startopia,spacebase-startopia,3/26/2021,E10+,68,Command RTS
1300532768,DOOM 3: VR Edition,doom-3-vr-edition,3/29/2021,M,67,FPS
1300501645,Outriders,outriders,4/1/2021,M,73,Third Person Shooter
1300519222,Maskmaker,maskmaker,4/20/2021,E10+,63,First-Person Adventure
1300532335,World Splitter,world-splitter,4/21/2021,E,76,2D Platformer
1300514671,NieR Replicant ver.1.22474487139...,nier-replicant-ver122474487139,4/22/2021,M,83,Action RPG
1300532563,Star Wars Pinball VR,star-wars-pinball-vr,4/29/2021,,81,Pinball
1300508621,Layers of Fear VR,layers-of-fear-vr,4/29/2021,,63,Survival
1300528938,Terminator: Resistance Enhanced,terminator-resistance-enhanced,4/30/2021,M,62,FPS
1300518496,Returnal,returnal,4/30/2021,T,86,Third Person Shooter
1300506663,Dark Nights with Poe and Munro,dark-nights-with-poe-and-munro,5/4/2021,M,70,Adventure
1300518508,Resident Evil Village,resident-evil-village,5/7/2021,M,81,Survival
1300521449,Hood: Outlaws & Legends,hood-outlaws-and-legends,5/7/2021,M,68,Action Adventure
1300516540,Call of the Sea,call-of-the-sea,5/11/2021,T,73,First-Person Adventure
1300507763,Retro Machina,retro-machina,5/12/2021,,72,Action Adventure
1300526717,Mass Effect Legendary Edition,mass-effect-legendary-edition,5/14/2021,M,87,Compilation
1300527290,void tRrLM(); ++ ver,void-trrlm-plus-plus-ver,5/18/2021,T,76,Roguelike
1300223677,Rust,rust,5/21/2021,M,66,Survival
1300508497,Song of Horror,song-of-horror,5/28/2021,M,68,Survival
1300533620,Necromunda: Hired Gun,necromunda-hired-gun,6/1/2021,M,49,FPS
1300518698,Operation: Tango,operation-tango,6/1/2021,E10+,72,Linear Action Adventure
1300537235,Virtua Fighter 5 Ultimate Showdown,virtua-fighter-5-ultimate-showdown,6/1/2021,T,77,3D Fighting
1300534266,Tour de France 2021,tour-de-france-2021,6/3/2021,E,59,Racing Sim
1300519095,Sniper Ghost Warrior Contracts 2,sniper-ghost-warrior-contracts-2,8/24/2021,M,81,Tactical FPS
1300502006,Chivalry 2,chivalry-2,6/8/2021,M,66,3D Beat-'Em-Up
1300506698,Guilty Gear -Strive-,guilty-gear-strive-,6/8/2021,T,87,2D Fighting
1300522154,Neptunia ReVerse,neptunia-reverse,6/8/2021,T,67,JRPG
1300532573,Final Fantasy VII Remake Intergrade: Episode INTERmission,final-fantasy-vii-remake-intergrade-episode,6/10/2021,T,81,Action RPG
1300532575,Final Fantasy VII Remake Intergrade,final-fantasy-vii-remake-intergrade,6/10/2021,T,89,Action RPG
1300518493,Ratchet & Clank: Rift Apart,ratchet-and-clank-rift-apart,6/11/2021,E10+,88,3D Platformer
1300531911,Metro Exodus: Enhanced Edition,metro-exodus-enhanced-edition,6/18/2021,M,83,FPS
1300516547,Scarlet Nexus,scarlet-nexus,6/25/2021,T,80,Action RPG
1300517167,Curved Space,curved-space,6/29/2021,E10+,59,Top-Down Shoot-'Em-Up
1300501567,Sniper Elite VR,sniper-elite-vr,7/8/2021,,76,Light Gun
1300535162,F1 2021,f1-2021,7/15/2021,E,84,Auto Racing Sim
1300528919,Where the Heart Leads,where-the-heart-leads,7/13/2021,T,68,Adventure
1300503242,Little Witch Academia: VR Broom Racing,little-witch-academia-vr-broom-racing,7/15/2021,E,62,Arcade Racing
1300508346,Fallen Knight,fallen-knight,7/20/2021,E10+,48,2D Platformer
1300505574,Orcs Must Die! 3,orcs-must-die-3,7/23/2021,T,77,Defense
1300531151,Winds & Leaves,winds-and-leaves,7/27/2021,E,66,First-Person Adventure
1300516962,Blightbound,blightbound,7/27/2021,T,61,Action RPG
1300487781,Synth Riders,synth-riders,7/27/2021,T,89,Exercise
1300518489,Foreclosed,foreclosed,8/12/2021,M,64,Action Adventure
1300538254,Assassin's Creed Valhalla: The Siege of Paris,assassins-creed-valhalla-the-siege-of-paris,8/12/2021,M,72,Open-World Action
1300498083,Recompile,recompile,8/19/2021,T,56,Open-World Action
1300532766,Fracked,fracked,8/20/2021,T,71,Light Gun
1300532655,Aliens: Fireteam Elite,aliens-fireteam-elite,8/24/2021,M,67,Tactical Third Person Shooter
1300530847,I Expect You To Die 2: The Spy And The Liar,i-expect-you-to-die-2-the-spy-and-the-liar,8/24/2021,E10+,80,First-Person Adventure
1300453435,Psychonauts 2,psychonauts-2,8/25/2021,T,87,3D Platformer
1300518761,Traffic Jams,traffic-jams,8/26/2021,,72,Dancing
1300517429,Clid the Snail,clid-the-snail,8/31/2021,M,59,Top-Down Shoot-'Em-Up
1300521750,Bus Simulator 21,bus-simulator-21,9/7/2021,E,60,Vehicle Sim
1300531063,Hindsight 20/20: Wrath of the Raakshasa,hindsight-20-20-wrath-of-the-raakshasa,9/9/2021,M,67,Action RPG
1300501978,Tales of Arise,tales-of-arise,9/10/2021,T,82,Action RPG
1300501986,Deathloop,deathloop,9/14/2021,M,88,FPS
1300536274,Lost Judgment,lost-judgment,9/21/2021,M,83,Open-World Action
1300518499,Kena: Bridge of Spirits,kena-bridge-of-spirits,9/21/2021,T,81,Action Adventure
1300462952,MechWarrior 5: Mercenaries,mechwarrior-5-mercenaries,9/23/2021,T,71,Vehicle Combat Sim
1300538099,Death Stranding: Director's Cut,death-stranding-directors-cut,9/24/2021,M,85,Open-World Action
1300539635,FIFA 22,fifa-22,9/27/2021,E,78,Soccer Sim
1300497177,Chernobylite,chernobylite,4/21/2022,M,78,Survival
1300540084,Agatha Christie - Hercule Poirot: The First Cases,agatha-christie-hercule-poirot-the-first-cases,9/28/2021,E10+,75,Adventure
1300504461,In Sound Mind,in-sound-mind,9/28/2021,T,70,Survival
1300501960,Lemnis Gate,lemnis-gate,9/28/2021,T,78,FPS
1300181734,Insurgency: Sandstorm,insurgency-sandstorm,9/29/2021,M,78,Tactical FPS
1300505517,The Eternal Cylinder,the-eternal-cylinder,9/30/2021,T,80,Open-World Action
1300544233,Life is Strange: True Colors - Wavelengths,life-is-strange-true-colors-wavelengths,9/30/2021,,79,Third-Person Adventure
1300506049,Xuan-Yuan Sword 7,xuan-yuan-sword-7,9/30/2021,T,71,Action RPG
1300480835,Phoenix Point,phoenix-point,10/1/2021,T,64,Turn-Based Tactics
1300539692,Phoenix Point: Behemoth Edition,phoenix-point-behemoth-edition,10/1/2021,T,72,Turn-Based Tactics
1300493914,Hell Let Loose,hell-let-loose,10/5/2021,M,68,Tactical FPS
1300516194,BPM: Bullets Per Minute,bpm-bullets-per-minute,10/5/2021,T,80,FPS
1300518501,JETT: The Far Shore,jett-the-far-shore,10/5/2021,E,68,Open-World Action
1300541815,NHL 22,nhl-22,10/12/2021,E10+,71,Hockey Sim
1300526322,The Dark Pictures Anthology: House of Ashes,the-dark-pictures-anthology-house-of-ashes,10/22/2021,M,72,Survival
1300541374,NASCAR 21: Ignition,nascar-21-ignition,10/26/2021,E,53,Auto Racing Sim
1300523397,Riders Republic,riders-republic,10/28/2021,T,77,Individual Sports
1300487821,Tails Noir,tails-noir,10/28/2021,M,63,Adventure
1300543134,Bloodshore,bloodshore,11/3/2021,M,56,Adventure
1300541570,Call of Duty: Vanguard,call-of-duty-vanguard,11/4/2021,M,73,Tactical FPS
1300538100,Jurassic World Evolution 2,jurassic-world-evolution-2,11/9/2021,T,78,Tycoon
1300541836,The Elder Scrolls V: Skyrim Anniversary Edition,the-elder-scrolls-v-skyrim-anniversary-edition,11/11/2021,M,73,Western RPG
1300538028,Battlefield 2042,battlefield-2042,11/12/2021,M,63,Tactical FPS
1300517439,Sherlock Holmes: Chapter One,sherlock-holmes-chapter-one,11/16/2021,M,69,First-Person Adventure
1300501372,The Wild At Heart,the-wild-at-heart,11/16/2021,E10+,75,Adventure
1300490402,Windlands 2,windlands-2,11/26/2021,E,66,Action Adventure
1300539548,Arcadegeddon,arcadegeddon,11/30/2021,T,73,Third Person Shooter
1300501566,Evil Genius 2: World Domination,evil-genius-2-world-domination,11/30/2021,T,78,Real-Time Strategy
1300544582,MXGP 2021 - The Official Motocross Videogame,mxgp-2021-the-official-motocross-videogame,11/30/2021,E,73,Auto Racing
1300501996,After the Fall,after-the-fall,2/22/2023,M,78,FPS
1300538329,Rune Factory 4 Special,rune-factory-4-special,12/7/2021,T,74,Action RPG
1300531402,Final Fantasy XIV: Endwalker,final-fantasy-xiv-endwalker,12/7/2021,T,90,MMORPG
1300505417,Heavenly Bodies,heavenly-bodies,12/7/2021,E,75,Virtual Career
1300522645,White Shadows,white-shadows,12/7/2021,T,65,2D Platformer
1300484610,Serious Sam 4,serious-sam-4,12/7/2021,M,65,FPS
1300550256,Terminator: Resistance - Annihilation Line,terminator-resistance-annihilation-line,12/10/2021,M,65,FPS
1300519714,Kingdoms of Amalur: Re-Reckoning - Fatesworn,kingdoms-of-amalur-re-reckoning-fatesworn,12/14/2021,M,72,Action RPG
1300463266,Deep Rock Galactic,deep-rock-galactic,1/4/2022,T,85,FPS
1300514315,Shadow Man: Remastered,shadow-man-remastered,1/13/2022,M,72,Survival
1300535182,Wanderer,wanderer,1/27/2022,T,72,First-Person Adventure
1300542940,Uncharted: Legacy of Thieves Collection,uncharted-legacy-of-thieves-collection,1/28/2022,T,87,Compilation
1300486966,Dying Light 2 Stay Human,dying-light-2-stay-human,2/4/2022,M,76,Survival
1300450815,Edge Of Eternity,edge-of-eternity,2/10/2022,T,60,JRPG
1300494196,The King of Fighters XV,the-king-of-fighters-xv,2/17/2022,T,80,2D Fighting
1300518510,Horizon Forbidden West,horizon-forbidden-west,2/18/2022,T,83,Open-World Action
1300518371,Destiny 2: The Witch Queen,destiny-2-the-witch-queen,2/22/2022,T,87,FPS
1300522634,Sam & Max: This Time It's Virtual!,sam-and-max-this-time-its-virtual,2/23/2022,E10+,52,Adventure
1300540287,GRID Legends,grid-legends,2/25/2022,E10+,76,Auto Racing Sim
1300519606,Shadow Warrior 3,shadow-warrior-3,3/1/2022,M,63,FPS
1300541428,What Lies in the Multiverse,what-lies-in-the-multiverse,3/4/2022,M,82,2D Platformer
1300518492,Gran Turismo 7,gran-turismo-7,3/4/2022,E,82,Auto Racing Sim
1300534922,WWE 2K22,wwe-2k22,3/8/2022,T,76,Wrestling
1300528243,Submerged: Hidden Depths,submerged-hidden-depths,3/10/2022,E,72,Third-Person Adventure
1300538310,Stranger of Paradise: Final Fantasy Origin,stranger-of-paradise-final-fantasy-origin,3/15/2022,M,72,Action RPG
1300549349,Monster Energy Supercross - The Official Videogame 5,monster-energy-supercross-the-official-videogame-5,3/17/2022,E,74,Auto Racing Sim
1300550614,Who Pressed Mute on Uncle Marcus?,who-pressed-mute-on-uncle-marcus,3/18/2022,M,72,Adventure
1300501984,GhostWire: Tokyo,ghostwire-tokyo,3/22/2022,T,75,Action Adventure
1300489787,A Memoir Blue,a-memoir-blue,3/24/2022,E,66,Adventure
1300537145,Relayer,relayer,3/24/2022,T,77,Turn-Based Tactics
1300538097,Tiny Tina's Wonderlands,tiny-tinas-wonderlands,3/25/2022,T,76,FPS
1300507931,Crusader Kings III,crusader-kings-iii,3/29/2022,T,85,Real-Time Strategy
1300506827,Agent Intercept,agent-intercept,3/30/2022,E10+,76,Auto Racing
1300539547,Moss: Book II,moss-book-ii,2/22/2023,E10+,90,Action Adventure
1300510417,Weird West,weird-west,3/31/2022,M,73,Action RPG
1300491835,TAPE: Unveil the Memories,tape-unveil-the-memories,4/14/2022,M,68,First-Person Adventure
1300507650,Winter Ember,winter-ember,4/19/2022,T,56,Open-World Action
1300563742,Lumote: The Mastermote Chronicles,lumote-the-mastermote-chronicles,4/21/2022,E,64,3D Platformer
1300565598,Farm Manager 2022,farm-manager-2022,4/23/2022,E,61,Virtual Career
1300538106,Vampire: The Masquerade - Bloodhunt,vampire-the-masquerade-bloodhunt,4/27/2022,M,77,Tactical Third Person Shooter
1300570634,This War of Mine: Final Cut,this-war-of-mine-final-cut,5/10/2022,M,82,Survival
1300519758,Vampire: The Masquerade - Swansong,vampire-the-masquerade-swansong,5/19/2022,M,64,Western RPG
1300553418,Sniper Elite 5,sniper-elite-5,5/26/2022,M,77,Tactical FPS
1300570102,Super Perils of Baking,super-perils-of-baking,6/3/2022,E,76,2D Platformer
1300533262,Zorro: The Chronicles,zorro-the-chronicles,6/16/2022,E10+,49,Action Adventure
1300543816,Shadowrun Trilogy,shadowrun-trilogy,6/21/2022,M,76,Compilation
1300566814,Escape Academy,escape-academy,6/28/2022,T,79,First-Person Adventure
1300563849,Disgaea 6 Complete,disgaea-6-complete,6/28/2022,T,68,Turn-Based Tactics
1300569324,F1 22,f1-22,6/28/2022,E,79,Auto Racing Sim
1300569325,Outriders Worldslayer,outriders-worldslayer,6/30/2022,M,72,Third Person Shooter
1300559848,Matchpoint: Tennis Championships,matchpoint-tennis-championships,7/7/2022,E,58,Tennis
1300530602,Sword and Fairy: Together Forever,sword-and-fairy-together-forever,8/4/2022,T,73,Action RPG
1300571789,Rollerdrome,rollerdrome,8/16/2022,M,79,Third Person Shooter
1300571716,Madden NFL 23,madden-nfl-23,8/16/2022,E,69,Football Sim
1300569316,Way of the Hunter,way-of-the-hunter,8/16/2022,T,66,Hunting
1300522720,Midnight Fight Express,midnight-fight-express,8/23/2022,M,75,3D Beat-'Em-Up
1300542087,Saints Row,saints-row,8/23/2022,M,61,Open-World Action
1300564749,Soul Hackers 2,soul-hackers-2,8/26/2022,M,71,JRPG
1300543473,Destroy All Humans! 2 - Reprobed,destroy-all-humans-2-reprobed,8/30/2022,T,67,Action Adventure
1300572186,The Last of Us Part I,the-last-of-us-part-i,9/2/2022,M,89,Linear Action Adventure
1300572009,The Tomorrow Children: Phoenix Edition,the-tomorrow-children-phoenix-edition,9/6/2022,,62,Sandbox
1300522864,Justice Sucks,justice-sucks,9/8/2022,T,79,Action
1300519760,Steelrising,steelrising,9/8/2022,M,72,Action RPG
1300572403,SBK 22,sbk-22,9/15/2022,E,68,Auto Racing Sim
1300518461,Metal: Hellsinger,metal-hellsinger,9/15/2022,T,78,FPS
1300538301,Soulstice,soulstice,9/20/2022,M,72,Action RPG
1300513169,Hardspace: Shipbreaker,hardspace-shipbreaker,9/20/2022,T,79,Virtual Career
1300518669,Serial Cleaners,serial-cleaners,9/22/2022,M,80,Action Adventure
1300573600,FIFA 23,fifa-23,9/27/2022,E,76,Soccer Sim
1300566320,Valkyrie Elysium,valkyrie-elysium,9/29/2022,T,65,Action RPG
1300553482,Dakar Desert Rally,dakar-desert-rally,10/4/2022,E,69,Auto Racing Sim
1300508698,Overwatch 2,overwatch-2,10/4/2022,,76,Tactical FPS
1300576979,PGA Tour 2K23,pga-tour-2k23,10/11/2022,E,76,Golf Sim
1300538458,Unusual Findings,unusual-findings,10/12/2022,,64,Point-and-Click
1300538109,The Last Oricru,the-last-oricru,10/13/2022,M,57,Action RPG
1300481548,Them's Fightin' Herds,thems-fightin-herds,10/18/2022,E10+,83,2D Fighting
1300530839,Batora: Lost Haven,batora-lost-haven,10/20/2022,T,72,Action RPG
1300569352,New Tales from the Borderlands,new-tales-from-the-borderlands,10/21/2022,M,57,Adventure
1300522308,Gotham Knights,gotham-knights,10/21/2022,T,67,Open-World Action
1300514451,Saturnalia,saturnalia,10/27/2022,M,72,Survival
1300545597,Star Ocean: The Divine Force,star-ocean-the-divine-force,10/27/2022,T,70,Action RPG
1300569953,Call of Duty: Modern Warfare II,call-of-duty-modern-warfare-ii,10/28/2022,M,75,Tactical FPS
1300520882,Broken Pieces,broken-pieces,10/31/2022,T,62,Survival
1300538110,The Chant,the-chant,11/3/2022,M,68,Survival
1300523820,God of War: Ragnarok,god-of-war-ragnarok,11/9/2022,M,94,Action Adventure
1300578554,Call of Duty: Warzone,call-of-duty-warzone,11/14/2022,M,79,Tactical FPS
1300505570,Syberia: The World Before,syberia-the-world-before,11/15/2022,T,78,Point-and-Click
1300572222,Goat Simulator 3,goat-simulator-3,11/17/2022,T,68,Open-World Action
1300520718,Saint Kotar,saint-kotar,11/22/2022,M,49,Point-and-Click
1300528630,Evil West,evil-west,11/22/2022,M,73,Third Person Shooter
1300540359,Rolling Gunner + Over Power,rolling-gunner-plus-over-power,11/29/2022,,89,Horizontal Shoot-'Em-Up
1300579819,Need for Speed Unbound,need-for-speed-unbound,11/29/2022,T,77,Auto Racing
1300486974,Sable,sable,11/29/2022,,75,Open-World Action
1300542088,Marvel's Midnight Suns,marvels-midnight-suns,12/2/2022,T,81,Turn-Based Tactics
1300528620,The Callisto Protocol,the-callisto-protocol,12/2/2022,M,69,Survival
1300538203,Blacktail,blacktail,12/15/2022,T,79,FPS
1300504466,Children of Silentown,children-of-silentown,1/11/2023,E,78,Point-and-Click
1300567667,One Piece Odyssey,one-piece-odyssey,1/13/2023,T,73,JRPG
1300518494,Forspoken,forspoken,1/24/2023,M,64,Action RPG
1300540299,Dead Space,dead-space,1/27/2023,M,89,Survival
1300528624,SEASON: A letter to the future,season-a-letter-to-the-future,1/31/2023,E,76,Third-Person Adventure
1300567609,Deliver Us Mars,deliver-us-mars,2/2/2023,T,68,Adventure
1300544236,Wanted: Dead,wanted-dead,2/14/2023,M,57,Action Adventure
1300579216,Wild Hearts,wild-hearts,2/17/2023,T,79,Action RPG
1300196032,Like a Dragon: Ishin!,like-a-dragon-ishin,2/21/2023,M,81,Open-World Action
1300587480,Zombieland: Headshot Fever Reloaded,zombieland-headshot-fever-reloaded,2/22/2023,M,75,Light Gun
1300563910,Tentacular,tentacular,2/22/2023,E10+,76,Action Puzzle
1300481453,Townsmen VR,townsmen-vr,2/22/2023,E10+,76,Management
1300581423,The Light Brigade,the-light-brigade,2/22/2023,T,79,Light Gun
1300539679,Kayak VR: Mirage,kayak-vr-mirage,2/22/2023,E,73,Individual Sports
1300572262,Unplugged: Air Guitar,unplugged-air-guitar,2/22/2023,,77,Rhythm
1300581419,Cities VR: Enhanced Edition,cities-vr-enhanced-edition,2/22/2023,E,73,Management
1300540055,DYSCHRONIA: Chronos Alternate Episode I,dyschronia-chronos-alternate-episode-i,2/22/2023,T,57,Adventure
1300524968,Ragnarock,ragnarock,2/22/2023,M,79,Rhythm
1300586937,Song in the Smoke: Rekindled,song-in-the-smoke-rekindled,2/22/2023,T,73,Survival
1300501376,Garden of the Sea,garden-of-the-sea,2/22/2023,E,67,Sandbox
1300584551,Fantavision 202X,fantavision-202x,2/22/2023,E,64,Matching Puzzle
1300542597,Cosmonious High,cosmonious-high,2/22/2023,E10+,77,First-Person Adventure
1300575926,Altair Breaker,altair-breaker,2/22/2023,T,41,FPS
1300572188,What The Bat?,what-the-bat,2/22/2023,E,74,Action
1300564969,Drums Rock,drums-rock,2/22/2023,E,73,Rhythm
1300578381,Star Wars: Tales from the Galaxy's Edge - Enhanced Edition,star-wars-tales-from-the-galaxys-edge-enhanced,2/22/2023,T,73,Action Adventure
1300556122,Horizon Call of the Mountain,horizon-call-of-the-mountain,2/22/2023,T,79,Action Adventure
1300547050,CATAN: Console Edition,catan-console-edition,2/23/2023,E,65,Board
1300500800,Blood Bowl III,blood-bowl-iii,2/23/2023,T,56,Football
1300538113,Scars Above,scars-above,2/28/2023,T,64,Action Adventure
1300572386,Wo Long: Fallen Dynasty,wo-long-fallen-dynasty,3/3/2023,M,80,Action RPG
1300580523,The Outer Worlds: Spacer's Choice Edition,the-outer-worlds-spacers-choice-edition,3/7/2023,M,72,Western RPG
1300500016,Transport Fever 2,transport-fever-2,3/9/2023,E10+,80,Tycoon
1300512707,Before Your Eyes,before-your-eyes,3/10/2023,E,79,First-Person Adventure
1300588260,Hot Wheels: Rift Rally,hot-wheels-rift-rally,3/14/2023,E,78,Auto Racing
1300580696,Anno 1800 Console Edition,anno-1800-console-edition,3/16/2023,T,83,Management
1300515744,POST VOID,post-void,3/16/2023,M,83,FPS
1300507695,POSTAL 4: No Regerts,postal-4-no-regerts,3/21/2023,M,15,Open-World Action
1300513525,Deceive Inc.,deceive-inc,3/21/2023,T,74,Tactical FPS
1300569243,The Walking Dead: Saints & Sinners - Chapter 2: Retribution,the-walking-dead-saints-and-sinners-chapter-2,3/21/2023,M,72,Survival
1300587389,Road 96: Mile 0,road-96-mile-0,4/4/2023,T,70,First-Person Adventure
1300586939,Creed: Rise to Glory - Championship Edition,creed-rise-to-glory-championship-edition,4/4/2023,T,78,Combat Sport
1300534038,EA Sports PGA Tour,ea-sports-pga-tour,4/4/2023,E,76,Golf Sim
1300575653,Sherlock Holmes: The Awakened,sherlock-holmes-the-awakened,4/11/2023,T,75,Third-Person Adventure
1300584036,Horizon Forbidden West: Burning Shores,horizon-forbidden-west-burning-shores,4/19/2023,T,81,Open-World Action
1300541998,Stray Blade,stray-blade,4/20/2023,M,62,Action RPG
1300580994,R-Type Final 3 Evolved,r-type-final-3-evolved,4/25/2023,E10+,72,Horizontal Shoot-'Em-Up
1300571578,Star Wars Jedi: Survivor,star-wars-jedi-survivor,4/28/2023,T,85,Open-World Action
1300589260,Another Fisherman's Tale,another-fishermans-tale,5/11/2023,T,71,Adventure
1300524235,Walkabout Mini Golf VR,walkabout-mini-golf-vr,5/11/2023,E,90,Golf
1300540891,Zool Redimensioned,zool-redimensioned,5/16/2023,E,68,2D Platformer
1300573454,Red Matter 2,red-matter-2,5/18/2023,T,89,First-Person Adventure
1300584028,After Us,after-us,5/23/2023,T,65,Action Adventure
1300571062,Miasma Chronicles,miasma-chronicles,5/23/2023,T,78,Turn-Based Tactics
1300553305,Star Trek: Resurgence,star-trek-resurgence,5/23/2023,T,71,Third-Person Adventure
1300594394,Forspoken: In Tanta We Trust,forspoken-in-tanta-we-trust,5/26/2023,,71,Action RPG
1300539761,Company of Heroes 3,company-of-heroes-3,5/30/2023,M,70,Real-Time Strategy
1300538996,The Tartarus Key,the-tartarus-key,5/31/2023,T,74,First-Person Adventure
1300508696,Diablo IV,diablo-iv,6/6/2023,M,86,Action RPG
1300583538,Amnesia: The Bunker,amnesia-the-bunker,6/6/2023,M,73,Survival
1300591692,MotoGP 23,motogp-23,6/8/2023,E,74,Auto Racing Sim
1300565698,Greyhill Incident,greyhill-incident,6/13/2023,M,26,Survival
1300590109,F1 23,f1-23,6/16/2023,E,82,Auto Racing Sim
1300542092,Park Beyond,park-beyond,6/16/2023,E,65,Tycoon
1300584041,Crash Team Rumble,crash-team-rumble,6/20/2023,E10+,67,MOBA
1300587387,The Elder Scrolls Online: Necrom,the-elder-scrolls-online-necrom,6/20/2023,M,80,MMORPG
1300572218,Aliens: Dark Descent,aliens-dark-descent,6/20/2023,M,74,Real-Time Tactics
1300523816,Final Fantasy XVI,final-fantasy-xvi,6/22/2023,M,87,Action RPG
1300588870,C-Smash VRS,c-smash-vrs,6/23/2023,E,70,Tennis
1300589542,Synapse,synapse,7/4/2023,T,77,Light Gun
1300594704,Operation Wolf Returns: First Mission VR,operation-wolf-returns-first-mission-vr,7/13/2023,T,65,Rail Shooter
1300500948,Killsquad,killsquad,7/20/2023,T,57,Action RPG
1300584037,Remnant II,remnant-ii,7/21/2023,M,80,Third Person Shooter
1300553288,The Expanse: A Telltale Series,the-expanse-a-telltale-series,7/26/2023,M,69,Third-Person Adventure
1300602829,Nova Strike,nova-strike,7/27/2023,E,58,Vertical Shoot-'Em-Up
1300595421,The Expanse: A Telltale Series - Episode 1,the-expanse-a-telltale-series-episode-1,7/27/2023,,80,Third-Person Adventure
1300595840,F1 Manager 2023,f1-manager-2023,7/27/2023,E,76,Auto Racing Sim
1300534980,VR Skater,vr-skater,8/4/2023,M,77,Skating
1300577212,Atlas Fallen,atlas-fallen,8/10/2023,T,64,Action RPG
1300505575,EVERSPACE 2,everspace-2,8/15/2023,T,80,Space Combat Sim
1300538276,Green Hell VR,green-hell-vr,8/15/2023,M,57,Survival
1300598615,Quantum: Recharged,quantum-recharged,8/17/2023,,72,Arcade
1300535007,Gord,gord,8/17/2023,T,74,Real-Time Strategy
1300553287,The Texas Chain Saw Massacre,the-texas-chain-saw-massacre,8/18/2023,M,71,Survival
1300584034,Immortals of Aveum,immortals-of-aveum,8/22/2023,M,69,FPS
1300566820,WrestleQuest,wrestlequest,8/22/2023,E,73,JRPG
1300572219,Fort Solis,fort-solis,8/22/2023,M,60,Action Adventure
1300593102,RIDE 5,ride-5,8/24/2023,E,75,Auto Racing Sim
1300577899,Firewall Ultra,firewall-ultra,8/24/2023,T,62,Tactical FPS
1300577222,Under The Waves,under-the-waves,8/29/2023,M,70,Adventure
1300581420,Crossfire: Sierra Squad,crossfire-sierra-squad,8/29/2023,M,71,Light Gun
1300501848,Baldur's Gate 3,baldurs-gate-3,9/6/2023,M,96,Western RPG
1300595896,Enchanted Portals,enchanted-portals,9/8/2023,T,42,2D Platformer
1300571790,Eternights,eternights,9/12/2023,M,68,Action Adventure
1300587767,The Crew Motorfest,the-crew-motorfest,9/14/2023,T,76,Auto Racing
1300467772,Ad Infinitum,ad-infinitum,9/14/2023,M,70,Survival
1300457472,Payday 3,payday-3,9/21/2023,M,61,FPS
1300576809,Bud Spencer & Terence Hill - Slaps and Beans 2,bud-spencer-and-terence-hill-slaps-and-beans-2,9/22/2023,T,77,2D Beat-'Em-Up
1300577900,Cyberpunk 2077: Phantom Liberty,cyberpunk-2077-phantom-liberty,9/26/2023,M,87,Action RPG
1300507345,Trepang2,trepang2,10/2/2023,M,74,FPS
1300577747,Assassin's Creed Mirage,assassins-creed-mirage,10/5/2023,M,76,Open-World Action
1300544619,Honkai: Star Rail,honkai-star-rail,10/11/2023,T,82,RPG
1300486510,Lords of the Fallen,lords-of-the-fallen,10/13/2023,M,70,Action RPG
1300601419,Tennis On-Court,tennis-on-court,10/17/2023,E,53,Tennis
1300538267,Wizard with a Gun,wizard-with-a-gun,10/17/2023,E10+,73,Sandbox
1300584026,Hellboy: Web of Wyrd,hellboy-web-of-wyrd,10/18/2023,T,47,Action Adventure
1300594930,Agatha Christie - Murder on the Orient Express,agatha-christie-murder-on-the-orient-express,10/19/2023,T,64,Third-Person Adventure
1300539198,Mail Time,mail-time,10/19/2023,E,67,3D Platformer
1300596482,The 7th Guest VR,the-7th-guest-vr,10/19/2023,M,76,First-Person Adventure
1300542939,Marvel's Spider-Man 2,marvels-spider-man-2,10/20/2023,T,90,Open-World Action
1300547441,Stray Souls,stray-souls,10/25/2023,M,29,Survival
1300589543,Journey to Foundation,journey-to-foundation,10/26/2023,T,68,Action Adventure
1300584032,Ghostbusters: Rise of the Ghost Lord,ghostbusters-rise-of-the-ghost-lord,10/26/2023,T,64,Light Gun
1300536658,Ghostrunner 2,ghostrunner-2,10/26/2023,M,80,3D Platformer
1300553298,Alan Wake II,alan-wake-ii,10/27/2023,M,89,Survival
1300600205,EA SPORTS UFC 5,ea-sports-ufc-5,10/27/2023,M,78,Combat Sport
1300597502,Jusant,jusant,10/31/2023,E,85,Action Adventure
1300597446,Headbangers: Rhythm Royale,headbangers-rhythm-royale,10/31/2023,E10+,74,Rhythm
1300575793,This Bed We Made,this-bed-we-made,11/1/2023,,80,Third-Person Adventure
1300595418,The Smurfs 2: The Prisoner of the Green Stone,the-smurfs-2-the-prisoner-of-the-green-stone,11/2/2023,E10+,72,3D Platformer
1300540605,Achilles: Legends Untold,achilles-legends-untold,11/2/2023,T,67,Action RPG
1300595971,The Talos Principle 2,the-talos-principle-2,11/2/2023,E10+,90,First-Person Adventure
1300596486,Vampire: The Masquerade - Justice,vampire-the-masquerade-justice,11/2/2023,M,68,RPG
1300602399,DreamWorks All-Star Kart Racing,dreamworks-all-star-kart-racing,11/3/2023,E,63,Auto Racing
1300608109,EA Sports WRC,ea-sports-wrc,11/3/2023,E,77,Auto Racing Sim
1300514669,Quantum Error,quantum-error,11/3/2023,M,40,FPS
1300523672,The Invincible,the-invincible,11/6/2023,M,71,First-Person Adventure
1300609797,Tales of Arise: Beyond the Dawn,tales-of-arise-beyond-the-dawn,11/9/2023,T,73,Action RPG
1300604040,Call of Duty: Modern Warfare III,call-of-duty-modern-warfare-iii,11/10/2023,M,56,Tactical FPS
1300593510,KarmaZoo,karmazoo,11/14/2023,E,77,2D Platformer
1300615607,Remnant II: The Awakened King,remnant-ii-the-awakened-king,11/14/2023,M,71,Third Person Shooter
1300545610,UFO Robot Grendizer: The Feast of the Wolves,ufo-robot-grendizer-the-feast-of-the-wolves,11/14/2023,T,59,Action Adventure
1300507280,Teardown,teardown,11/15/2023,T,78,Sandbox
1300518602,The Last Faith,the-last-faith,11/15/2023,T,74,Metroidvania
1300021195,Jagged Alliance 3,jagged-alliance-3,11/16/2023,M,79,Turn-Based Tactics
1300536040,Flashback 2,flashback-2,11/16/2023,T,36,Action Adventure
1300605281,The Walking Dead: Destinies,the-walking-dead-destinies,11/17/2023,M,29,Linear Action Adventure
1300596085,Warhammer Age of Sigmar: Realms of Ruin,warhammer-age-of-sigmar-realms-of-ruin,11/17/2023,T,69,Real-Time Strategy
1300600464,Pinball M,pinball-m,11/30/2023,M,78,Pinball
1300573197,Gangs of Sherwood,gangs-of-sherwood,11/30/2023,T,55,Action Adventure
1300595980,Arizona Sunshine 2,arizona-sunshine-2,12/5/2023,M,73,Light Gun
1300572280,The Lord of the Rings: Return to Moria,the-lord-of-the-rings-return-to-moria,12/5/2023,T,51,Sandbox
1300571714,"Warhammer 40,000: Rogue Trader",warhammer-40000-rogue-trader,12/7/2023,T,77,Western RPG
1300619121,Final Fantasy XVI: Echoes of the Fallen,final-fantasy-xvi-echoes-of-the-fallen,12/7/2023,M,76,Action RPG
1300474931,Avatar: Frontiers of Pandora,avatar-frontiers-of-pandora,12/7/2023,T,72,Open-World Action
1300595982,Resident Evil 4: VR Mode,resident-evil-4-vr-mode,12/8/2023,M,89,Survival
1300619100,God of War: Ragnarok - Valhalla,god-of-war-ragnarok-valhalla,12/12/2023,,88,Action Adventure
1300572578,Cookie Cutter,cookie-cutter,12/14/2023,M,79,Metroidvania
1300587070,Granblue Fantasy Versus: Rising,granblue-fantasy-versus-rising,12/14/2023,T,81,2D Fighting
1300607650,Custom Mech Wars,custom-mech-wars,12/14/2023,T,53,Vehicle Combat Sim
1300578758,Trinity Fusion,trinity-fusion,12/15/2023,T,75,Metroidvania
1300534080,War Hospital,war-hospital,1/11/2024,T,65,Real-Time Strategy
1300503805,Vertigo 2,vertigo-2,1/15/2024,M,80,Light Gun
1300617209,The Last of Us Part II Remastered,the-last-of-us-part-ii-remastered,1/19/2024,M,90,Survival
1300538331,Immortality,immortality,1/23/2024,M,84,Adventure
1300603925,Under Night In-Birth II Sys:Celes,under-night-in-birth-ii-sysceles,1/25/2024,T,80,2D Fighting
1300597498,Like a Dragon: Infinite Wealth,like-a-dragon-infinite-wealth,1/26/2024,M,89,JRPG
1300578380,Tekken 8,tekken-8,1/26/2024,T,90,3D Fighting
1300585231,Silent Hill: The Short Message,silent-hill-the-short-message,1/31/2024,M,53,Survival
1300522310,Suicide Squad: Kill The Justice League,suicide-squad-kill-the-justice-league,2/2/2024,M,60,Third Person Shooter
1300584040,Banishers: Ghosts of New Eden,banishers-ghosts-of-new-eden,2/13/2024,T,78,Linear Action Adventure
1300595979,Ultros,ultros,2/13/2024,T,79,Metroidvania
1300468565,Skull and Bones,skull-and-bones,2/16/2024,M,59,Action Adventure
1300572485,Slave Zero X,slave-zero-x,2/18/2024,M,69,2D Beat-'Em-Up
1300571467,Garden Life: A Cozy Simulator,garden-life-a-cozy-simulator,2/22/2024,E,72,Virtual Career
1300578382,Pacific Drive,pacific-drive,2/22/2024,T,77,Survival
1300619090,Brothers: A Tale of Two Sons Remake,brothers-a-tale-of-two-sons-remake,2/28/2024,T,79,Linear Action Adventure
1300572558,Final Fantasy VII Rebirth,final-fantasy-vii-rebirth,2/29/2024,T,92,Action RPG
1300573187,Welcome to ParadiZe,welcome-to-paradize,2/29/2024,M,68,Survival
1300510052,The Outlast Trials,the-outlast-trials,3/5/2024,M,75,Survival
1300596374,Classified: France '44,classified-france-44,3/5/2024,M,73,Turn-Based Tactics
1300597485,Reveil,reveil,3/6/2024,M,69,First-Person Adventure
1300573411,Taxi Life: A City Driving Simulator,taxi-life-a-city-driving-simulator,3/7/2024,E,56,Vehicle Sim
1300572221,Highwater,highwater,3/14/2024,T,70,Turn-Based Tactics
1300543474,Outcast: A New Beginning,outcast-a-new-beginning,3/15/2024,T,68,Open-World Action
1300587386,Hi-Fi Rush,hi-fi-rush,3/19/2024,T,88,Action Adventure
1300576500,Alone in the Dark,alone-in-the-dark,3/20/2024,M,63,Survival
1300577598,HappyFunland,happyfunland,3/22/2024,M,41,First-Person Adventure
1300572559,Dragon's Dogma 2,dragons-dogma-2,3/22/2024,M,86,Action RPG
1300578384,Rise of the Ronin,rise-of-the-ronin,3/22/2024,M,76,Action RPG
1300572381,The Last Case of Benedict Fox,the-last-case-of-benedict-fox,3/26/2024,,70,Metroidvania
1300500013,Planet Zoo,planet-zoo,3/26/2024,E10+,79,Tycoon
1300577243,Bulwark: Falconeer Chronicles,bulwark-falconeer-chronicles,3/26/2024,T,79,Management
1300574391,Withering Rooms,withering-rooms,4/2/2024,M,76,Survival
1300564887,House Flipper 2,house-flipper-2,4/10/2024,E,75,Virtual Career
1300594095,Mixture,mixture,4/12/2024,E10+,72,Action Adventure
1300483148,Harold Halibut,harold-halibut,4/16/2024,E10+,71,Adventure
1300543475,ArcRunner,arcrunner,4/18/2024,T,69,Third Person Shooter
1300619122,Final Fantasy XVI: The Rising Tide,final-fantasy-xvi-the-rising-tide,4/18/2024,M,78,Action RPG
1300547716,Sker Ritual,sker-ritual,4/18/2024,M,55,Survival
1300582885,"Ready, Steady, Ship!",ready-steady-ship,4/19/2024,E,73,Action
1300597191,SAND LAND,sand-land,4/26/2024,T,71,Action RPG
1300499254,Stellar Blade,stellar-blade,4/26/2024,M,81,Action Adventure
1300440535,Sea of Thieves,sea-of-thieves,4/30/2024,T,81,Open-World Action
1300597457,MADiSON VR,madison-vr,5/2/2024,M,76,First-Person Adventure
1300596162,Jack Holmes : Master of Puppets,jack-holmes-master-of-puppets,5/2/2024,M,66,Survival
1300520774,INDIKA,indika,5/17/2024,M,81,Third-Person Adventure
1300540063,XDefiant,xdefiant,5/21/2024,T,69,Tactical FPS
1300531064,Eternal Threads,eternal-threads,5/23/2024,T,71,First-Person Adventure
1300573184,Crown Wars: The Black Prince,crown-wars-the-black-prince,5/23/2024,M,64,Turn-Based Tactics
1300538275,Sushi Ben,sushi-ben,5/28/2024,T,74,First-Person Adventure
1300549322,MultiVersus,multiversus,5/28/2024,T,75,2D Fighting
1300578658,Phantom Fury,phantom-fury,5/30/2024,M,76,FPS
1300492451,Astor: Blade of the Monolith,astor-blade-of-the-monolith,5/30/2024,E10+,71,Action RPG
1300627387,F1 24,f1-24,5/31/2024,E,79,Auto Racing Sim
1300577231,Killer Klowns from Outer Space: The Game,killer-klowns-from-outer-space-the-game,6/4/2024,M,66,Survival
1300617417,Alan Wake II: Night Springs Expansion,alan-wake-ii-night-springs-expansion,6/8/2024,,85,Survival
1300536115,V Rising,v-rising,6/11/2024,T,79,Action Adventure
1300587888,Retropolis 2: Never Say Goodbye,retropolis-2-never-say-goodbye,6/14/2024,,77,First-Person Adventure
1300622553,The Elder Scrolls Online: Gold Road,the-elder-scrolls-online-gold-road,6/18/2024,,74,MMORPG
1300597503,Still Wakes the Deep,still-wakes-the-deep,6/18/2024,M,74,Survival
1300568055,Bloodhound,bloodhound,6/28/2024,M,53,FPS
1300525216,King Arthur: Knight's Tale,king-arthur-knights-tale,6/30/2024,,72,Turn-Based Tactics
1300587438,Scholar's Mate,scholars-mate,7/4/2024,M,55,First-Person Adventure
1300570889,Zenless Zone Zero,zenless-zone-zero,7/4/2024,T,73,Action RPG
1300535644,Fate Seeker II,fate-seeker-ii,7/4/2024,E10+,61,Action RPG
1300628811,Nobody Wants to Die,nobody-wants-to-die,7/17/2024,M,78,First-Person Adventure
1300566666,Flintlock: The Siege of Dawn,flintlock-the-siege-of-dawn,7/18/2024,M,71,Action RPG
1300595650,Bo: Path of the Teal Lotus,bo-path-of-the-teal-lotus,7/18/2024,,74,Metroidvania
1300625864,EA Sports College Football 25,ea-sports-college-football-25,7/19/2024,E,83,Football Sim
1300515796,CONSCRIPT,conscript,7/23/2024,M,74,Survival
1300512286,Monster Train,monster-train,7/25/2024,,86,Card Battle
1300531095,Frontier Hunter: Erza's Wheel of Fortune,frontier-hunter-erzas-wheel-of-fortune,7/26/2024,E10+,73,Metroidvania
1300554719,Deadlink,deadlink,7/30/2024,M,81,FPS
1300537690,Bleak Faith: Forsaken,bleak-faith-forsaken,8/6/2024,M,63,Action RPG
1300516751,CYGNI: All Guns Blazing,cygni-all-guns-blazing,8/6/2024,E10+,74,Vertical Shoot-'Em-Up
1300514986,Deathbound,deathbound,8/8/2024,M,71,Action RPG
1300618689,Arcade Paradise VR,arcade-paradise-vr,8/8/2024,T,75,Virtual Career
1300606687,Phantom Spark,phantom-spark,8/15/2024,,66,Future Racing
1300625966,White Day 2: The Flower That Tells Lies - Complete Edition,white-day-2-the-flower-that-tells-lies-complete,8/15/2024,M,61,Survival
1300644453,Hunt: Showdown 1896,hunt-showdown-1896,8/15/2024,,80,Tactical FPS
1300638239,House of Golf 2,house-of-golf-2,8/16/2024,,69,Golf
1300637033,Madden NFL 25,madden-nfl-25,8/16/2024,E,70,Football Sim
1300606137,Black Myth: Wukong,black-myth-wukong,8/20/2024,T,76,Action RPG
1300518654,Dustborn,dustborn,8/20/2024,M,68,Action Adventure
1300621033,Tiebreak: The Official Game of the ATP and WTA,tiebreak-the-official-game-of-the-atp-and-wta,8/22/2024,E,62,Tennis
1300595984,Concord,concord,8/23/2024,T,62,Tactical FPS
1300597494,Star Wars Outlaws,star-wars-outlaws,8/27/2024,T,75,Open-World Action
1300626333,Gundam Breaker 4,gundam-breaker-4,8/29/2024,T,76,3D Fighting
1300628342,Monster Jam Showdown,monster-jam-showdown,8/29/2024,E,70,Auto Racing
1300636223,Akimbot,akimbot,8/29/2024,E10+,71,Action Adventure
1300619110,The Casting of Frank Stone,the-casting-of-frank-stone,9/3/2024,M,68,Third-Person Adventure
1300638463,Astro Bot,astro-bot,9/6/2024,E10+,94,3D Platformer
1300642726,NBA 2K25,nba-2k25,9/6/2024,E,79,Basketball Sim
1300535190,Antstream Arcade,antstream-arcade,9/6/2024,,78,Compilation
1300553301,"Warhammer 40,000: Space Marine II",warhammer-40000-space-marine-ii,9/9/2024,M,80,Tactical Third Person Shooter
1300533628,Elsie,elsie,9/10/2024,E,78,2D Platformer
1300573104,Lollipop Chainsaw RePOP,lollipop-chainsaw-repop,9/12/2024,M,68,3D Beat-'Em-Up
1300519759,Test Drive Unlimited Solar Crown,test-drive-unlimited-solar-crown,9/12/2024,E10+,53,Auto Racing Sim
1300618267,Wild Bastards,wild-bastards,9/12/2024,M,77,FPS
1300575495,Funko Fusion,funko-fusion,9/13/2024,T,54,Action Adventure
1300639677,Prince of Persia: The Lost Crown - Mask of Darkness,prince-of-persia-the-lost-crown-mask-of-darkness,9/17/2024,T,80,Metroidvania
1300641428,Dead Rising Deluxe Remaster,dead-rising-deluxe-remaster,9/19/2024,M,83,Survival
1300604940,Enotria: The Last Song,enotria-the-last-song,9/19/2024,T,70,Action RPG
1300580859,Pneumata,pneumata,9/20/2024,M,59,Survival
1300603098,Earth Defense Force: World Brothers 2,earth-defense-force-world-brothers-2,9/26/2024,T,81,Third Person Shooter
1300501667,Shadows of Doubt,shadows-of-doubt,9/26/2024,T,66,Open-World Action
1300636860,Cat Rescue Story,cat-rescue-story,9/26/2024,E,65,Virtual Pet
1300589276,Throne and Liberty,throne-and-liberty,10/1/2024,T,70,MMORPG
1300636138,Master Detective Archives: RAIN CODE+,master-detective-archives-rain-code-plus,10/1/2024,M,79,Action Adventure
1300597536,Parcel Corps,parcel-corps,10/3/2024,E10+,64,Open-World Action
1300632931,KILL KNIGHT,kill-knight,10/3/2024,T,82,Top-Down Shoot-'Em-Up
1300617903,Max Mustard,max-mustard,10/3/2024,E10+,79,3D Platformer
1300623584,Until Dawn,until-dawn,10/4/2024,M,70,Third-Person Adventure
1300648245,NHL 25,nhl-25,10/4/2024,,66,Hockey Sim
1300580577,Silent Hill 2,silent-hill-2,10/8/2024,M,86,Survival
1300619109,Dragon Ball: Sparking! Zero,dragon-ball-sparking-zero,10/11/2024,T,81,3D Fighting
1300566708,Undisputed,undisputed,10/11/2024,T,70,Combat Sport
1300583138,Starship Troopers: Extermination,starship-troopers-extermination,10/11/2024,T,67,FPS
1300574215,Squirrel with a Gun,squirrel-with-a-gun,10/15/2024,T,64,Third Person Shooter
1300639405,New World: Aeternum,new-world-aeternum,10/15/2024,T,75,MMORPG
1300609874,MechWarrior 5: Clans,mechwarrior-5-clans,10/17/2024,,75,Vehicle Combat Sim
1300647322,Arizona Sunshine Remake,arizona-sunshine-remake,10/17/2024,M,78,Light Gun
1300639216,Killing Time: Resurrected,killing-time-resurrected,10/17/2024,M,65,FPS
1300640273,A Quiet Place: The Road Ahead,a-quiet-place-the-road-ahead,10/17/2024,M,67,Survival
1300647054,Hot Wheels Monster Trucks: Stunt Mayhem,hot-wheels-monster-trucks-stunt-mayhem,10/18/2024,E,68,Arcade Racing
1300543668,AWAKEN: Astral Blade,awaken-astral-blade,10/22/2024,E10+,64,Metroidvania
1300617416,Alan Wake II: The Lake House Expansion,alan-wake-ii-the-lake-house-expansion,10/22/2024,,77,Survival
1300647811,Kong: Survivor Instinct,kong-survivor-instinct,10/22/2024,T,57,Action Adventure
1300647358,VENDETTA FOREVER,vendetta-forever,10/23/2024,T,82,Light Gun
1300591759,The Bridge Curse 2: The Extrication,the-bridge-curse-2-the-extrication,10/24/2024,M,72,Survival
1300653219,Rogue Flight,rogue-flight,10/25/2024,E,79,Space Combat Sim
1300637658,Call of Duty: Black Ops 6,call-of-duty-black-ops-6,10/25/2024,M,82,Tactical FPS
1300639553,Life is Strange: Double Exposure,life-is-strange-double-exposure,10/29/2024,M,73,Third-Person Adventure
1300630330,[REDACTED],redacted,10/31/2024,T,74,Top-Down Shoot-'Em-Up
1300652129,Horizon Zero Dawn Remastered,horizon-zero-dawn-remastered,10/31/2024,T,85,Open-World Action
1300494296,Dragon Age: The Veilguard,dragon-age-the-veilguard,10/31/2024,M,82,Western RPG
1300587204,Empire of the Ants,empire-of-the-ants,11/4/2024,E10+,77,Command RTS
1300623583,Metro Awakening VR,metro-awakening-vr,11/5/2024,M,74,Survival
1300656759,Death Note: Killer Within,death-note-killer-within,11/5/2024,T,54,Survival
1300642855,Planet Coaster 2,planet-coaster-2,11/6/2024,E,76,Tycoon
1300641392,Farming Simulator 25,farming-simulator-25,11/12/2024,E,64,Virtual Career
1300587894,Songs Of Silence,songs-of-silence,11/13/2024,E10+,68,4X Strategy
1300580934,Neon Blood,neon-blood,11/26/2024,T,64,RPG
1300649946,Trombone Champ: Unflattened,trombone-champ-unflattened,11/26/2024,E,83,Rhythm
1300520908,"Warhammer 40,000: Darktide",warhammer-40000-darktide,12/3/2024,M,80,FPS
1300589860,The Thaumaturge,the-thaumaturge,12/4/2024,M,82,RPG
1300583469,Infinity Nikki,infinity-nikki,12/5/2024,T,75,Open-World Action
1300584039,Skydance's BEHEMOTH,skydances-behemoth,12/5/2024,M,56,Action Adventure
1300534015,Shadow Tactics: Blades of the Shogun - Aiko's Choice,shadow-tactics-blades-of-the-shogun-aikos-choice,12/6/2024,,81,Real-Time Tactics
1300631540,Marvel Rivals,marvel-rivals,12/6/2024,T,78,Tactical Third Person Shooter
1300597521,Among Ashes,among-ashes,12/9/2024,M,79,Survival
1300455070,The Gate of Firmament,the-gate-of-firmament,12/13/2024,T,50,JRPG
1300632567,Flint: Treasure of Oblivion,flint-treasure-of-oblivion,12/17/2024,M,62,Turn-Based Tactics
1300573437,Alien: Rogue Incursion,alien-rogue-incursion,12/19/2024,M,74,Survival
1300593790,Wuthering Waves,wuthering-waves,1/2/2025,T,76,Action RPG
1300617395,Arken Age,arken-age,1/16/2025,M,84,Action Adventure
1300638461,Dynasty Warriors: Origins,dynasty-warriors-origins,1/17/2025,T,79,3D Beat-'Em-Up
1300592354,SYNDUALITY: Echo of Ada,synduality-echo-of-ada,1/23/2025,T,65,Third Person Shooter
1300667195,Ninja Gaiden 2 Black,ninja-gaiden-2-black,1/23/2025,M,80,Action Adventure
1300631927,Eternal Strands,eternal-strands,1/28/2025,T,69,Action Adventure
1300597512,Citizen Sleeper 2: Starward Vector,citizen-sleeper-2-starward-vector,1/31/2025,T,90,Western RPG
1300633390,Kingdom Come: Deliverance II,kingdom-come-deliverance-ii,2/4/2025,M,88,Action RPG
1300636814,Big Helmet Heroes,big-helmet-heroes,2/6/2025,E,61,3D Beat-'Em-Up
1300618275,Ambulance Life: A Paramedic Simulator,ambulance-life-a-paramedic-simulator,2/6/2025,M,44,Virtual Career
1300521506,Shujinkou,shujinkou,2/7/2025,T,90,JRPG
1300670721,Warriors: Abyss,warriors-abyss,2/12/2025,T,68,3D Beat-'Em-Up
1300596957,Tiny Terry's Turbo Trip,tiny-terrys-turbo-trip,2/13/2025,E,79,Open-World Action
1300619115,Lost Records: Bloom & Rage Tape 1,lost-records-bloom-and-rage-tape-1,2/18/2025,,75,Third-Person Adventure
1300651677,Lost Records: Bloom & Rage,lost-records-bloom-and-rage,2/18/2025,M,74,Third-Person Adventure
1300652333,Like a Dragon: Pirate Yakuza in Hawaii,like-a-dragon-pirate-yakuza-in-hawaii,2/21/2025,M,79,Action Adventure
1300619123,Monster Hunter Wilds,monster-hunter-wilds,2/28/2025,T,88,Action RPG
1300665697,PGA TOUR 2K25,pga-tour-2k25,2/28/2025,E,80,Golf Sim
1300647130,Two Point Museum,two-point-museum,3/4/2025,E,83,Tycoon
1300580966,Age of Mythology: Retold,age-of-mythology-retold,3/4/2025,T,81,Real-Time Strategy
1300639400,Wanderstop,wanderstop,3/11/2025,T,79,Third-Person Adventure
1300633026,Beyond The Ice Palace 2,beyond-the-ice-palace-2,3/11/2025,T,48,Metroidvania
1300578267,Assassin's Creed Shadows,assassins-creed-shadows,3/20/2025,M,81,Open-World Action
1300596484,UNDERDOGS,underdogs,3/25/2025,,73,Vehicle Combat Sim
1300652766,HITMAN World of Assassination Part One - VR Edition,hitman-world-of-assassination-part-one-vr-edition,3/27/2025,,82,Compilation
1300540604,KARMA: The Dark World,karma-the-dark-world,3/27/2025,M,72,First-Person Adventure
1300567951,The First Berserker: Khazan,the-first-berserker-khazan,3/27/2025,M,78,Action RPG
1300504981,AI LIMIT,ai-limit,3/27/2025,,67,Action RPG
1300001163,"I Have No Mouth, and I Must Scream",i-have-no-mouth-and-i-must-scream,3/27/2025,T,73,Point-and-Click
1300605284,Koira,koira,4/1/2025,E10+,77,Adventure
1300612819,Commandos: Origins,commandos-origins,4/9/2025,M,65,Real-Time Tactics
1300652469,Monster Energy Supercross 25 - The Official Video Game,monster-energy-supercross-25-the-official-video,4/10/2025,E,71,Racing Sim
1300661812,The Talos Principle: Reawakened,the-talos-principle-reawakened,4/10/2025,T,85,First-Person Adventure
1300648110,Lost Records: Bloom & Rage Tape 2,lost-records-bloom-and-rage-tape-2,4/15/2025,,69,Third-Person Adventure
1300609712,Finding Frankie,finding-frankie,4/15/2025,M,64,Action Adventure
1300542735,Lushfoil Photography Sim,lushfoil-photography-sim,4/15/2025,,73,Simulation
1300530061,Indiana Jones and the Great Circle,indiana-jones-and-the-great-circle,4/17/2025,T,88,Action Adventure
1300571631,Bionic Bay,bionic-bay,4/17/2025,E10+,81,2D Platformer
1300563830,Mandragora: Whispers of the Witch Tree,mandragora-whispers-of-the-witch-tree,4/17/2025,M,77,Metroidvania
1300547463,Post Trauma,post-trauma,4/22/2025,,67,Survival
1300587726,Steel Seed,steel-seed,4/22/2025,T,71,Action Adventure
1300682186,The Elder Scrolls IV: Oblivion Remastered,the-elder-scrolls-iv-oblivion-remastered,4/22/2025,M,82,Western RPG
1300622926,Once Upon A Puppet,once-upon-a-puppet,4/23/2025,E,66,Linear Action Adventure
1300576220,Fatal Fury: City of the Wolves,fatal-fury-city-of-the-wolves,4/24/2025,T,80,2D Fighting
1300639549,Clair Obscur: Expedition 33,clair-obscur-expedition-33,4/24/2025,M,93,JRPG
1300628505,Amerzone - The Explorer's Legacy,amerzone-the-explorers-legacy-2024,4/24/2025,T,80,Point-and-Click
1300670724,Days Gone Remastered,days-gone-remastered,4/25/2025,M,78,Open-World Action
1300538293,Forza Horizon 5,forza-horizon-5,4/29/2025,E,92,Auto Racing Sim
1300548841,Two Falls - Nishu Takuatshina,two-falls-nishu-takuatshina,5/3/2025,,81,First-Person Adventure
1300498705,Age of Empires II: Definitive Edition,age-of-empires-ii-definitive-edition,5/6/2025,T,78,Command RTS
1300684673,AFL 26,afl-26,5/7/2025,E,75,Team Sports
1300614963,Spirit of the North 2,spirit-of-the-north-2,5/8/2025,E10+,68,Third-Person Adventure
1300652764,The Midnight Walk,the-midnight-walk,5/8/2025,T,77,Action Adventure
1300648058,Revenge of the Savage Planet,revenge-of-the-savage-planet,5/8/2025,RP,80,Open-World Action
1300659533,Empyreal,empyreal,5/8/2025,T,62,Action RPG
1300634792,Death end re;Quest Code Z,death-end-request-code-z,5/13/2025,M,58,Roguelike
1300594273,The Precinct,the-precinct,5/13/2025,T,66,Open-World Action
1300569743,American Arcadia,american-arcadia,5/15/2025,M,81,Action Adventure
1300630623,Into the Restless Ruins,into-the-restless-ruins,5/15/2025,,78,Roguelike
1300648042,RoadCraft,roadcraft,5/20/2025,E,78,Vehicle Sim
1300685665,S.T.A.L.K.E.R.: Legends of the Zone Trilogy - Enhanced Edition,stalker-legends-of-the-zone-trilogy-enhanced,5/20/2025,,73,Compilation
1300561024,Deliver At All Costs,deliver-at-all-costs,5/22/2025,T,69,Open-World Action
1300673341,Trident's Tale,tridents-tale,5/22/2025,,68,Open-World Action
1300669849,Blades of Fire,blades-of-fire,5/22/2025,M,71,Action RPG
1300527406,Tainted Grail: The Fall of Avalon,tainted-grail-the-fall-of-avalon,5/23/2025,M,75,Western RPG
1300518741,Roboquest,roboquest,5/27/2025,E10+,88,FPS
1300599156,to a T,to-a-t,5/28/2025,E,70,Third-Person Adventure
1300585251,Copycat,copycat,5/29/2025,E,74,Third-Person Adventure
1300662646,Elden Ring Nightreign,elden-ring-nightreign,5/30/2025,M,77,Action RPG
1300677622,F1 25,f1-25,5/30/2025,E,80,Auto Racing Sim
1300687980,Atomfall: Wicked Isle,atomfall-wicked-isle,6/3/2025,,64,Open-World Action
1300670722,Lies of P: Overture,lies-of-p-overture,6/6/2025,M,84,Action RPG
1300655032,MindsEye,mindseye,6/10/2025,M,28,Linear Action Adventure
1300626876,Zombie Army VR,zombie-army-vr,6/12/2025,M,68,Light Gun
1300572395,The Alters,the-alters,6/13/2025,M,83,Survival
1300655381,FBC: Firebreak,fbc-firebreak,6/17/2025,T,65,FPS
1300573989,Soulstone Survivors,soulstone-survivors,6/17/2025,E10+,82,Top-Down Shoot-'Em-Up
1300687122,Rooftops & Alleys: The Parkour Game,rooftops-and-alleys-the-parkour-game,6/17/2025,,67,3D Platformer
1300689853,Still Wakes the Deep: Siren's Rest,still-wakes-the-deep-sirens-rest,6/18/2025,M,73,Survival
1300516691,Architect Life: A House Design Simulator,architect-life-a-house-design-simulator,6/19/2025,E,70,Virtual Career
1300662643,Rematch,rematch,6/19/2025,E,73,Soccer
1300639571,I Am Your Beast,i-am-your-beast,6/25/2025,M,85,FPS
1300584033,Death Stranding 2: On The Beach,death-stranding-2-on-the-beach,6/26/2025,M,89,Open-World Action
1300572266,Anger Foot,anger-foot,7/1/2025,M,76,FPS
1300627902,Somber Echoes,somber-echoes,7/8/2025,T,74,Metroidvania
1300682901,EA Sports College Football 26,ea-sports-college-football-26,7/10/2025,E,82,Football Sim
1300639516,Eriksholm: The Stolen Dream,eriksholm-the-stolen-dream,7/15/2025,T,84,Linear Action Adventure
1300524391,EDENS ZERO,edens-zero,7/15/2025,T,63,Action RPG
1300689406,Dungeons & Dragons Neverwinter Nights 2: Enhanced Edition,dungeons-and-dragons-neverwinter-nights-2-enhanced,7/15/2025,T,56,Western RPG
1300467574,Ready or Not,ready-or-not,7/15/2025,M,80,Tactical FPS
1300674577,RoboCop: Rogue City - Unfinished Business,robocop-rogue-city-unfinished-business,7/17/2025,M,71,FPS
1300531914,Luto,luto,7/22/2025,M,79,First-Person Adventure
1300677497,Wildgate,wildgate,7/22/2025,T,78,Tactical FPS
1300599311,Wheel World,wheel-world,7/23/2025,E,62,Open-World Action
1300606568,Killing Floor 3,killing-floor-3,7/24/2025,M,70,FPS
1300543402,WUCHANG: Fallen Feathers,wuchang-fallen-feathers,7/24/2025,M,74,Action RPG
1300578492,Death Relives,death-relives,7/26/2025,,52,Survival
1300642730,MADO MONOGATARI: Fia and the Wondrous Academy,mado-monogatari-fia-and-the-wondrous-academy,7/29/2025,E10+,69,RPG
1300658255,Operation Night Strikers,operation-night-strikers,8/7/2025,T,83,Compilation
1300648047,Mafia: The Old Country,mafia-the-old-country,8/8/2025,M,72,Linear Action Adventure
1300691631,Senua's Saga: Hellblade II - Enhanced,senuas-saga-hellblade-ii-enhanced,8/12/2025,M,84,Action Adventure
1300689337,Echoes of the End,echoes-of-the-end,8/12/2025,M,67,Action Adventure
1300682900,Madden NFL 26,madden-nfl-26,8/14/2025,E,77,Football Sim
1300641391,Midnight Murder Club,midnight-murder-club,8/14/2025,T,69,FPS
1300663311,OFF,off,8/15/2025,T,76,JRPG
1300595970,Sword of the Sea,sword-of-the-sea,8/19/2025,E10+,88,Action Adventure
1300632929,The Rogue Prince of Persia,the-rogue-prince-of-persia,8/20/2025,,81,2D Platformer
1300554083,Sengoku Dynasty,sengoku-dynasty,8/21/2025,,66,Sandbox
1300672458,Fresh Tracks,fresh-tracks,8/26/2025,T,82,Rhythm
1300684264,Gears of War: Reloaded,gears-of-war-reloaded,8/26/2025,M,79,Third Person Shooter
1300595975,Metal Gear Solid Delta: Snake Eater,metal-gear-solid-delta-snake-eater,8/28/2025,M,85,Action Adventure
1300647129,The Knightling,the-knightling,8/28/2025,E10+,72,Open-World Action
1300463136,Lost Soul Aside,lost-soul-aside,8/29/2025,T,62,Action RPG
1300568719,Hell is Us,hell-is-us,9/4/2025,M,77,Action Adventure
1300651502,Achilles: Survivor,achilles-survivor,7/29/2025,,80,Top-Down Shoot-'Em-Up
1300684672,Destiny 2: The Edge of Fate,destiny-2-the-edge-of-fate,7/15/2025,T,63,FPS
1300643488,Splitgate 2,splitgate-2,6/6/2025,,67,Tactical FPS
1300639547,DOOM: The Dark Ages,doom-the-dark-ages,5/15/2025,M,84,FPS
1300594600,KIBORG,kiborg,4/30/2025,M,63,Action Adventure
1300654607,Sunderfolk,sunderfolk,4/23/2025,E10+,84,Turn-Based Tactics
1300535465,Blue Prince,blue-prince,4/10/2025,E,85,First-Person Adventure
1300639554,Atomfall,atomfall,3/27/2025,M,74,Open-World Action
1300642228,Bleach Rebirth of Souls,bleach-rebirth-of-souls,3/21/2025,T,72,3D Fighting
1300662109,X-Out: Resurfaced,x-out-resurfaced,2/20/2025,E10+,68,Horizontal Shoot-'Em-Up
1300654714,Tomb Raider IV-VI Remastered,tomb-raider-iv-vi-remastered,2/14/2025,T,65,Compilation
1300676253,Under Defeat,under-defeat,2/6/2025,E10+,78,Vertical Shoot-'Em-Up
1300639388,The Thing: Remastered,the-thing-remastered,12/5/2024,M,67,Survival
1300554710,Nine Sols,nine-sols,11/26/2024,T,86,2D Platformer
1300607759,G.I. Joe: Wrath of Cobra,gi-joe-wrath-of-cobra,11/21/2024,E10+,57,2D Beat-'Em-Up
1300615877,Diablo IV: Vessel of Hatred,diablo-iv-vessel-of-hatred,10/8/2024,M,82,Action RPG
1300643487,EA Sports FC 25,ea-sports-fc-25,9/27/2024,E,76,Soccer Sim
1300640501,Looney Tunes: Wacky World of Sports,looney-tunes-wacky-world-of-sports,9/27/2024,E,47,Sports
1300597654,Go Mecha Ball,go-mecha-ball,9/26/2024,E10+,72,Top-Down Shoot-'Em-Up
1300504976,Evotinction,evotinction,9/13/2024,T,73,Action Adventure
1300634923,That Time I Got Reincarnated as a Slime ISEKAI Chronicles,that-time-i-got-reincarnated-as-a-slime-isekai,8/8/2024,T,63,Action RPG
1300519125,Earth Defense Force 6,earth-defense-force-6,7/25/2024,M,73,Third Person Shooter
1300011345,Parasol Stars,parasol-stars,7/11/2024,E,82,2D Platformer
1300506418,Spin Rhythm XD,spin-rhythm-xd,7/9/2024,E,87,Rhythm
1300574296,The First Descendant,the-first-descendant,6/30/2024,M,52,Third Person Shooter
1300595557,#BLUD,blud,6/18/2024,T,72,Action Adventure
1300588256,Morbid: The Lords of Ire,morbid-the-lords-of-ire,5/23/2024,M,57,Action RPG
1300593788,Neptunia Game Maker R:Evolution,neptunia-game-maker-revolution,5/14/2024,T,58,JRPG
1300621940,TopSpin 2K25,topspin-2k25,4/26/2024,E,76,Tennis
1300570524,A Tale of Paper: Refolded,a-tale-of-paper-refolded,4/18/2024,E,76,2D Platformer
1300622690,WWE 2K24,wwe-2k24,3/8/2024,T,81,Wrestling
1300479646,Smalland: Survive the Wilds,smalland-survive-the-wilds,2/15/2024,T,75,Sandbox
1300595968,Helldivers 2,helldivers-2,2/8/2024,M,82,Third Person Shooter
1300595974,Foamstars,foamstars,2/6/2024,T,57,Tactical Third Person Shooter
1300597496,Persona 3 Reload,persona-3-reload,2/2/2024,M,87,JRPG
1300602828,Nickelodeon All-Star Brawl 2,nickelodeon-all-star-brawl-2,11/7/2023,E10+,77,2D Fighting
1300539237,RoboCop: Rogue City,robocop-rogue-city,11/2/2023,M,72,FPS
1300494868,Angry Birds VR: Isle of Pigs,angry-birds-vr-isle-of-pigs,10/10/2023,E,82,Action Puzzle
1300538564,Bilkins' Folly,bilkins-folly,10/2/2023,T,76,Adventure
1300609795,Resident Evil 4: Separate Ways,resident-evil-4-separate-ways,9/21/2023,,88,Survival
1300596038,Days of Doom,days-of-doom,9/21/2023,E10+,64,Turn-Based Tactics
1300536979,Lies of P,lies-of-p,9/19/2023,M,80,Action RPG
1300582408,The Isle Tide Hotel,the-isle-tide-hotel,9/12/2023,T,53,Adventure
1300568033,MythForce,mythforce,9/12/2023,T,59,Action RPG
1300538286,Somerville,somerville,8/31/2023,E10+,66,Action Adventure
1300584043,Armored Core VI: Fires of Rubicon,armored-core-vi-fires-of-rubicon,8/25/2023,T,86,Vehicle Combat Sim
1300587208,Shadow Gambit: The Cursed Crew,shadow-gambit-the-cursed-crew,8/22/2023,T,84,Real-Time Tactics
1300597034,Madden NFL 24,madden-nfl-24,8/18/2023,E,65,Football Sim
1300584027,Viewfinder,viewfinder,7/18/2023,,82,First-Person Adventure
1300572247,Layers of Fear,layers-of-fear,6/15/2023,M,75,Survival
1300584042,Crime Boss: Rockay City,crime-boss-rockay-city,6/15/2023,M,47,Open-World Action
1300591529,Pixel Ripped 1978,pixel-ripped-1978,6/15/2023,T,68,First-Person Adventure
1300572153,Killer Frequency,killer-frequency,6/1/2023,T,78,First-Person Adventure
1300583118,TT Isle of Man: Ride on the Edge 3,tt-isle-of-man-ride-on-the-edge-3,5/11/2023,E,70,Auto Racing Sim
1300287015,Dead Island 2,dead-island-2,4/21/2023,M,73,FPS
1300531990,Marfusha,marfusha,4/6/2023,T,68,Defense
1300575660,Meet Your Maker,meet-your-maker,4/4/2023,M,73,Sandbox
1300581421,The Dark Pictures: Switchback VR,the-dark-pictures-switchback-vr,3/16/2023,M,64,Light Gun
1300533557,Puzzling Places,puzzling-places,2/22/2023,,78,Puzzle
1300563932,Startenders,startenders,2/22/2023,,66,Virtual Career
1300533397,Cave Digger 2: Dig Harder,cave-digger-2-dig-harder,2/22/2023,T,67,Light Gun
1300550649,The Last Clockwinder,the-last-clockwinder,2/22/2023,E,83,First-Person Adventure
1300528477,Demeo,demeo,2/22/2023,E10+,80,Turn-Based Tactics
1300538250,OmegaBot,omegabot,1/20/2023,T,63,2D Platformer
1300482473,Yuppie Psycho,yuppie-psycho,1/11/2023,M,75,Action Adventure
1300002259,Valkyrie Profile,valkyrie-profile,12/22/2022,,85,JRPG
1300566263,Ship of Fools,ship-of-fools,11/22/2022,E10+,77,Roguelike
1300517660,Heidelberg 1693,heidelberg-1693,11/18/2022,M,72,2D Platformer
1300570753,Dying Light 2 Stay Human: Bloody Ties,dying-light-2-stay-human-bloody-ties,11/10/2022,M,61,Survival
1300580317,OlliOlli World: Finding the Flowzone,olliolli-world-finding-the-flowzone,11/2/2022,,84,2D Platformer
1300577302,NHL 23,nhl-23,10/11/2022,E10+,71,Hockey Sim
1300543117,Asterigos: Curse of the Stars,asterigos-curse-of-the-stars,10/11/2022,T,76,Action RPG
1300566020,F1 Manager 2022,f1-manager-2022,8/25/2022,E,74,Racing Sim
1300569795,Are You Smarter Than A 5th Grader?,are-you-smarter-than-a-5th-grader,8/23/2022,E,58,Trivia
1300501365,Voyage,voyage,8/12/2022,,69,Adventure
1300534074,Arcade Spirits: The New Challengers,arcade-spirits-the-new-challengers,5/27/2022,T,74,Visual Novel
1300482217,Assetto Corsa Competizione,assetto-corsa-competizione,2/22/2022,E,80,Auto Racing Sim
1300524105,In My Shadow,in-my-shadow,2/11/2022,E10+,57,Action Puzzle
1300516544,Chorus,chorus,12/3/2021,T,73,Space Combat Sim
1300542522,eFootball 2022,efootball-2022,9/30/2021,E,34,Soccer Sim
1300513213,KeyWe,keywe,9/28/2021,E,74,Action Puzzle
1300539113,Ghost of Tsushima: Iki Island,ghost-of-tsushima-iki-island,8/20/2021,,84,Open-World Action
1300538252,Watch Dogs: Legion - Bloodline,watch-dogs-legion-bloodline,7/6/2021,M,70,Open-World Action
1300477582,Despotism 3k,despotism-3k,6/26/2021,M,60,Strategy
1300478693,The Persistence,the-persistence,6/11/2021,M,71,First-Person Adventure
1300531062,MLB The Show 21,mlb-the-show-21,4/16/2021,E,78,Baseball Sim
1300459178,Can't Drive This,cant-drive-this,3/19/2021,E,67,Auto Racing
1300501068,COLLAPSED (2019),collapsed-2019,3/13/2021,T,60,2D Platformer
1300495810,GENSOU SkyDrift,gensou-skydrift,3/9/2021,E,48,Arcade Racing
1300514716,Arrog,arrog,2/5/2021,E10+,68,Point-and-Click
1300223302,Ray's the Dead,rays-the-dead,10/22/2020,T,65,Real-Time Strategy
1300509639,Pacer,pacer,10/22/2020,E,77,Future Racing
1300518620,Star Wars: Squadrons,star-wars-squadrons,10/2/2020,T,79,Space Combat Sim
1300139077,Clash Force,clash-force,7/3/2020,,50,2D Platformer
1300489868,Desperados III,desperados-iii,6/16/2020,M,82,Real-Time Tactics
1300513214,MotoGP 20,motogp-20,4/23/2020,E,76,Auto Racing Sim
1300478486,Ash of Gods: Redemption,ash-of-gods-redemption,2/3/2020,M,65,Turn-Based Tactics
1300489693,Sniper Ghost Warrior Contracts,sniper-ghost-warrior-contracts,11/22/2019,M,65,Tactical FPS
1300477303,Crimson Keep,crimson-keep,3/5/2019,M,39,Action RPG
1300465500,Genesis Alpha One,genesis-alpha-one,1/29/2019,M,65,FPS
1300185807,Kingdom Hearts III,kingdom-hearts-iii,1/29/2019,E10+,83,Action RPG
1300483480,RollerCoaster Tycoon Joyride,rollercoaster-tycoon-joyride,12/13/2018,E,44,Tycoon
1300488185,Atelier Arland Series Deluxe Pack,atelier-arland-series-deluxe-pack,12/4/2018,T,81,Compilation
1300490401,Transpose,transpose,11/6/2018,,80,First-Person Adventure
1300479389,SoulCalibur VI,soulcalibur-vi,10/19/2018,T,84,3D Fighting
1300490729,Life is Strange 2: Episode 1 - Roads,life-is-strange-2-episode-1-roads,9/27/2018,M,81,Third-Person Adventure
1300469958,Fighting EX Layer,fighting-ex-layer,6/28/2018,T,73,2D Fighting
1300475841,Nioh: Bloodshed's End,nioh-bloodsheds-end,9/26/2017,M,85,Action RPG
1300196033,Danganronpa V3: Killing Harmony,danganronpa-v3-killing-harmony,9/26/2017,M,81,Visual Novel
1300459857,Blue Reflection,blue-reflection,9/26/2017,T,66,JRPG
1300460991,Senran Kagura: Peach Beach Splash,senran-kagura-peach-beach-splash,9/26/2017,M,70,Third Person Shooter
1300459520,The Golf Club 2,the-golf-club-2,6/27/2017,E,76,Golf
1300452232,Cryptark,cryptark,6/27/2017,T,75,Top-Down Shoot-'Em-Up
1300462946,Wipeout: Omega Collection,wipeout-omega-collection,6/6/2017,E10+,85,Future Racing
1300466522,Mortal Blitz,mortal-blitz,4/4/2017,T,59,FPS
1300318993,Touhou Genso Wanderer,touhou-genso-wanderer,3/21/2017,T,70,Roguelike
1300457424,WRC 6: World Rally Championship,wrc-6-world-rally-championship,3/3/2017,E,66,Auto Racing Sim
1300457726,Ride 2,ride-2,2/14/2017,E,69,Auto Racing Sim
1300465104,Resident Evil 7: biohazard - Banned Footage Vol. 2,resident-evil-7-biohazard-banned-footage-vol-2,2/14/2017,M,67,Survival
1300375014,Aegis of Earth: Protonovus Assault,aegis-of-earth-protonovus-assault,3/15/2016,T,57,Defense
1300451258,Layers of Fear (2015),layers-of-fear-2015,2/16/2016,M,74,Survival
1300301917,Onechanbara Z2: Chaos,onechanbara-z2-chaos,7/21/2015,M,57,Survival
1300171935,Race the Sun,race-the-sun,10/21/2014,E,76,Arcade
1300293255,The Legend of Korra,the-legend-of-korra,10/21/2014,T,54,Linear Action Adventure
1300522635,The Stone of Madness,the-stone-of-madness,1/28/2025,T,63,Real-Time Tactics
1300627109,Tails of Iron 2: Whiskers of Winter,tails-of-iron-2-whiskers-of-winter,1/28/2025,T,77,Action RPG
1300569188,Cuisineer,cuisineer,1/28/2025,E10+,72,Action Adventure
1300648196,Sniper Elite: Resistance,sniper-elite-resistance,1/30/2025,M,75,Third Person Shooter
1300667916,MLB The Show 25,mlb-the-show-25,3/18/2025,E,83,Baseball Sim
1300676428,Nikoderiko: The Magical World - Director's Cut,nikoderiko-the-magical-world-directors-cut,4/15/2025,E,82,2D Platformer
1300673349,MotoGP 25,motogp-25,4/30/2025,E,78,Auto Racing Sim
1300581031,Yasha: Legends of the Demon Blade,yasha-legends-of-the-demon-blade,5/15/2025,T,66,Action RPG
1300599762,Gore Doctor,gore-doctor,5/27/2025,,40,Survival
1300642810,Rally Arcade Classics,rally-arcade-classics,6/1/2025,E,68,Auto Racing
1300655994,Dragon Ball Z: Kakarot - DAIMA - Adventure Through The Demon Realm - Part 1,dragon-ball-z-kakarot-daima-adventure-through-the,7/17/2025,T,69,Action RPG
1300637250,Cyber Clutch: Hot Import Nights,cyber-clutch-hot-import-nights,7/24/2025,T,49,Auto Racing
1300647243,Ritual of Raven,ritual-of-raven,8/7/2025,E,76,Virtual Life
1300470937,UFO 50,ufo-50,8/7/2025,T,90,Party
1300665327,THE HOUSE OF THE DEAD 2: Remake,the-house-of-the-dead-2-remake,8/7/2025,M,68,Light Gun
1300588864,Discounty,discounty,8/21/2025,E,74,Virtual Career
1300651082,Space Adventure Cobra: The Awakening,space-adventure-cobra-the-awakening,8/26/2025,T,69,2D Platformer
1300665588,Chip 'N Clawz vs. The Brainioids,chip-n-clawz-vs-the-brainioids,8/26/2025,T,79,Real-Time Strategy
1300682328,VARLET,varlet,8/27/2025,T,50,JRPG
1300677762,Super Robot Wars Y,super-robot-wars-y,8/28/2025,T,81,Turn-Based Tactics
1300616514,Robots at Midnight,robots-at-midnight,8/28/2025,T,61,Action RPG
1300538579,Heading Out,heading-out,8/29/2025,,76,Auto Racing
1300619106,Shinobi: Art of Vengeance,shinobi-art-of-vengeance,8/29/2025,T,87,2D Platformer
1300538111,Metal Eden,metal-eden,9/2/2025,M,73,FPS
1300627677,Jotunnslayer: Hordes of Hel,jotunnslayer-hordes-of-hel,9/3/2025,T,78,Action RPG
1300653211,Hirogami,hirogami,9/3/2025,E,60,3D Platformer
1300497468,Hollow Knight: Silksong,hollow-knight-silksong,9/4/2025,,94,Metroidvania
1300518424,Adventure of Samsara,adventure-of-samsara,9/4/2025,E10+,84,Metroidvania
1300689388,Indiana Jones and the Great Circle: The Order of Giants,indiana-jones-and-the-great-circle-the-order-of,9/4/2025,,74,Action Adventure
1300696655,Star Wars Outlaws: Gold Edition,star-wars-outlaws-gold-edition,9/4/2025,T,80,Open-World Action
1300677759,Everybody's Golf Hot Shots,everybodys-golf-hot-shots,9/5/2025,E10+,72,Golf
1300693319,NBA 2K26,nba-2k26,9/5/2025,E,74,Basketball Sim
1300596114,Daemon X Machina: Titanic Scion,daemon-x-machina-titanic-scion,9/5/2025,T,65,Vehicle Combat Sim
1300655319,Cronos: The New Dawn,cronos-the-new-dawn,9/5/2025,M,77,Survival
1300640716,Bubsy in: The Purrfect Collection,bubsy-in-the-purrfect-collection,9/9/2025,E,57,Compilation
1300697285,NHL 26,nhl-26,9/12/2025,E10+,73,Hockey Sim
1300648043,Borderlands 4,borderlands-4,9/12/2025,M,77,FPS
1300702650,Donkey Kong Bananza: DK Island & Emerald Rush,donkey-kong-bananza-dk-island-and-emerald-rush,9/12/2025,E10+,66,3D Platformer
1300591473,Henry Halfhead,henry-halfhead,9/16/2025,E,68,Third-Person Adventure
1300683603,Assassin's Creed Shadows: Claws of Awaji,assassins-creed-shadows-claws-of-awaji,9/16/2025,M,70,Open-World Action
1300637659,Strange Antiquities,strange-antiquities,9/17/2025,E10+,83,Point-and-Click
1300684260,Earthion,earthion,9/18/2025,T,83,Horizontal Shoot-'Em-Up
1300683601,Formula Legends,formula-legends,9/18/2025,,67,Auto Racing
1300541373,Frostpunk 2,frostpunk-2,9/18/2025,M,81,Management
1300648076,Dying Light: The Beast,dying-light-the-beast,9/18/2025,M,78,Survival
1300689322,Towa and the Guardians of the Sacred Tree,towa-and-the-guardians-of-the-sacred-tree,9/19/2025,E10+,73,Action RPG
1300597215,Baby Steps,baby-steps,9/23/2025,M,75,3D Platformer
1300662084,Blippo+,blippo-plus,9/23/2025,,82,Simulation
1300592768,Forgive Me Father 2,forgive-me-father-2,9/23/2025,M,74,FPS
1300685069,Mamorukun ReCurse!,mamorukun-recurse,9/25/2025,E10+,76,Vertical Shoot-'Em-Up
1300662662,Sonic Racing: CrossWorlds,sonic-racing-crossworlds,9/25/2025,E,82,Arcade Racing
1300662797,Agatha Christie - Death on the Nile,agatha-christie-death-on-the-nile,9/25/2025,T,81,Third-Person Adventure
1300580579,Silent Hill f,silent-hill-f,9/25/2025,M,86,Survival
1300584029,Hades II,hades-ii,9/25/2025,T,95,Action RPG
1300653208,Atelier Resleriana: The Red Alchemist & the White Guardian,atelier-resleriana-the-red-alchemist-and-the-white,9/26/2025,T,75,JRPG
1300610729,HOTEL BARCELONA,hotel-barcelona,9/26/2025,M,59,Action Adventure
1300685018,Alien: Rogue Incursion Evolved Edition,alien-rogue-incursion-evolved-edition,9/30/2025,M,70,Survival
1300689319,Nicktoons & The Dice of Destiny,nicktoons-and-the-dice-of-destiny,9/30/2025,E10+,70,Action RPG
1300689325,LEGO Party!,lego-party,9/30/2025,E,76,Party
1300652769,Ghost of Yotei,ghost-of-yotei,10/2/2025,M,86,Open-World Action
1300702643,Super Mario Galaxy + Super Mario Galaxy 2,super-mario-galaxy-plus-super-mario-galaxy-2,10/2/2025,E,88,Compilation
1300670717,Digimon Story Time Stranger,digimon-story-time-stranger,10/3/2025,T,79,Trainer RPG
1300648044,King of Meat,king-of-meat,10/7/2025,,70,Action Adventure
1300653775,Blood of Mehran,blood-of-mehran,10/7/2025,M,45,Action Adventure
1300639215,Yooka-Replaylee,yooka-replaylee,10/9/2025,E10+,77,3D Platformer
1300593474,Bye Sweet Carole,bye-sweet-carole,10/9/2025,T,69,Adventure
1300673748,Absolum,absolum,10/9/2025,E10+,86,2D Beat-'Em-Up
1300670723,Dreams of Another,dreams-of-another,10/10/2025,E,59,Action Adventure
1300695776,Battlefield 6,battlefield-6,10/10/2025,M,83,Tactical FPS
1300632565,Disgaea 7 Complete,disgaea-7-complete,10/10/2025,T,80,Turn-Based Tactics
1300696621,Just Dance 2026 Edition,just-dance-2026-edition,10/14/2025,E,82,Dancing
1300695895,NASCAR 25,nascar-25,10/14/2025,E,73,Auto Racing Sim
1300689335,BALL x PIT,ball-x-pit,10/15/2025,T,87,Vertical Shoot-'Em-Up
1300627380,Pokemon Legends: Z-A,pokemon-legends-z-a,10/16/2025,E10+,76,Trainer RPG
1300667194,Ninja Gaiden 4,ninja-gaiden-4,10/21/2025,M,81,Action Adventure
1300498390,Vampire: The Masquerade - Bloodlines 2,vampire-the-masquerade-bloodlines-2,10/21/2025,M,64,Western RPG
1300636558,Jurassic World Evolution 3,jurassic-world-evolution-3,10/21/2025,E10+,84,Tycoon
1300672350,The Lonesome Guild,the-lonesome-guild,10/23/2025,T,64,Action RPG
1300675968,PowerWash Simulator 2,powerwash-simulator-2,10/23/2025,E,83,Virtual Career
1300696161,Godbreakers,godbreakers,10/23/2025,E10+,74,Action Adventure
1300696620,Once Upon a KATAMARI,once-upon-a-katamari,10/24/2025,E,78,3D Platformer
1300538292,The Outer Worlds 2,the-outer-worlds-2,10/29/2025,M,81,Western RPG
1300696622,Plants vs. Zombies: Replanted,plants-vs-zombies-replanted,10/23/2025,E10+,75,Defense
1300646402,Dragon Ball: Gekishin Squadra,dragon-ball-gekishin-squadra,9/9/2025,T,81,MOBA
1300600401,Chronicles of the Wolf,chronicles-of-the-wolf,6/19/2025,T,78,Metroidvania
1300550432,Labyrinth Of The Demon King,labyrinth-of-the-demon-king,5/13/2025,M,71,Survival
1300020807,Captain Blood,captain-blood,5/6/2025,M,49,Action Adventure
1300538228,RoboDunk,robodunk,1/21/2025,E,75,Basketball
1300596489,Bulletstorm VR,bulletstorm-vr,1/18/2024,T,58,Light Gun
1300528621,Open Roads,open-roads,3/28/2024,T,58,Adventure
1300629469,MotoGP 24,motogp-24,5/2/2024,E,76,Auto Racing Sim
1300606569,Destiny 2: The Final Shape,destiny-2-the-final-shape,6/4/2024,T,90,FPS
1300589901,Elden Ring: Shadow of the Erdtree,elden-ring-shadow-of-the-erdtree,6/21/2024,M,94,Action RPG
1300479944,Exo One,exo-one,6/27/2024,E,82,Space Sim
1300575852,Flock,flock-2,7/16/2024,E,78,Adventure
1300018259,SVC Chaos: SNK vs. Capcom,svc-chaos-snk-vs-capcom,7/22/2024,,64,2D Fighting
1300515748,The Mortuary Assistant,the-mortuary-assistant,8/2/2024,M,75,First-Person Adventure
1300626921,Hidden Through Time 2: Discovery,hidden-through-time-2-discovery,8/13/2024,E,66,Hidden Object
1300619111,Visions of Mana,visions-of-mana,8/29/2024,T,75,JRPG
1300639391,Harry Potter: Quidditch Champions,harry-potter-quidditch-champions,9/3/2024,T,66,Team Sports
1300644711,Mortal Kombat 1: Khaos Reigns,mortal-kombat-1-khaos-reigns,9/24/2024,M,61,2D Fighting
1300626332,Sword Art Online: Fractured Daydream,sword-art-online-fractured-daydream,10/4/2024,T,68,Action RPG
1300522599,Unknown 9: Awakening,unknown-9-awakening,10/18/2024,T,59,Linear Action Adventure
1300647053,RetroRealms: Ash vs Evil Dead,retrorealms-ash-vs-evil-dead,10/18/2024,M,78,2D Platformer
1300639422,Slay The Princess - The Pristine Cut,slay-the-princess-the-pristine-cut,10/24/2024,M,91,Visual Novel
1300605173,Symphonia,symphonia,12/5/2024,E,85,2D Platformer
1300573185,Ravenswatch,ravenswatch,11/28/2024,T,71,Roguelike
1300630494,Shadows of the Damned: Hella Remastered,shadows-of-the-damned-hella-remastered,10/31/2024,M,71,Action Adventure
1300647052,RetroRealms: Halloween,retrorealms-halloween,10/18/2024,M,78,2D Platformer
1300597505,Metaphor: ReFantazio,metaphor-refantazio,10/11/2024,T,94,JRPG
1300628350,Persona 3 Reload - Episode Aigis: The Answer,persona-3-reload-episode-aigis-the-answer,9/10/2024,M,71,JRPG
1300602904,Final Fantasy XIV: Dawntrail,final-fantasy-xiv-dawntrail,7/2/2024,T,81,MMORPG
1300460512,Granblue Fantasy: Relink,granblue-fantasy-relink,2/1/2024,T,80,RPG
1300567611,The Cub,the-cub,1/19/2024,T,74,2D Platformer
1300530872,Pinball FX,pinball-fx,2/16/2023,T,70,Pinball
1300479228,Atomic Heart,atomic-heart,2/21/2023,M,70,FPS
1300518373,Destiny 2: Lightfall,destiny-2-lightfall,2/28/2023,,69,FPS
1300539238,Clash: Artifacts of Chaos,clash-artifacts-of-chaos,3/9/2023,T,77,Action Adventure
1300587079,WWE 2K23,wwe-2k23,3/14/2023,T,82,Wrestling
1300564748,Chef Life: A Restaurant Simulator,chef-life-a-restaurant-simulator,3/28/2023,E,71,Virtual Career
1300576729,Saga of Sins,saga-of-sins,3/30/2023,E10+,70,Metroidvania
1300577268,God of Rock,god-of-rock,4/18/2023,T,58,Rhythm
1300571074,Fairy Fencer F: Refrain Chord,fairy-fencer-f-refrain-chord,4/25/2023,T,66,Turn-Based Tactics
1300537897,Bramble: The Mountain King,bramble-the-mountain-king,4/27/2023,M,80,Linear Action Adventure
1300587999,Death or Treat,death-or-treat,5/11/2023,E10+,57,2D Platformer
1300498391,The Lord of the Rings - Gollum,the-lord-of-the-rings-gollum,5/25/2023,T,33,Action Adventure
1300506150,Legend Bowl,legend-bowl,8/9/2023,,69,Football
1300493792,Jets'n'Guns 2,jetsnguns-2,8/25/2023,,80,Horizontal Shoot-'Em-Up
1300593446,Agatha Christie - Hercule Poirot: The London Case,agatha-christie-hercule-poirot-the-london-case,8/29/2023,T,67,Point-and-Click
1300601295,Tenebris Pictura,tenebris-pictura,8/31/2023,E10+,54,Action Adventure
1300550311,Monochrome Mobius: Rights and Wrongs Forgotten,monochrome-mobius-rights-and-wrongs-forgotten,9/5/2023,T,66,JRPG
1300489275,Gloomhaven,gloomhaven,9/18/2023,T,70,Board
1300589628,Mortal Kombat 1,mortal-kombat-1,9/19/2023,M,83,2D Fighting
1300569271,Pizza Possum,pizza-possum,9/28/2023,E,80,Arcade
1300541432,Forgive me Father,forgive-me-father,9/28/2023,M,74,FPS
1300592594,Cricket 24,cricket-24,10/5/2023,E,57,Cricket
1300581776,Sword Art Online: Last Recollection,sword-art-online-last-recollection,10/6/2023,T,65,Action RPG
1300528623,Endless Dungeon,endless-dungeon,10/19/2023,T,73,Real-Time Tactics
1300576816,Little Goody Two Shoes,little-goody-two-shoes,10/31/2023,T,77,RPG
1300613251,Dead Island 2: Haus,dead-island-2-haus,11/2/2023,,68,FPS
1300588993,Kill It With Fire VR,kill-it-with-fire-vr,11/7/2023,T,67,Simulation
1300578454,Like a Dragon Gaiden: The Man Who Erased His Name,like-a-dragon-gaiden-the-man-who-erased-his-name,11/9/2023,M,78,Action Adventure
1300612817,DREDGE: The Pale Reach,dredge-the-pale-reach,11/16/2023,,76,Action Adventure
1300577389,Worldless,worldless,11/21/2023,E10+,80,Metroidvania
1300516569,Astral Ascent,astral-ascent,11/14/2023,T,83,2D Platformer
1300599377,Marble It Up! Ultra,marble-it-up-ultra,8/17/2023,E,76,3D Platformer
1300566316,Exoprimal,exoprimal,7/14/2023,M,67,Tactical Third Person Shooter
1300501849,GYLT,gylt,7/6/2023,T,72,Action Adventure
1300580597,Raiden III x MIKADO MANIAX,raiden-iii-x-mikado-maniax,6/6/2023,E10+,76,Vertical Shoot-'Em-Up
1300482848,Martha is Dead,martha-is-dead,2/24/2022,M,70,First-Person Adventure
1300538392,ELEX II,elex-ii,3/1/2022,M,70,Western RPG
1300553986,Assassin's Creed Valhalla: Dawn of Ragnarok,assassins-creed-valhalla-dawn-of-ragnarok,3/10/2022,M,71,Open-World Action
1300516546,The Ascent,the-ascent,3/24/2022,M,77,Action RPG
1300566019,Lost Judgment: The Kaito Files,lost-judgment-the-kaito-files,3/28/2022,M,76,Open-World Action
1300510710,Lake,lake,4/8/2022,M,77,Adventure
1300528626,Evil Dead: The Game,evil-dead-the-game,5/13/2022,M,72,Survival
1300566401,Outward: Definitive Edition,outward-definitive-edition,5/17/2022,T,69,Open-World Action
1300483827,DOLMEN,dolmen,5/20/2022,T,60,Action RPG
1300494622,Insomnis,insomnis,5/31/2022,M,65,First-Person Adventure
1300543486,MX vs ATV Legends,mx-vs-atv-legends,6/28/2022,E,55,Auto Racing
1300526749,LOST EPIC,lost-epic,7/28/2022,M,64,Action RPG
1300506528,LEGO Brawls,lego-brawls,9/2/2022,E10+,46,2D Fighting
1300573105,NBA 2K23,nba-2k23,9/9/2022,E,78,Basketball Sim
1300510107,Pathfinder: Wrath of the Righteous,pathfinder-wrath-of-the-righteous,9/29/2022,M,80,Western RPG
1300537857,Alfred Hitchcock: Vertigo,alfred-hitchcock-vertigo,10/4/2022,M,64,Third-Person Adventure
1300567299,Ghostbusters: Spirits Unleashed,ghostbusters-spirits-unleashed,10/18/2022,E10+,68,Action Adventure
1300572411,Resident Evil Village: Winters' Expansion,resident-evil-village-winters-expansion,10/28/2022,,73,Survival
1300571147,WRC Generations,wrc-generations,11/3/2022,E,74,Auto Racing Sim
1300544259,The Entropy Centre,the-entropy-centre,11/3/2022,E10+,81,First-Person Adventure
1300531687,Police Simulator: Patrol Officers,police-simulator-patrol-officers,11/10/2022,T,58,Virtual Career
1300479629,Gungrave G.O.R.E,gungrave-gore,11/22/2022,M,57,Third Person Shooter
1300545274,The Dark Pictures Anthology: The Devil in Me,the-dark-pictures-anthology-the-devil-in-me,11/18/2022,M,69,Third-Person Adventure
1300533957,Thymesia,thymesia,8/18/2022,M,68,Action RPG
1300501979,Elden Ring,elden-ring,2/25/2022,M,96,Action RPG
1300487844,Bonkies,bonkies,1/29/2021,E,76,Party
1300368163,POSTAL Redux,postal-redux,3/5/2021,M,57,Top-Down Shoot-'Em-Up
1300455732,Oddworld: Soulstorm,oddworld-soulstorm,4/6/2021,T,67,Action Adventure
1300536492,Assassin's Creed Valhalla: Wrath of the Druids,assassins-creed-valhalla-wrath-of-the-druids,5/13/2021,,70,Open-World Action
1300517312,Just Die Already,just-die-already,5/20/2021,M,56,Action Adventure
1300485664,Green Hell,green-hell,6/9/2021,M,76,Survival
1300510415,Dungeons & Dragons: Dark Alliance,dungeons-and-dragons-dark-alliance,6/22/2021,M,57,RPG
1300522974,SkyDrift Infinity,skydrift-infinity,7/29/2021,E10+,80,Aircraft Combat Sim
1300516541,The Medium,the-medium,9/3/2021,M,75,Survival
1300522611,Aragami 2,aragami-2,9/17/2021,M,64,Action Adventure
1300520251,Far Cry 6,far-cry-6,10/7/2021,M,73,FPS
1300525874,Tandem: A Tale of Shadows,tandem-a-tale-of-shadows,10/21/2021,E10+,74,Action Adventure
1300544574,Mobile Suit Gundam: Battle Operation Code Fairy,mobile-suit-gundam-battle-operation-code-fairy,11/5/2021,,66,Vehicle Combat Sim
1300517643,Epic Chef,epic-chef,11/11/2021,E10+,56,Open-World Action
1300537266,Marsupilami: Hoobadventure,marsupilami-hoobadventure,11/16/2021,E,68,2D Platformer
1300544598,Cricket 22,cricket-22,12/2/2021,E,63,Cricket
1300459324,Praey for the Gods,praey-for-the-gods,12/14/2021,T,46,Open-World Action
1300537062,Farming Simulator 22,farming-simulator-22,11/22/2021,E,75,Virtual Career
1300522602,Warhammer Age of Sigmar: Storm Ground,warhammer-age-of-sigmar-storm-ground,5/27/2021,,61,Turn-Based Tactics
1300516490,Mortal Kombat 11: Aftermath,mortal-kombat-11-aftermath,5/26/2020,M,75,2D Fighting
1300517385,Street Power Soccer,street-power-soccer,8/25/2020,E,41,Soccer
1300467570,Hell Warders,hell-warders,2/21/2019,T,58,Defense
1300501854,Citizens of Space,citizens-of-space,6/18/2019,T,63,JRPG
1300500137,Truck Racing Championship,truck-racing-championship,8/20/2019,E,60,Auto Racing Sim
1300506366,Rebel Cops,rebel-cops,9/17/2019,T,59,Turn-Based Tactics
1300504879,Zombieland: Double Tap - Road Trip,zombieland-double-tap-road-trip,10/15/2019,M,39,Top-Down Shoot-'Em-Up
1300463696,Raging Loop,raging-loop,10/22/2019,M,79,Visual Novel
1300491699,Subdivision Infinity DX,subdivision-infinity-dx,8/16/2019,E10+,63,Space Combat Sim
1300462951,Omen of Sorrow,omen-of-sorrow,11/6/2018,T,64,2D Fighting
1300492066,Big Bash Boom,big-bash-boom,11/29/2018,E,55,Cricket
1300283659,Vertical Drop Heroes HD,vertical-drop-heroes-hd,2/14/2017,E10+,63,Action RPG
1300110450,L.A. Noire: The Complete Edition,l-a-noire-the-complete-edition,11/14/2017,M,79,Open-World Action
1300079222,Journey,journey,7/21/2015,E,92,3D Platformer
1300219871,Hatoful Boyfriend,hatoful-boyfriend,7/21/2015,E10+,72,Visual Novel
1300451451,The Jackbox Party Pack 2,the-jackbox-party-pack-2,10/13/2015,T,71,Party
1300293637,Fire: Ungh's Quest,fire-unghs-quest,1/6/2015,,64,Point-and-Click
1300184333,Warhammer Quest,warhammer-quest,1/7/2015,,55,Turn-Based Strategy
1300330080,Disorder (2015),disorder-2015,1/12/2015,,61,2D Platformer
1300390107,The Sims 4: Outdoor Retreat,the-sims-4-outdoor-retreat,1/13/2015,T,66,Virtual Life
1300386920,Avernum 2: Crystal Souls,avernum-2-crystal-souls,1/14/2015,,78,Western RPG
1300386927,JumpJet Rex,jumpjet-rex,1/14/2015,,76,2D Platformer
1300153052,Tengami,tengami,1/15/2015,,57,Adventure
1300377269,TRISTOY,tristoy,1/15/2015,,49,2D Platformer
1300342158,Karmaflow: The Rock Opera Videogame,karmaflow-the-rock-opera-videogame,1/19/2015,,47,3D Platformer
1300288287,Blackguards 2,blackguards-2,1/20/2015,,74,Turn-Based Tactics
1300392090,Super Galaxy Squadron,super-galaxy-squadron,1/23/2015,,70,Vertical Shoot-'Em-Up
1300254867,Grey Goo,grey-goo,1/23/2015,T,77,Command RTS
1300375079,Roche Fusion,roche-fusion,1/23/2015,E,85,Vertical Shoot-'Em-Up
1300149582,Phantom Breaker: Battle Grounds,phantom-breaker-battle-grounds,1/23/2015,,64,2D Beat-'Em-Up
1300393565,Overture,overture,1/26/2015,,76,Action RPG
1300393583,Fahrenheit: Indigo Prophecy Remastered,fahrenheit-indigo-prophecy-remastered,1/28/2015,M,61,Third-Person Adventure
1300375085,Heroes of Might & Magic III - HD Edition,heroes-of-might-and-magic-iii-hd-edition,1/29/2015,T,65,Turn-Based Strategy
1300393609,Supreme League of Patriots,supreme-league-of-patriots,1/29/2015,,56,Point-and-Click
1300176427,Hyperdimension Neptunia Re;Birth1,chou-tsugitsugimono-game-neptune-re-birth1,1/29/2015,T,72,JRPG
1300108701,Raven's Cry,ravens-cry,1/30/2015,,27,Open-World Action
1300147769,Zombeer,zombeer,1/30/2015,M,32,FPS
1300314668,World of Van Helsing: Deathtrap,world-of-van-helsing-deathtrap,2/4/2015,T,77,Strategy
1300274615,Freaking Meatbags,freaking-meatbags,2/4/2015,,69,Defense
1300377266,Cities XXL,cities-xxl,2/5/2015,,47,Management
1300393572,Castle In The Darkness,castle-in-the-darkness,2/5/2015,,76,Metroidvania
1300290682,Sunless Sea,sunless-sea,2/6/2015,,81,Action Adventure
1300152584,Harold,harold,2/12/2015,,70,2D Platformer
1300373390,Decay: The Mare,decay-the-mare,2/13/2015,,60,Point-and-Click
1300392100,Lucius II,lucius-ii,2/13/2015,,48,Action Adventure
1300329656,Total War: Attila,total-war-attila,2/17/2015,T,80,Real-Time Strategy
1300395420,Morningstar: Descent to Deadrock,morningstar-descent-to-deadrock,2/17/2015,,62,Point-and-Click
1300223274,Frozen Cortex,frozen-cortex,2/19/2015,,79,Future Sport
1300307993,Hot Tin Roof: The Cat That Wore A Fedora,hot-tin-roof,2/20/2015,,66,Adventure
1300402929,Oscura: Lost Light,oscura-lost-light,2/24/2015,,66,2D Platformer
1300334484,Homeworld Remastered Collection,homeworld-remastered-collection,2/25/2015,E10+,86,Compilation
1300396772,Republique: Episode 1 - Exordium,republique-episode-1-exordium,2/25/2015,,77,Linear Action Adventure
1300402936,A Druid's Duel,a-druids-duel,2/25/2015,,70,Turn-Based Tactics
1300284483,"Over 9,000 Zombies!",over-9000-zombies,2/25/2015,,53,Top-Down Shoot-'Em-Up
1300394396,Oblitus,oblitus,2/27/2015,,69,2D Platformer
1300326172,BLACKHOLE (2014),blackhole-2014,2/27/2015,,82,2D Platformer
1300405444,Five Nights at Freddy's 3,five-nights-at-freddys-3,3/2/2015,,68,Survival
1300293662,Tormentum - Dark Sorrow,tormentum-dark-sorrow,3/4/2015,,72,Point-and-Click
1300403332,Vietnam '65,vietnam-65,3/5/2015,,81,Real-Time Tactics
1300122880,Steel Armor: Blaze of War,steel-armor-blaze-of-war,3/5/2015,,70,Vehicle Combat Sim
1300261435,Shelter 2,shelter-2,3/9/2015,,58,Virtual Life
1300306868,Assassin's Creed Rogue,assassins-creed-rogue,3/9/2015,M,74,Open-World Action
1300402945,Parallax (2015),parallax-2015,3/10/2015,,68,Action Puzzle
1300399374,Mushroom Men: Truffle Trouble,mushroom-men-truffle-trouble,3/10/2015,,55,3D Platformer
1300286970,Ori and the Blind Forest,ori-and-the-blind-forest,3/11/2015,E,88,Metroidvania
1300408852,Dreamfall Chapters Book Two: Rebels,dreamfall-chapters-book-two-rebels,3/12/2015,,71,Third-Person Adventure
1300390106,Sid Meier's Starships,sid-meiers-starships,3/12/2015,,64,Turn-Based Strategy
1300389791,Hektor,hektor,3/13/2015,,55,Survival
1300286976,Woolfe - The Red Hood Diaries,woolfe-the-redhood-diaries,3/17/2015,,55,2D Platformer
1300406281,Out of the Park Baseball 16,out-of-the-park-baseball-16,3/23/2015,,91,Baseball Sim
1300410267,Borderlands: The Pre-Sequel - Claptastic Voyage and Ultimate Vault Hunter Upgrade Pack 2,borderlands-the-pre-sequel-claptastic-voyage-and,3/24/2015,M,73,FPS
1300412394,Dragon Age: Inquisition - Jaws Of Hakkon,dragon-age-inquisition-jaws-of-hakkon,3/24/2015,,74,Western RPG
1300298289,Dyscourse,dyscourse,3/25/2015,,71,Adventure
1300198619,Etherium,etherium,3/25/2015,,62,Real-Time Strategy
1300412372,"Please, Don't Touch Anything",please-dont-touch-anything,3/26/2015,,75,Point-and-Click
1300176589,Infinite Crisis,infinite-crisis,3/26/2015,T,68,MOBA
1300157889,Pillars of Eternity,pillars-of-eternity,3/26/2015,M,89,Western RPG
1300414527,Rampage Knights,rampage-knights,3/27/2015,,80,2D Beat-'Em-Up
1300401303,Bloodsports.TV,bloodsportstv,3/30/2015,,69,MOBA
1300395989,The Sims 4: Get to Work,the-sims-4-get-to-work,3/31/2015,T,73,Virtual Life
1300044218,15 Days,15-days,4/1/2015,,63,Point-and-Click
1300164602,Out There,out-there,4/1/2015,,75,Adventure
1300425331,Hearthstone: Heroes of Warcraft - Blackrock Mountain,hearthstone-heroes-of-warcraft-blackrock-mountain,4/2/2015,,82,Card Battle
1300223120,VoidExpanse,voidexpanse,4/2/2015,,59,Action RPG
1300165476,War for the Overworld,war-for-the-overworld,4/2/2015,,65,Real-Time Strategy
1300418102,Lakeview Cabin Collection,lakeview-cabin-collection,4/9/2015,,70,Survival
1300247038,StarDrive 2,stardrive-2,4/9/2015,,70,4X Strategy
1300419526,Age of Wonders III - Eternal Lords,age-of-wonders-iii-eternal-lords,4/14/2015,,80,Turn-Based Strategy
1300169309,Westerado: Double Barreled,westerado,4/16/2015,,80,Open-World Action
1300419537,House of Caravan,house-of-caravan,4/16/2015,,39,Adventure
1300342128,Halo: Spartan Strike,halo-spartan-strike,4/16/2015,T,66,Top-Down Shoot-'Em-Up
1300399383,The Charnel House Trilogy,the-charnel-house-trilogy,4/16/2015,,68,Point-and-Click
1300419540,"Slow Down, Bull",slow-down-bull,4/20/2015,,65,Action
1300375074,Convoy: A Tactical Roguelike,convoy-a-tactical-roguelike,4/21/2015,,72,Roguelike
1300379449,Kalimba,kalimba,4/22/2015,,81,2D Platformer
1300414942,Car Mechanic Simulator 2015,car-mechanic-simulator-2015,4/23/2015,E,68,Virtual Career
1300422869,Galacide,galacide,4/24/2015,,76,Horizontal Shoot-'Em-Up
1300019872,Ys: The Ark of Napishtim,ys-the-ark-of-napishtim,4/28/2015,,76,Action RPG
1300412399,The Perils of Man,the-perils-of-man,4/28/2015,,61,Point-and-Click
1300242537,Broken Age: Act 2,broken-age-act-2,4/28/2015,,73,Point-and-Click
1300149420,Shadowrun Chronicles: Boston Lockdown,shadowrun-online,4/28/2015,T,61,Turn-Based Tactics
1300342662,The Weaponographist,the-weaponographist,4/29/2015,,58,Action RPG
1300370552,Block N Load,block-n-load,4/30/2015,,72,Tactical FPS
1300089402,"Guns, Gore & Cannoli",guns-gore-and-cannoli,4/30/2015,T,74,2D Platformer
1300424444,Space Colony: Steam Edition,space-colony-steam-edition,4/30/2015,,74,Management
1300291581,Solarix,solarix-2014,4/30/2015,,47,Action
1300411457,Rooms: The Unsolvable Puzzle,rooms-the-unsolvable-puzzle,5/1/2015,,66,Puzzle
1300346189,"Warhammer 40,000: Regicide",warhammer-40000-regicide,5/4/2015,,72,Real-Time Strategy
1300422898,Last Word,last-word-2015,5/8/2015,,67,RPG
1300394406,Inside My Radio,inside-my-radio,5/11/2015,E10+,68,2D Platformer
1300392079,Lemma,lemma,5/12/2015,,73,3D Platformer
1300200421,Galactic Civilizations III,galactic-civilizations-iii,5/14/2015,E10+,81,4X Strategy
1300422547,NEON STRUCT,neon-struct,5/20/2015,,62,Action Adventure
1300108421,Carmageddon: Reincarnation,carmageddon-reincarnation,5/21/2015,,54,Vehicle Combat Sim
1300417682,Bunker - The Underground Game,bunker-the-underground-game,5/21/2015,,70,Point-and-Click
1300286992,Sunset (2015),sunset-2015,5/21/2015,,66,First-Person Adventure
1300428306,Epanalepsis,epanalepsis,5/21/2015,,48,Point-and-Click
1300386840,Technobabylon,technobabylon,5/21/2015,,82,Point-and-Click
1300428305,Interloper (2015),interloper-2015,5/21/2015,,77,Real-Time Tactics
1300414976,The Incredible Adventures of Van Helsing III,the-incredible-adventures-of-van-helsing-iii,5/22/2015,T,64,Action RPG
1300375435,MISSING: An Interactive Thriller,missing-an-interactive-thriller,5/25/2015,,63,Point-and-Click
1300493107,Guilty Gear XX Accent Core Plus R,guilty-gear-xx-accent-core-plus-r,5/26/2015,,75,2D Fighting
1300390387,Magnetic: Cage Closed,magnetic-cage-closed,5/26/2015,,61,First-Person Adventure
1300178007,Audiosurf 2,audiosurf-2,5/26/2015,,76,Rhythm
1300267185,0RBITALIS,0rbitalis,5/28/2015,,73,Action Puzzle
1300439132,The Detail Episode 2 - From The Ashes,the-detail-episode-two,5/28/2015,,66,Point-and-Click
1300434864,Homesick,homesick,5/28/2015,,72,First-Person Adventure
1300282144,Serpent in the Staglands,serpent-in-the-staglands,5/28/2015,,75,Western RPG
1300280735,Rebuild 3: Gangs of Deadsville,rebuild-gangs-of-deadsville,5/29/2015,,75,Management
1300342187,Hatred,hatred,6/1/2015,AO,43,Top-Down Shoot-'Em-Up
1300184528,Massive Chalice,massive-chalice,6/1/2015,T,73,Turn-Based Tactics
1300219830,Heroes of the Storm,heroes-of-the-storm,6/2/2015,T,86,MOBA
1300162456,Dirty Bomb,dirty-bomb,6/3/2015,,63,FPS
1300436755,You Must Build A Boat,you-must-build-a-boat,6/4/2015,,71,Strategy
1300405445,Star Hammer: The Vanguard Prophecy,star-hammer-the-vanguard-prophecy,6/4/2015,,69,Turn-Based Tactics
1300314659,The Masterplan,the-masterplan,6/4/2015,,68,Real-Time Tactics
1300433541,Sylvio,sylvio,6/5/2015,,60,First-Person Adventure
1300185525,D4: Dark Dreams Don't Die,d4-dark-dreams-dont-die,6/5/2015,,67,Point-and-Click
1300315864,Alone in the Dark: Illumination,alone-in-the-dark-illumination,6/11/2015,,19,Survival
1300434944,Pro Cycling Manager Season 2015,pro-cycling-manager-season-2015,6/18/2015,,66,Biking
1300434870,Her Story,her-story,6/24/2015,,86,Adventure
1300148039,Mighty Switch Force! Hyper Drive Edition,mighty-switch-force-hyper-drive-edition,6/25/2015,E10+,85,2D Platformer
1300437546,Lethis - Path of Progress,lethis-path-of-progress,6/25/2015,,65,Management
1300437458,Beyond Sol,beyond-sol,6/30/2015,,83,Real-Time Strategy
1300446826,Divide By Sheep,divide-by-sheep,7/2/2015,,83,Logic Puzzle
1300437445,How to Survive: Third Person Standalone,how-to-survive-third-person-standalone,7/2/2015,,56,Survival
1300307989,Anna's Quest,annas-quest,7/2/2015,,74,Point-and-Click
1300436728,"Knee Deep, Act 1: Wonderland",knee-deep,7/6/2015,,66,Point-and-Click
1300029170,Battle Fantasia,battle-fantasia,7/7/2015,,58,2D Fighting
1300414886,Gunpowder,gunpowder,7/8/2015,,76,Action Puzzle
1300405454,Traverser,traverser,7/9/2015,,61,Linear Action Adventure
1300447723,Contradiction - Spot The Liar!,contradiction-spot-the-liar,7/10/2015,T,72,Adventure
1300255518,Spectra: 8bit Racing,spectra-8bit-racing,7/10/2015,,60,Auto Racing
1300112659,Card Hunter,card-hunter,7/13/2015,,80,Board
1300449408,Slybots: Frantic Zone,slybots-frantic-zone,7/13/2015,,65,Top-Down Shoot-'Em-Up
1300449396,AR-K Episode 3: The Great Escape,ar-k-episode-3-the-great-escape,7/14/2015,,78,Point-and-Click
1300447721,Odallus: The Dark Call,odallus-the-dark-call,7/15/2015,,80,Action Adventure
1300436742,Luckslinger,luckslinger,7/16/2015,,76,2D Platformer
1300404096,Legions of Steel,legions-of-steel,7/16/2015,,64,Board
1300334143,Sorcerer King,sorcerer-king,7/16/2015,,75,4X Strategy
1300437465,Niko: Through The Dream,niko-through-the-dream,7/17/2015,,74,First-Person Adventure
1300424310,Five Nights at Freddy's 4,five-nights-at-freddys-4-the-final-chapter,7/23/2015,,51,Survival
1300450543,The Talos Principle: Road To Gehenna,the-talos-principle-road-to-gehenna,7/23/2015,,82,First-Person Adventure
1300089190,Way of the Samurai 4,way-of-the-samurai-4,7/23/2015,M,72,Open-World Action
1300353701,Cradle,cradle,7/24/2015,,65,First-Person Adventure
1300396341,Victor Vran,victor-vran,7/24/2015,,75,Action RPG
1300446857,ICY,icy,7/27/2015,,56,RPG
1300255502,Kyn,kyn,7/28/2015,,58,Action RPG
1300439288,Magic Duels: Origins,magic-duels-origins,7/29/2015,,77,Card Battle
1300440541,Enki,enki,7/31/2015,,43,First-Person Adventure
1300193388,Dream (2013),dream-2013,7/31/2015,,59,First-Person Adventure
1300182192,Fairy Fencer F,fairy-fencer-f,8/4/2015,T,66,JRPG
1300437503,Airscape: The Fall of Gravity,airscape-the-fall-of-gravity,8/11/2015,,75,2D Platformer
1300168015,Hacknet,hacknet,8/12/2015,T,82,Adventure
1300451037,Viridi,viridi,8/19/2015,,46,Miscellaneous
1300408012,DiscStorm,discstorm,8/20/2015,,58,Action
1300450555,Gryphon Knight Epic,gryphon-knight-epic,8/20/2015,,55,Horizontal Shoot-'Em-Up
1300449802,RymdResa,rymdresa,8/20/2015,,64,RPG
1300395391,Shadowrun: Hong Kong,shadowrun-hong-kong,8/20/2015,,81,Western RPG
1300451157,In Between (2015),in-between-2015,8/21/2015,,68,2D Platformer
1300184531,The Flock,the-flock,8/21/2015,,36,Action
1300451327,Hearthstone: Heroes of Warcraft - The Grand Tournament,hearthstone-heroes-of-warcraft-the-grand,8/24/2015,,84,Card Battle
1300429903,Grandia II Anniversary Edition,grandia-ii-remastered,8/24/2015,T,80,JRPG
1300450368,Valhalla Hills,valhalla-hills,8/24/2015,,69,Strategy
1300450336,Evoland 2: A Slight Case of Spacetime Continuum Disorder,evoland-2-a-slight-case-of-spacetime-continuum,8/25/2015,,74,Adventure
1300306991,Crookz: The Big Heist,crookz-the-big-heist,8/25/2015,T,74,Turn-Based Strategy
1300441664,Pillars of Eternity: The White March - Part 1,pillars-of-eternity-the-white-march-part-1,8/25/2015,M,76,Western RPG
1300451262,Corpse of Discovery,corpse-of-discovery,8/25/2015,,49,First-Person Adventure
1300250622,Fran Bow,fran-bow,8/27/2015,,70,Point-and-Click
1300375071,Satellite Reign,satellite-reign,8/27/2015,,75,Real-Time Strategy
1300451256,Rememoried,rememoried,8/31/2015,,65,First-Person Adventure
1300139870,Stasis,stasis,8/31/2015,,79,Point-and-Click
1300450254,Company of Heroes 2: The British Forces,company-of-heroes-2-the-british-forces,9/2/2015,M,80,Real-Time Strategy
1300446868,Renowned Explorers: International Society,renowned-explorers-international-society,9/2/2015,,72,Turn-Based Tactics
1300307969,Act of Aggression,act-of-aggression,9/2/2015,,71,Real-Time Strategy
1300450969,Lumini,lumini,9/3/2015,,69,Arcade
1300451255,Master Spy,master-spy,9/8/2015,,68,2D Platformer
1300450922,Circa Infinity,circa-infinity,9/8/2015,,80,2D Platformer
1300451622,Dragon Age: Inquisition - Trespasser,dragon-age-inquisition-trespasser,9/9/2015,,77,Western RPG
1300410238,Dropsy,dropsy,9/10/2015,,80,Point-and-Click
1300124063,RAVENMARK: Scourge of Estellion,ravenmark-scourge-of-estellion,9/10/2015,,75,Turn-Based Tactics
1300118774,Cross of the Dutchman,cross-of-the-dutchman,9/10/2015,,59,Action Adventure
1300452090,Albino Lullaby: Episode 1,albino-lullaby-episode-1,9/15/2015,,64,Survival
1300440513,Skyshine's Bedlam,skyshines-bedlam,9/16/2015,,67,Turn-Based Tactics
1300405461,Shovel Knight: Plague of Shadows,shovel-knight-plague-of-shadows,9/17/2015,E,89,2D Platformer
1300451326,I Can't Escape: Darkness,i-cant-escape-darkness,9/17/2015,,43,Adventure
1300115422,World of Warships,world-of-warships,9/17/2015,T,81,Marine Combat Sim
1300452181,System Shock: Enhanced Edition,system-shock-enhanced-edition,9/22/2015,M,85,Action Adventure
1300451626,Concrete Jungle,concrete-jungle,9/23/2015,,76,Management
1300451961,Cities: Skylines - After Dark,cities-skylines-after-dark,9/24/2015,E,79,Management
1300451635,Else Heart.Break(),else-heartbreak,9/24/2015,,79,Third-Person Adventure
1300313221,A Fistful of Gun,a-fistful-of-gun,9/24/2015,,60,Top-Down Shoot-'Em-Up
1300451732,Euclidean,euclidean,9/25/2015,,62,First-Person Adventure
1300451561,Stairs (2015),stairs-2015,9/28/2015,,65,First-Person Adventure
1300451720,Franchise Hockey Manager 2,franchise-hockey-manager-2,9/28/2015,,79,Hockey Sim
1300309408,Might & Magic: Heroes VII,might-and-magic-heroes-vii,9/29/2015,T,67,Turn-Based Strategy
1300398910,Ninja Pizza Girl,ninja-pizza-girl,9/30/2015,E10+,82,2D Platformer
1300444915,Lost Horizon 2,lost-horizon-2,10/1/2015,,58,Point-and-Click
1300451627,Pixel Galaxy,pixel-galaxy,10/2/2015,,68,Action
1300388992,Sayonara UmiharaKawase +,sayonara-umihara-kawase-plus,10/6/2015,,73,2D Platformer
1300403708,Sublevel Zero,sublevel-zero,10/8/2015,,71,Space Combat Sim
1300452293,Krai Mira,krai-mira,10/8/2015,,50,Western RPG
1300451637,Masochisia,masochisia,10/9/2015,,68,Point-and-Click
1300432701,Sid Meier's Civilization: Beyond Earth - Rising Tide,sid-meiers-civilization-beyond-earth-rising-tide,10/9/2015,E10+,79,4X Strategy
1300452135,Animal Gods,animal-gods,10/12/2015,,50,Action RPG
1300182005,The Age of Decadence,age-of-decadence,10/14/2015,,81,Western RPG
1300451953,Planetbase,planetbase,10/15/2015,,70,Management
1300255500,Mushroom 11,mushroom-11,10/15/2015,,78,2D Platformer
1300451952,Rogue State,rogue-state,10/16/2015,,66,Management
1300452270,Ceres (2015),ceres-2015,10/16/2015,,74,Command RTS
1300410293,"Warhammer 40,000: Deathwatch",warhammer-40000-deathwatch,10/16/2015,,74,Turn-Based Tactics
1300452141,The Coma: Cutting Class,the-coma-cutting-class,10/19/2015,,69,Survival
1300404097,Knights of Pen & Paper 2,knights-of-pen-and-paper-2,10/20/2015,,67,RPG
1300176743,Pulse (2015),pulse-2015,10/20/2015,,57,Action
1300450844,Coast Guard,coast-guard,10/21/2015,,47,Virtual Career
1300450804,Kingdom (2015),kingdom-2015,10/21/2015,,74,Strategy
1300452327,"Gremlins, Inc.",gremlins-inc,10/22/2015,,75,Board
1300394429,Guild Wars 2: Heart of Thorns,guild-wars-2-heart-of-thorns,10/23/2015,T,81,MMORPG
1300452584,The Last Door: Season 2,the-last-door-season-2,10/26/2015,,85,Point-and-Click
1300453517,Void and Meddler - Episode 1,void-and-meddler-episode-1,10/28/2015,,43,Point-and-Click
1300450647,Albert & Otto: The Adventure Begins,albert-and-otto-the-adventure-begins,10/28/2015,,69,2D Platformer
1300452770,Pathologic Classic HD,pathologic-classic-hd,10/29/2015,,76,First-Person Adventure
1300029779,The Legend of Heroes: Trails in the Sky SC,the-legend-of-heroes-trails-in-the-sky-sc,10/29/2015,RP,80,JRPG
1300452751,The Binding of Isaac: Afterbirth,the-binding-of-isaac-afterbirth,10/30/2015,M,85,Top-Down Shoot-'Em-Up
1300440567,Anno 2205,anno-2205,11/2/2015,E10+,72,Management
1300183022,Sonic: Lost World,sonic-lost-world,11/2/2015,,57,3D Platformer
1300452769,Cibele,cibile,11/2/2015,,71,Adventure
1300239565,Clandestine,clandestine,11/5/2015,,69,Action Adventure
1300303026,Conflicks - Revolutionary Space Battles,conflicks-revolutionary-space-battles,11/5/2015,,63,Real-Time Strategy
1300452516,The Fall of the Dungeon Guardians,the-fall-of-the-dungeon-guardians,11/6/2015,,71,Western RPG
1300451545,The Incredible Adventures of Van Helsing: Final Cut,the-incredible-adventures-of-van-helsing-final-cut,11/6/2015,T,79,Action RPG
1300040863,Starcraft II: Legacy of the Void,starcraft-ii-legacy-of-the-void,11/10/2015,T,88,Command RTS
1300453043,Impossible Creatures Steam Edition,impossible-creatures-steam-edition,11/11/2015,,73,Real-Time Strategy
1300451595,Football Manager 2016,football-manager-2016,11/13/2015,E,81,Soccer Management
1300453081,The Political Machine 2016,the-political-machine-2016,11/17/2015,,72,Turn-Based Strategy
1300313206,Hard West,hard-west,11/18/2015,,73,Turn-Based Tactics
1300400388,Mayan Death Robots,mayan-death-robots,11/20/2015,,69,Strategy
1300452514,FIVE: Guardians of David,five-guardians-of-david,11/24/2015,,66,Action RPG
1300453243,FIM Speedway Grand Prix 15,fim-speedway-grand-prix-15,11/30/2015,,68,Auto Racing Sim
1300450843,Cityconomy,cityconomy,12/2/2015,,35,Virtual Career
1300450846,The Sims 4: Get Together,the-sims-4-get-together,12/8/2015,T,72,Virtual Life
1300440538,The Mean Greens: Plastic Warfare,the-mean-greens-plastic-warfare,12/8/2015,,56,Tactical Third Person Shooter
1300153350,Lightning Returns: Final Fantasy XIII,lightning-returns-final-fantasy-xiii,12/10/2015,T,66,JRPG
1300453633,Hearthstone: Heroes of Warcraft - League of Explorers,hearthstone-heroes-of-warcraft-league-of-explorers,12/10/2015,,85,Card Battle
1300453761,Total War: Attila - Age of Charlemagne,total-war-attila-age-of-charlemagne,12/10/2015,,77,Real-Time Strategy
1300154600,Swords and Sorcery - Underworld - Definitive Edition,swords-and-sorcery-underworld-definitive-edition,12/15/2015,,66,Western RPG
1300378028,SimplePlanes,simpleplanes,12/17/2015,,69,Aircraft Sim
1300454034,Republique: Episode 4 - God's Acre,republique-episode-4-gods-acre,12/17/2015,,63,Linear Action Adventure
1300453959,Oh...Sir!,ohsir,12/21/2015,,64,Party
1300455877,Blues and Bullets - Episode 2: Shaking The Hive,blues-and-bullets-episode-2-shaking-the-hive,12/25/2015,,65,Action Adventure
1300454061,Anomaly 1729,anomaly-1729,12/30/2015,,49,3D Platformer
1300453658,Pony Island,pony-island,1/4/2016,,86,Adventure
1300144959,Sora,sora,1/5/2016,T,74,Horizontal Shoot-'Em-Up
1300186630,"That Dragon, Cancer",that-dragon-cancer,1/11/2016,,78,Point-and-Click
1300451801,Echoes Of Aetheria,echoes-of-aetheria,1/15/2016,,77,JRPG
1300041491,Blade & Soul,blade-and-soul,1/19/2016,M,68,MMORPG
1300450250,Shooting Stars!,shooting-stars-2015,1/19/2016,,59,Top-Down Shoot-'Em-Up
1300454095,The Aquatic Adventure of the Last Human,the-aquatic-adventure-of-the-last-human,1/19/2016,,76,Open-World Action
1300453763,Homeworld: Deserts of Kharak,homeworld-deserts-of-kharak,1/20/2016,E10+,79,Command RTS
1300454413,The Westport Independent,the-westport-independent,1/21/2016,,63,Strategy
1300454292,Dinocide,dinocide,1/21/2016,,51,2D Platformer
1300454174,Death by Game Show,death-by-game-show,1/22/2016,,50,Real-Time Strategy
1300451541,Between Me and The Night,between-me-and-the-night,1/22/2016,,62,Action Adventure
1300454417,Monumental (2016),monumental-2016,1/22/2016,,41,First-Person Adventure
1300454532,DarkMaus,darkmaus,1/26/2016,,83,Action RPG
1300454420,The Order of the Thorne - The King's Challenge,the-order-of-the-thorne-the-kings-challenge,1/26/2016,,71,Point-and-Click
1300286972,Rise of the Tomb Raider,rise-of-the-tomb-raider,1/28/2016,M,86,Linear Action Adventure
1300453697,Rusty Lake Hotel,rusty-lake-hotel,1/29/2016,,65,Point-and-Click
1300277178,Bombshell (2016),bombshell-2016,1/29/2016,M,43,Action RPG
1300454245,Spellweaver,spellweaver,2/1/2016,,63,Board
1300117472,Cobalt,cobalt,2/2/2016,,69,2D Platformer
1300454740,Sorcery! Parts 1 and 2,sorcery-parts-1-and-2,2/2/2016,,69,Compilation
1300454175,CALENDULA,calendula,2/2/2016,,67,First-Person Adventure
1300261706,American Truck Simulator,american-truck-simulator-starter-pack-california,2/2/2016,E,76,Vehicle Sim
1300018210,Disgaea: Afternoon of Darkness,disgaea-afternoon-of-darkness,2/4/2016,T,74,Turn-Based Tactics
1300454650,The Preposterous Awesomeness of Everything,the-preposterous-awesomeness-of-everything,2/9/2016,,54,Point-and-Click
1300454159,Doors (2016),doors-2016,2/12/2016,,40,First-Person Adventure
1300454115,Defragmented,defragmented,2/12/2016,,68,Action RPG
1300405740,ZHEROS,zheros,2/15/2016,,58,3D Beat-'Em-Up
1300454993,Pillars of Eternity: The White March - Part 2,pillars-of-eternity-the-white-march-part-2,2/16/2016,M,79,Western RPG
1300454945,Californium,californium,2/17/2016,,64,First-Person Adventure
1300082865,Danganronpa: Trigger Happy Havoc,dangan-ronpa,2/18/2016,,82,Visual Novel
1300455000,Galactic Civilizations III: Mercenaries,galactic-civilizations-iii-mercenaries,2/18/2016,,66,4X Strategy
1300454796,Devil Daggers,devil-daggers,2/18/2016,,83,FPS
1300454374,Prospekt,prospekt,2/18/2016,,43,FPS
1300433542,No Pineapple Left Behind,no-pineapple-left-behind,2/18/2016,,59,Tycoon
1300452845,Dungelot: Shattered Lands,dungelot-shattered-lands,2/18/2016,,78,Turn-Based Tactics
1300454793,Cities: Skylines - Snowfall,cities-skylines-snowfall,2/18/2016,E,72,Management
1300455008,Super Galaxy Squadron EX,super-galaxy-squadron-ex,2/18/2016,,69,Vertical Shoot-'Em-Up
1300453971,We Are The Dwarves,we-are-the-dwarves,2/25/2016,T,60,Real-Time Strategy
1300455237,Deponia Doomsday,deponia-doomsday,3/1/2016,M,76,Point-and-Click
1300440536,Gears of War: Ultimate Edition,gears-of-war-ultimate-edition,3/1/2016,M,73,Third Person Shooter
1300454886,Blood Alloy: Reborn,blood-alloy-reborn,3/2/2016,,48,2D Platformer
1300453447,Bus Simulator 16,bus-simulator-16,3/2/2016,,46,Vehicle Sim
1300155384,Black Desert Online,black-desert-online,3/3/2016,T,73,MMORPG
1300453051,Last Days of Old Earth,last-days-of-old-earth,3/3/2016,,66,Turn-Based Tactics
1300454423,E.T. Armies,et-armies,3/3/2016,,54,FPS
1300408045,Into the Stars,into-the-stars,3/4/2016,,61,Action Adventure
1300454647,Shardlight,shardlight,3/8/2016,,75,Point-and-Click
1300039488,Deathsmiles,deathsmiles,3/10/2016,,78,Horizontal Shoot-'Em-Up
1300452148,The Guest (2016),the-guest-2016,3/10/2016,M,68,First-Person Adventure
1300455067,Ares Omega,ares-omega,3/11/2016,,49,Top-Down Shoot-'Em-Up
1300454116,DEADBOLT,deadbolt,3/14/2016,,76,2D Platformer
1300454616,Obscuritas,obscuritas,3/17/2016,,63,First-Person Adventure
1300267874,Hyperdimension Neptunia U: Action Unleashed,hyperdimension-neptunia-u-action-unleashed,3/21/2016,T,50,3D Beat-'Em-Up
1300454508,Polaris Sector,polaris-sector,3/22/2016,,76,4X Strategy
1300454492,Republique: Episode 5 - Terminus,republique-episode-5-terminus,3/22/2016,,69,Linear Action Adventure
1300455417,Out of the Park Baseball 17,out-of-the-park-baseball-17,3/22/2016,,92,Baseball Sim
1300342182,Chronicle: RuneScape Legends,chronicle-runescape-legends,3/23/2016,,76,Card Battle
1300451346,Chronos,chronos,3/24/2016,T,77,Action Adventure
1300454646,The Descendant,the-descendant,3/24/2016,,61,Third-Person Adventure
1300456015,The Descendant: Episode 1 - Aftermath,the-descendant-episode-1-aftermath,3/24/2016,,59,Third-Person Adventure
1300408043,Slain!,slain,3/24/2016,,40,2D Platformer
1300102492,Samorost 3,samorost-3,3/24/2016,,80,Point-and-Click
1300121804,Wolcen: Lords of Mayhem,wolcen-lords-of-mayhem,3/24/2016,,60,Action RPG
1300286953,Lucky's Tale,luckys-tale,3/28/2016,,66,3D Platformer
1300300333,FORCED SHOWDOWN,forced-showdown,3/29/2016,,67,Action RPG
1300456145,Rise of the Tomb Raider: Cold Darkness Awakened,rise-of-the-tomb-raider-cold-darkness-awakened,3/29/2016,M,56,Linear Action Adventure
1300456045,StarCraft II: Nova Covert Ops - Mission Pack 1,starcraft-ii-nova-covert-ops-mission-pack-1,3/29/2016,,73,Command RTS
1300393060,NightCry,nightcry,3/29/2016,M,44,Action Adventure
1300451639,Magical Eyes - Red is for Anguish,magical-eyes-red-is-for-anguish,3/30/2016,,77,Visual Novel
1300273667,Leap of Fate,leap-of-fate,3/30/2016,,80,Roguelike
1300455554,The Minims,the-minims,4/1/2016,,73,Point-and-Click
1300456289,Don't Starve: Shipwrecked,dont-starve-shipwrecked,4/1/2016,,77,Sandbox
1300455798,Until I Have You,until-i-have-you,4/4/2016,,69,2D Platformer
1300455351,Audioshield,audioshield,4/5/2016,,81,Rhythm
1300183621,Quantum Break,quantum-break,4/5/2016,M,66,Action
1300454654,The Gallery - Episode 1: Call of the Starseed,the-gallery-episode-1-call-of-the-starseed,4/5/2016,,79,First-Person Adventure
1300451796,Good Robot,good-robot,4/5/2016,,67,Top-Down Shoot-'Em-Up
1300452669,Hover Junkers,hover-junkers,4/5/2016,,80,Light Gun
1300455924,Kill to Collect,kill-to-collect,4/6/2016,,57,Top-Down Shoot-'Em-Up
1300044097,Mushroom Wars,mushroom-wars,4/7/2016,,80,Action
1300455770,Flat Kingdom,flat-kingdom,4/7/2016,,60,2D Platformer
1300451542,Warden: Melody of the Undergrowth,warden-melody-of-the-undergrowth,4/8/2016,,59,Action Adventure
1300335484,Phantasmal: City of Darkness,phantasmal-city-of-darkness,4/9/2016,,43,Survival
1300454763,Goetia,goetia,4/14/2016,,79,Point-and-Click
1300122283,Code of Princess,code-of-princess,4/14/2016,,53,Action RPG
1300285700,Aurion: Legacy of the Kori-Odan,aurion-legacy-of-the-kori-odan,4/14/2016,,70,Action RPG
1300450941,I Want To Be Human,i-want-to-be-human,4/15/2016,,53,2D Platformer
1300456196,Stephen's Sausage Roll,stephens-sausage-roll,4/18/2016,,90,Action Puzzle
1300114178,Danganronpa 2: Goodbye Despair,danganronpa-2-goodbye-despair,4/18/2016,,83,Visual Novel
1300455078,Battlezone 98 Redux,battlezone-98-redux,4/18/2016,,75,Vehicle Combat Sim
1300185988,Hex: Shards of Fate,hex-shards-of-fate,4/19/2016,,87,Card Battle
1300456451,The Collider 2,the-collider-2,4/19/2016,,70,Rail Shooter
1300456062,IS Defense,is-defense,4/19/2016,,50,Light Gun
1300084440,Melty Blood Actress Again Current Code,melty-blood-actress-again-current-code,4/19/2016,,78,2D Fighting
1300304701,P-O-L-L-E-N,p-o-l-l-e-n,4/19/2016,,64,First-Person Adventure
1300455932,Megamagic: Wizards of the Neon Age,megamagic-wizards-of-the-neon-age,4/20/2016,,67,Action RPG
1300454395,Halcyon 6: Starbase Commander,halcyon-6-starbase-commander,4/20/2016,,71,Turn-Based Tactics
1300456429,March of the Living,march-of-the-living,4/20/2016,,63,Strategy
1300453699,The Climb,the-climb,4/21/2016,,71,Action Adventure
1300389794,Battlefleet Gothic: Armada,battlefleet-gothic-armada,4/21/2016,,77,Real-Time Strategy
1300378468,Don't Starve Together,dont-starve-together,4/21/2016,,83,Sandbox
1300070449,Corpse Party,corpse-party,4/25/2016,,71,Survival
1300176428,Hyperdevotion Noire: Goddess Black Heart,hyperdevotion-noire-goddess-black-heart,4/26/2016,T,65,Turn-Based Tactics
1300456887,Hearthstone: Heroes of Warcraft - Whispers of the Old Gods,hearthstone-heroes-of-warcraft-whispers-of-the-old,4/26/2016,,85,Card Battle
1300456154,Wailing Heights,wailing-heights,4/27/2016,,70,Point-and-Click
1300393093,Offworld Trading Company,offworld-trading-company,4/28/2016,,78,Tycoon
1300339367,The Detail,the-detail,4/28/2016,,71,Point-and-Click
1300453585,Kathy Rain,kathy-rain,5/5/2016,,77,Point-and-Click
1300456921,Scrap Garden,scrap-garden,5/6/2016,,58,Action Puzzle
1300430804,TASTEE: Lethal Tactics,tastee-lethal-tactics,5/10/2016,,74,Turn-Based Tactics
1300451170,TransOcean 2: Rivals,transocean-2-rivals,5/10/2016,,69,Tycoon
1300451253,Goliath (2016),goliath-2016,5/12/2016,,57,Sandbox
1300452115,Overfall,overfall,5/17/2016,,71,RPG
1300450648,Duskers,duskers,5/18/2016,,83,Strategy
1300456990,The Way (2016),the-way-2016,5/19/2016,,67,2D Platformer
1300442379,Koihime Enbu,koihime-enbu,5/19/2016,,68,2D Fighting
1300456358,Sengoku Jidai: Shadow of the Shogun,sengoku-jidai-shadow-of-the-shogun,5/19/2016,,85,Turn-Based Tactics
1300422393,Total War: WARHAMMER,total-war-warhammer,5/24/2016,T,86,Turn-Based Strategy
1300454323,OmniBus,omnibus,5/26/2016,,55,Vehicle Sim
1300450454,Excubitor,excubitor,5/26/2016,,69,Defense
1300454856,Worlds of Magic: Planar Conquest,worlds-of-magic-planar-conquest,5/30/2016,,53,4X Strategy
1300155244,Senran Kagura Shinovi Versus,senran-kagura-shinovi-versus,6/1/2016,M,70,Action
1300452149,Blacksea Odyssey,blacksea-odyssey,6/1/2016,,74,Top-Down Shoot-'Em-Up
1300454962,TurnOn,turnon,6/1/2016,,67,2D Platformer
1300456515,Edge of Nowhere,edge-of-nowhere,6/6/2016,,71,Action Adventure
1300457492,Super Duper Party Pooper,super-duper-party-pooper,6/6/2016,,40,Rhythm
1300242006,Hearts of Iron IV,hearts-of-iron-iv,6/6/2016,,83,Real-Time Strategy
1300456858,Ghost 1.0,ghost-10,6/7/2016,,80,Metroidvania
1300449800,WASTED: A Post-Apocalyptic Pub Crawler,wasted-a-post-apocalyptic-pub-crawler,6/7/2016,,68,FPS
1300455984,On Rusty Trails,on-rusty-trails,6/13/2016,,77,2D Platformer
1300457605,Pro Cycling Manager 2016,pro-cycling-manager-2016,6/16/2016,,64,Biking
1300455615,Space Run Galaxy,space-run-galaxy,6/17/2016,,75,Defense
1300456560,Breached (2016),breached-2016,6/22/2016,,54,First-Person Adventure
1300453008,Dark Fear,dark-fear,6/22/2016,,66,RPG
1300457138,Fossil Echo,fossil-echo,7/8/2016,,61,2D Platformer
1300458549,Arma 3 Apex,arma-3-apex,7/11/2016,,74,Simulation
1300271898,Under Night In-Birth Exe:Late,under-night-in-birth-exelate,7/12/2016,,81,2D Fighting
1300439129,Poly Bridge,poly-bridge,7/12/2016,,73,Puzzle
1300450820,Anarcute,anarcute,7/12/2016,,79,Command RTS
1300454614,Crush Your Enemies!,crush-your-enemies,7/13/2016,,63,Real-Time Tactics
1300457614,Hunter's Legacy,hunters-legacy,7/19/2016,,58,Metroidvania
1300168623,Kentucky Route Zero - Act IV,kentucky-route-zero-act-iv,7/19/2016,,90,Adventure
1300454613,Zombie Night Terror,zombie-night-terror,7/20/2016,,81,Action Puzzle
1300458788,Bohemian Killing,bohemian-killing,7/21/2016,,55,Visual Novel
1300458247,Dreambreak,dreambreak,7/21/2016,,46,Point-and-Click
1300457849,Shattered Skies,shattered-skies,7/21/2016,,56,FPS
1300455081,Kelvin and the Infamous Machine,kelvin-and-the-infamous-machine,7/21/2016,,79,Point-and-Click
1300454336,Lovely Planet Arcade,lovely-planet-arcade,7/22/2016,,78,FPS
1300148328,Starbound,starbound,7/22/2016,T,81,Sandbox
1300020094,Phantom Brave,phantom-brave,7/25/2016,T,81,Turn-Based Tactics
1300458543,Quadrilateral Cowboy,quadrilateral-cowboy,7/25/2016,,81,Action Adventure
1300407999,Blade Arcus from Shining,blade-arcus-from-shining,7/28/2016,,64,2D Fighting
1300458990,Total War: WARHAMMER - Call of the Beastmen,total-war-warhammer-call-of-the-beastmen,7/28/2016,,72,Turn-Based Strategy
1300459423,Slap Village: Chapter 1 - Reality Slap,slap-village-chapter-1-reality-slap,7/29/2016,,70,Point-and-Click
1300455367,Near Death,near-death,8/2/2016,,70,Survival
1300033557,Little King's Story,little-kings-story,8/5/2016,T,62,Real-Time Strategy
1300459368,Bear With Me: Episode 1,bear-with-me-episode-1,8/8/2016,,68,Point-and-Click
1300455069,Eisenhorn: XENOS,eisenhorn-xenos,8/8/2016,,46,Action Adventure
1300405438,Ray Gigant,raygigant,8/10/2016,T,55,RPG
1300459550,Hearthstone: Heroes of Warcraft - One Night in Karazhan,hearthstone-heroes-of-warcraft-one-night-in,8/11/2016,,74,Card Battle
1300456561,Meridian: Squad 22,meridian-squad-22,8/11/2016,,56,Command RTS
1300458787,Reigns,reigns,8/11/2016,,77,Simulation
1300458725,Phantaruk,phantaruk,8/16/2016,,53,Survival
1300193669,The Girl and the Robot,the-girl-and-the-robot,8/17/2016,,58,Linear Action Adventure
1300454524,Okhlos,okhlos,8/18/2016,,69,Action Adventure
1300459017,Guards,guards,8/19/2016,,49,Turn-Based Tactics
1300453369,Tempest: Pirate Action RPG,tempest-pirate-action-rpg,8/22/2016,,60,Marine Combat Sim
1300452431,Zombasite,zombasite,8/23/2016,,66,Action RPG
1300251339,Duelyst,duelyst,8/23/2016,,82,Turn-Based Strategy
1300441677,Master of Orion: Conquer the Stars,master-of-orion-conquer-the-stars,8/25/2016,,74,4X Strategy
1300450868,World of Warcraft: Legion,world-of-warcraft-legion,8/29/2016,,88,MMORPG
1300460656,Slayaway Camp,slayaway-camp,8/29/2016,M,83,Action Puzzle
1300456631,Champions of Anteria,champions-of-anteria,8/30/2016,,67,Real-Time Strategy
1300459452,Talent Not Included,talent-not-included,8/30/2016,,73,2D Platformer
1300458315,Tahira: Echoes of the Astral Empire,tahira-echoes-of-the-astral-empire,8/31/2016,,66,Turn-Based Tactics
1300458852,The Warlock of Firetop Mountain,the-warlock-of-firetop-mountain,8/31/2016,,70,Western RPG
1300458521,Ian's Eyes,ians-eyes,9/1/2016,,36,Survival
1300453802,Tadpole Treble,tadpole-treble,9/2/2016,E,90,Rhythm
1300455140,Project Highrise,project-highrise,9/8/2016,,73,Tycoon
1300408074,Ember,ember,9/9/2016,T,70,Western RPG
1300341190,Boulder Dash 30th Anniversary,boulder-dash-30th-anniversary,9/13/2016,,64,Action Puzzle
1300440528,ReCore,recore,9/13/2016,T,58,Action Adventure
1300458581,Event[0],event0,9/14/2016,,75,First-Person Adventure
1300458640,Diaries of a Spaceport Janitor,diaries-of-a-spaceport-janitor,9/16/2016,,69,Virtual Career
1300460597,Toy Odyssey: The Lost and Found,toy-odyssey-the-lost-and-found,9/20/2016,,66,2D Platformer
1300458777,Cossacks 3,cossacks-3,9/20/2016,,63,Command RTS
1300456152,Seraph,seraph,9/20/2016,,80,2D Platformer
1300458579,Klang,klang,9/22/2016,,71,2D Platformer
1300459967,Sorcerer King: Rivals,sorcerer-king-rivals,9/22/2016,,78,4X Strategy
1300196315,Pavilion,pavilion,9/23/2016,,69,Action Puzzle
1300191696,"Warhammer 40,000: Eternal Crusade",warhammer-40-000-eternal-crusade,9/23/2016,,52,MMORPG
1300457791,Forza Horizon 3,forza-horizon-3,9/27/2016,E,86,Auto Racing Sim
1300451075,Rogue Wizards,rogue-wizards,9/27/2016,,67,Roguelike
1300459632,Hybrid Wars,hybrid-wars,9/29/2016,,54,Top-Down Shoot-'Em-Up
1300451383,Atlas Reactor,atlas-reactor,10/4/2016,,81,Turn-Based Tactics
1300461066,Detective Hayseed: Hollywood,detective-hayseed-hollywood,10/6/2016,,53,Point-and-Click
1300453437,Rock Band VR,rock-band-vr,10/6/2016,,75,Rhythm
1300459205,Five Nights at Freddy's: Sister Location,five-nights-at-freddys-sister-location,10/7/2016,,62,Survival
1300463703,Ladykiller in a Bind,ladykiller-in-a-bind,10/10/2016,,73,Visual Novel
1300374517,Gears of War 4,gears-of-war-4,10/11/2016,M,86,Third Person Shooter
1300461939,Sunless Sea - Zubmariner,sunless-sea-zubmariner,10/11/2016,,78,Action Adventure
1300455249,Crazy Machines 3,crazy-machines-3,10/18/2016,,71,Action Puzzle
1300451171,Karma. Incarnation 1,karma-incarnation-1,10/19/2016,,66,2D Platformer
1300461421,Rusty Lake: Roots,rusty-lake-roots,10/20/2016,,75,Point-and-Click
1300461478,Dark Train,dark-train,10/25/2016,,77,Adventure
1300189133,Clockwork Empires,clockwork-empires,10/26/2016,,58,Management
1300461025,Alice VR,alice-vr,10/27/2016,,55,Action Adventure
1300428597,Through the Woods,through-the-woods,10/27/2016,,63,Survival
1300459432,Orwell,orwell,10/27/2016,M,77,Point-and-Click
1300460285,Creepy Castle,creepy-castle,10/31/2016,,82,RPG
1300461915,Franchise Hockey Manager 3,franchise-hockey-manager-3,10/31/2016,,64,Hockey Sim
1300460551,The Sims 4: City Living,the-sims-4-city-living,11/1/2016,T,78,Virtual Life
1300021024,Xanadu Next,xanadu-next,11/3/2016,,78,Action RPG
1300459699,Football Manager 2017,football-manager-2017,11/4/2016,E,80,Soccer Management
1300461045,Pirate Pop Plus,pirate-pop-plus,11/4/2016,,65,Arcade
1300456476,Transport Fever,transport-fever,11/8/2016,,71,Tycoon
1300313734,Motorsport Manager,motorsport-manager,11/9/2016,E10+,81,Tycoon
1300459957,Ashes of the Singularity: Escalation,ashes-of-the-singularity-escalation,11/10/2016,E10+,81,Command RTS
1300487573,Senran Kagura: Bon Appetit! - Full Course,senran-kagura-bon-appetit-full-course,11/10/2016,,62,Rhythm
1300455780,Tyranny,tyranny,11/10/2016,T,80,Western RPG
1300460913,Don't open the doors!,dont-open-the-doors,11/11/2016,,68,Linear Action Adventure
1300397943,Mekazoo,mekazoo,11/14/2016,E,80,2D Platformer
1300459709,ENIGMA:,enigma-2016,11/15/2016,,56,Visual Novel
1300460109,Super Rad Raygun,super-rad-raygun,11/15/2016,,64,2D Platformer
1300310247,RollerCoaster Tycoon World,rollercoaster-tycoon-world,11/16/2016,,43,Tycoon
1300462045,Quern - Undying Thoughts,quern-undying-thoughts,11/28/2016,,83,First-Person Adventure
1300462793,Cities: Skylines - Natural Disaster,cities-skylines-natural-disaster,11/29/2016,E,80,Management
1300461059,Redie,redie,12/1/2016,,79,Top-Down Shoot-'Em-Up
1300447718,Dungeon Souls,dungeon-souls,12/2/2016,,67,Top-Down Shoot-'Em-Up
1300457801,Dead Rising 4,dead-rising-4,12/6/2016,M,74,Open-World Action
1300463115,Total War: WARHAMMER - Realm of the Wood Elves,total-war-warhammer-realm-of-the-wood-elves,12/8/2016,,76,Turn-Based Strategy
1300458790,Epic Manager: Create Your Own Adventuring Agency!,epic-manager-create-your-own-adventuring-agency,12/12/2016,,69,Tycoon
1300461776,Stereo Aereo,stereo-aereo,12/14/2016,,58,Rhythm
1300463490,Hearts of Iron IV: Together for Victory,hearts-of-iron-iv-together-for-victory,12/15/2016,,63,Real-Time Strategy
1300462825,Euro Truck Simulator 2: Vive La France! Add-On,euro-truck-simulator-2-vive-la-france-add-on,12/16/2016,,83,Vehicle Sim
1300462430,Milkmaid of the Milky Way,milkmaid-of-the-milky-way,1/4/2017,,74,Point-and-Click
1300459204,"Warhammer 40,000: Sanctus Reach",warhammer-40000-sanctus-reach,1/19/2017,,69,Real-Time Strategy
1300455670,Urban Empire,urban-empire,1/20/2017,,62,Management
1300458374,SpiritSphere,spiritsphere,1/23/2017,,64,Arcade
1300462039,CAYNE,cayne,1/24/2017,,75,Point-and-Click
1300462653,Memoranda,memoranda,1/25/2017,,58,Point-and-Click
1300459470,imprint-X,imprint-x,1/26/2017,,72,Action Puzzle
1300464207,Aliens Go Home Run,aliens-go-home-run,1/27/2017,,84,Arcade
1300025719,Disgaea 2: Dark Hero Days,disgaea-2-dark-hero-days,1/30/2017,,81,Turn-Based Tactics
1300464224,Angels with Scaly Wings,angels-with-scaly-wings,1/31/2017,,67,Visual Novel
1300456971,Youtubers Life,youtubers-life,2/2/2017,,63,Virtual Life
1300459472,Diluvion,diluvion,2/2/2017,,66,Open-World Action
1300026870,The Precursors,the-precursors,2/3/2017,,68,FPS
1300463881,Husk,husk,2/3/2017,,44,Survival
1300459763,GIGA WRECKER,giga-wrecker,2/6/2017,,75,Metroidvania
1300463866,Phoning Home,phoning-home,2/7/2017,,61,Open-World Action
1300458344,Arelite Core,arelite-core,2/8/2017,,59,JRPG
1300464553,Leaving Lyndow,leaving-lyndow,2/8/2017,,74,First-Person Adventure
1300461135,John Wick Chronicles,john-wick-chronicles,2/9/2017,,57,FPS
1300186094,Take On Mars,take-on-mars,2/9/2017,,62,Space Combat Sim
1300464189,We Are Chicago,we-are-chicago,2/9/2017,,49,Third-Person Adventure
1300459640,Holy Potatoes! We're in Space?!,holy-potatoes-were-in-space,2/14/2017,,66,Space Combat Sim
1300463957,BOOR,boor,2/14/2017,,71,2D Platformer
1300454728,Hidden Folks,hidden-folks,2/15/2017,,78,Hidden Object
1300465107,Bear With Me: Episode Two,bear-with-me-episode-two,2/15/2017,,76,Point-and-Click
1300462993,Realpolitiks,realpolitiks,2/16/2017,,52,Real-Time Strategy
1300456635,Circles,circles,2/17/2017,,76,Puzzle
1300450809,Halo Wars 2,halo-wars-2,2/17/2017,T,70,Real-Time Strategy
1300461256,DYSTORIA,dystoria,2/20/2017,,72,Space Combat Sim
1300461623,Herald: An Interactive Period Drama,herald-an-interactive-period-drama,2/22/2017,,77,Point-and-Click
1300461155,Shadows of Adam,shadows-of-adam,2/23/2017,,78,JRPG
1300464315,Four Last Things,four-last-things,2/23/2017,,83,Point-and-Click
1300451348,DESYNC,desync,2/28/2017,,69,FPS
1300461128,Robo Recall,robo-recall,3/1/2017,T,85,Light Gun
1300465250,Blink,blink,3/10/2017,,71,2D Platformer
1300465846,Clone Drone in the Danger Zone,clone-drone-in-the-danger-zone,3/16/2017,,82,Action Adventure
1300465165,Waking the Glares: Chapters I and II,waking-the-glares-chapters-i-and-ii,3/16/2017,,53,First-Person Adventure
1300299806,The Crow's Eye,the-crows-eye,3/20/2017,,65,Survival
1300459212,Monster Slayers,monster-slayers,3/23/2017,,86,Action RPG
1300457823,Day of Infamy,day-of-infamy,3/23/2017,,77,Tactical FPS
1300465700,Out of the Park Baseball 18,out-of-the-park-baseball-18,3/24/2017,,86,Baseball Sim
1300463433,Battlefield 1: They Shall Not Pass,battlefield-1-they-shall-not-pass,3/28/2017,M,76,Tactical FPS
1300459361,Miniature Garden,miniature-garden,3/30/2017,,66,Visual Novel
1300463676,Domina,domina,4/3/2017,,73,Strategy
1300465561,Paradigm,paradigm,4/5/2017,,85,Point-and-Click
1300451174,The Franz Kafka Videogame,the-franz-kafka-videogame,4/6/2017,,64,Point-and-Click
1300466739,Hearthstone: Heroes of Warcraft - Journey to Un'Goro,hearthstone-heroes-of-warcraft-journey-to-ungoro,4/6/2017,,79,Card Battle
1300466736,Stellaris: Utopia,stellaris-utopia,4/6/2017,,82,Real-Time Strategy
1300083435,Bullet Soul,bullet-soul,4/7/2017,,76,Vertical Shoot-'Em-Up
1300465125,The Signal From Tolva,the-signal-from-tolva,4/10/2017,,69,FPS
1300466434,Planescape: Torment - Enhanced Edition,planescape-torment-enhanced-edition,4/11/2017,T,85,Western RPG
1300466923,Voodoo Vince: Remastered,voodoo-vince-remastered-2017,4/17/2017,,63,3D Platformer
1300422884,Marvel's Guardians of the Galaxy: The Telltale Series,marvels-guardians-of-the-galaxy-the-telltale,4/18/2017,T,78,Third-Person Adventure
1300461845,Forts,forts,4/19/2017,,74,Command RTS
1300467301,Wilson's Heart,wilsons-heart,4/21/2017,,79,Adventure
1300467186,Scanner Sombre,scanner-sombre,4/26/2017,,67,Linear Action Adventure
1300459713,Expeditions: Viking,expeditions-viking,4/27/2017,,74,Turn-Based Tactics
1300083411,"Warhammer 40,000: Dawn of War III",warhammer-40-000-dawn-of-war-iii,4/27/2017,M,77,Real-Time Strategy
1300035210,The Legend of Heroes: Trails in the Sky the 3rd,the-legend-of-heroes-trails-in-the-sky-the-3rd,5/3/2017,,83,JRPG
1300454799,Dawn of Andromeda,dawn-of-andromeda,5/4/2017,,70,4X Strategy
1300467592,Galactic Civilizations III: Crusade,galactic-civilizations-iii-crusade,5/4/2017,,85,4X Strategy
1300404095,STRAFE,strafe,5/9/2017,,64,FPS
1300453099,Block'hood,blockhood,5/10/2017,,75,Tycoon
1300466415,Plasma Puncher,plasma-puncher,5/11/2017,,69,2D Beat-'Em-Up
1300467362,OVIVO,ovivo,5/12/2017,,71,2D Platformer
1300454539,Empathy: Path of Whispers,empathy-path-of-whispers,5/16/2017,,59,First-Person Adventure
1300444082,Bounty Train,bounty-train,5/16/2017,,66,Train Sim
1300467311,Bokida: Heartfelt Reunion,bokida-heartfelt-reunion,5/17/2017,,75,First-Person Adventure
1300461133,Inner Chains,inner-chains,5/18/2017,,40,FPS
1300465919,Reservoir Dogs: Bloody Days,reservoir-dogs-bloody-days,5/18/2017,,45,Top-Down Shoot-'Em-Up
1300450781,Endless Space 2,endless-space-2,5/18/2017,,80,4X Strategy
1300447241,Regalia: Of Men and Monarchs,regalia-of-men-and-monarchs,5/18/2017,,73,Turn-Based Tactics
1300468239,Cities: Skylines - Mass Transit,cities-skylines-mass-transit,5/18/2017,E,78,Management
1300467658,Nongunz,nongunz,5/19/2017,,75,2D Platformer
1300455424,Mirage: Arcane Warfare,mirage-arcane-warfare,5/23/2017,,74,Tactical FPS
1300464322,Dynasty Feud,dynasty-feud,5/23/2017,,68,2D Fighting
1300465581,Steel Division: Normandy 44,steel-division-normandy-44,5/23/2017,,83,Real-Time Tactics
1300444432,Starpoint Gemini Warlords,starpoint-gemini-warlords,5/23/2017,T,73,Space Combat Sim
1300468015,Trackmania 2 Lagoon,trackmania-2-lagoon,5/23/2017,,77,Auto Racing
1300468002,The Fidelio Incident,the-fidelio-incident,5/23/2017,,69,First-Person Adventure
1300465213,Emily is Away Too,emily-is-away-too,5/26/2017,,81,Adventure
1300441663,Rising Storm 2: Vietnam,rising-storm-2-vietnam,5/30/2017,,81,Tactical FPS
1300440511,The Elder Scrolls: Legends,the-elder-scrolls-legends,5/31/2017,,80,Card Battle
1300457712,Tokyo 42,tokyo-42,5/31/2017,,70,Top-Down Shoot-'Em-Up
1300464365,Rezrog,rezrog,5/31/2017,,70,Roguelike
1300467278,Hacktag,hacktag,6/1/2017,,73,Linear Action Adventure
1300326175,Blitzkrieg 3,blitzkrieg-3,6/2/2017,,68,Real-Time Tactics
1300467612,Star of Providence,star-of-providence,6/7/2017,,84,Top-Down Shoot-'Em-Up
1300452700,Dead Effect 2,dead-effect-2,6/8/2017,,53,FPS
1300003973,Castle of Shikigami,castle-of-shikigami,6/15/2017,,64,Vertical Shoot-'Em-Up
1300467786,Pro Cycling Manager 2017,pro-cycling-manager-2017,6/15/2017,,71,Biking
1300460877,Darkest Dungeon: The Crimson Court,darkest-dungeon-the-crimson-court,6/19/2017,T,82,RPG
1300466742,Serious Sam's Bogus Detour,serious-sams-bogus-detour,6/20/2017,,76,Top-Down Shoot-'Em-Up
1300417646,Valkyrie Drive: Bhikkhuni,valkyrie-drive-bhikkhuni,6/20/2017,,53,3D Beat-'Em-Up
1300454620,Master X Master,master-x-master,6/21/2017,,76,MOBA
1300469209,Secret World Legends,secret-world-legends,6/26/2017,,76,MMORPG
1300461953,Diablo III: Rise of the Necromancer,diablo-iii-rise-of-the-necromancer,6/27/2017,M,76,Action RPG
1300469320,Front Defense,front-defense,6/27/2017,,60,Light Gun
1300465537,No70: Eye of Basir,no70-eye-of-basir,6/28/2017,,52,First-Person Adventure
1300468550,The Elder Scrolls: Legends - Heroes of Skyrim,the-elder-scrolls-legends-heroes-of-skyrim,6/29/2017,,80,Card Battle
1300462344,Antihero,antihero,7/10/2017,,81,Turn-Based Tactics
1300465777,Kingsway,kingsway,7/18/2017,,80,RPG
1300467481,Aporia: Beyond The Valley,aporia-beyond-the-valley,7/19/2017,,71,First-Person Adventure
1300470094,Behold the Kickmen,behold-the-kickmen,7/20/2017,,58,Soccer
1300461130,Lone Echo,lone-echo,7/20/2017,,89,Action Adventure
1300467238,Kingdoms and Castles,kingdoms-and-castles,7/20/2017,,71,Management
1300299801,Gigantic,gigantic,7/20/2017,T,76,MOBA
1300462088,Solstice Chronicles: MIA,solstice-chronicles-mia,7/26/2017,,68,Top-Down Shoot-'Em-Up
1300469324,Galaxy of Pen & Paper,galaxy-of-pen-and-paper,7/27/2017,,65,Turn-Based Strategy
1300469600,Skeleton Boomerang,skeleton-boomerang,7/31/2017,,60,2D Platformer
1300193232,Bullet Soul: Infinite Burst,bullet-soul-infinite-burst,7/31/2017,,81,Vertical Shoot-'Em-Up
1300469052,Gunheart,gunheart,7/31/2017,,83,FPS
1300260336,Aztez,aztez,8/1/2017,,81,Turn-Based Strategy
1300465158,Redeemer,redeemer,8/1/2017,,64,Linear Action Adventure
1300470062,Evil Genome,evil-genome,8/7/2017,,47,Metroidvania
1300469969,Batman: The Enemy Within - The Telltale Series,batman-the-enemy-within-the-telltale-series,8/8/2017,M,79,Point-and-Click
1300467660,All Walls Must Fall,all-walls-must-fall,8/8/2017,,72,Real-Time Tactics
1300466138,Fictorum,fictorum,8/9/2017,,64,Action RPG
1300470018,Halcyon 6: Lightspeed Edition,halcyon-6-lightspeed-edition,8/9/2017,,73,Turn-Based Tactics
1300469967,Total War: WARHAMMER - Norsca Race Pack,total-war-warhammer-norsca-race-pack,8/10/2017,,78,Turn-Based Strategy
1300469683,Crashday: Redline Edition,crashday-redline-edition,8/10/2017,,67,Auto Racing
1300466339,Starcraft Remastered,starcraft-remastered,8/14/2017,,85,Command RTS
1300468994,Original Journey,original-journey,8/16/2017,,66,2D Platformer
1300234511,Moero Chronicle,moero-chronicle,8/16/2017,,64,JRPG
1300467868,Distrust,distrust,8/23/2017,,75,Survival
1300043149,Ys Seven,ys-seven,8/30/2017,,80,Action RPG
1300471334,Hearthstone: Heroes of Warcraft - Knights of the Frozen Throne,hearthstone-heroes-of-warcraft-knights-of-the,8/31/2017,,84,Card Battle
1300468512,Battlefield 1: In the Name of the Tsar,battlefield-1-in-the-name-of-the-tsar,9/5/2017,M,82,Tactical FPS
1300472358,Insidia,insidia,9/7/2017,,73,Action
1300471034,Tokyo Dark,tokyo-dark,9/7/2017,M,70,Point-and-Click
1300462530,Beat The Game,beat-the-game,9/7/2017,,55,Adventure
1300468609,Tyranny: Bastard's Wound,tyranny-bastards-wound,9/7/2017,,67,Western RPG
1300470410,Samurai Riot,samurai-riot,9/13/2017,,64,2D Beat-'Em-Up
1300453514,Oriental Empires,oriental-empires,9/14/2017,,74,4X Strategy
1300450945,Divinity: Original Sin II,divinity-original-sin-ii,9/14/2017,,93,Western RPG
1300204950,Muv-Luv Alternative,muv-luv-alternative,9/18/2017,,83,Visual Novel
1300474438,Atomega,atomega,9/19/2017,,65,Tactical FPS
1300475618,Stellaris: Synthetic Dawn,stellaris-synthetic-dawn,9/21/2017,,83,Real-Time Strategy
1300369077,Heat Signature,heat-signature,9/21/2017,,79,Action
1300456677,Auto Age: Standoff,auto-age-standoff,9/21/2017,,59,Vehicle Combat Sim
1300470572,Guild Wars 2: Path of Fire,guild-wars-2-path-of-fire,9/22/2017,T,83,MMORPG
1300467920,Fall of Light,fall-of-light,9/28/2017,,69,Linear Action Adventure
1300466503,Total War: WARHAMMER II,total-war-warhammer-ii,9/28/2017,T,87,Real-Time Tactics
1300475389,The Norwood Suite,the-norwood-suite,10/2/2017,,78,First-Person Adventure
1300468526,Forza Motorsport 7,forza-motorsport-7,10/3/2017,E,82,Auto Racing Sim
1300469759,Empyre: Lords of the Sea Gates,empyre-lords-of-the-sea-gates,10/4/2017,,56,Action RPG
1300472126,Ogre,ogre,10/5/2017,,66,Board
1300476453,Bear With Me: Episode Three,bear-with-me-episode-three,10/5/2017,,79,Point-and-Click
1300472657,Inmates,inmates,10/5/2017,,46,First-Person Adventure
1300475670,Doki Doki Literature Club!,doki-doki-literature-club,10/6/2017,,78,Visual Novel
1300461129,Arktika.1,arktika1,10/10/2017,,71,Tactical FPS
1300454912,Heliborne,heliborne,10/12/2017,,71,Aircraft Combat Sim
1300474493,Field of Glory II,field-of-glory-ii,10/12/2017,,84,Turn-Based Tactics
1300040632,Overgrowth (2013),overgrowth-2013,10/16/2017,,60,Action
1300465353,A Mortician's Tale,a-morticians-tale,10/18/2017,,78,Adventure
1300466743,Freaky Awesome,freaky-awesome,10/18/2017,,54,Top-Down Shoot-'Em-Up
1300461024,Hide and Shriek,hide-and-shriek,10/19/2017,,68,Action
1300476316,High Hell,high-hell,10/23/2017,,79,FPS
1300477950,EVERSPACE: Encounters,everspace-encounters,10/24/2017,,78,Space Combat Sim
1300472955,Indygo,indygo,10/24/2017,,70,Point-and-Click
1300477036,Attentat 1942,attentat-1942,10/31/2017,,76,Visual Novel
1300217005,Zwei: The Ilvard Insurrection,zwei-the-ilvard-insurrection,10/31/2017,,79,Action RPG
1300468530,Super Lucky's Tale,super-luckys-tale,11/6/2017,E,59,3D Platformer
1300475739,Nioh: Complete Edition,nioh-complete-edition,11/7/2017,M,84,Action RPG
1300478089,Minecraft: Story Mode Season Two - Episode 4: Below the Bedrock,minecraft-story-mode-season-two-episode-4-below,11/7/2017,,73,Point-and-Click
1300459053,Battlerite,battlerite,11/8/2017,,85,MOBA
1300471536,Football Manager 2018,football-manager-2018,11/9/2017,,82,Football Sim
1300478799,American Truck Simulator: New Mexico,american-truck-simulator-new-mexico,11/9/2017,,80,Vehicle Sim
1300472355,The Sims 4: Cats & Dogs,the-sims-4-cats-and-dogs,11/10/2017,T,80,Virtual Life
1300457850,Left-Hand Path,left-hand-path,11/10/2017,,72,Action Adventure
1300473932,GUTS,guts,11/14/2017,,63,2D Fighting
1300465584,From Other Suns,from-other-suns,11/14/2017,,78,Action Adventure
1300461159,Tower 57,tower-57,11/16/2017,,72,Top-Down Shoot-'Em-Up
1300479044,Titan Quest: Ragnarok,titan-quest-ragnarok,11/17/2017,T,71,Action RPG
1300466752,TARTARUS,tartarus,11/21/2017,,59,First-Person Adventure
1300479113,Ode,ode,11/27/2017,,75,3D Platformer
1300478801,Total War: Rome II - Empire Divided,total-war-rome-ii-empire-divided,11/30/2017,,62,Real-Time Strategy
1300474943,Euro Truck Simulator 2: Italia Add-On,euro-truck-simulator-2-italia-add-on,12/1/2017,,83,Vehicle Sim
1300457132,Seven: The Days Long Gone,seven-the-days-long-gone,12/1/2017,,68,Open-World Action
1300478082,Hearthstone: Heroes of Warcraft - Kobolds & Catacombs,hearthstone-heroes-of-warcraft-kobolds-and,12/7/2017,,79,Card Battle
1300452291,SpellForce 3,spellforce-3,12/7/2017,M,73,Real-Time Tactics
1300465474,Shadowhand,shadowhand,12/7/2017,,69,Card Battle
1300468549,Fallout 4 VR,fallout-4-vr,12/11/2017,,78,Western RPG
1300477038,Rumu,rumu,12/12/2017,,79,Adventure
1300462083,Finding Paradise,finding-paradise,12/14/2017,,81,Adventure
1300471414,Purrfect Date,purrfect-date,12/15/2017,,72,Visual Novel
1300479821,Minecraft: Story Mode Season Two - Episode 5: Above and Beyond,minecraft-story-mode-season-two-episode-5-above,12/19/2017,E10+,73,Point-and-Click
1300470151,I fell from Grace,i-fell-from-grace,12/20/2017,,62,Point-and-Click
1300529876,Farthest Frontier,farthest-frontier,10/23/2025,,83,Management
1300606691,Tormented Souls 2,tormented-souls-2,10/23/2025,,76,Survival
1300642729,Double Dragon Revive,double-dragon-revive,10/23/2025,,61,3D Beat-'Em-Up
1300667059,Angry Video Game Nerd 8-bit,angry-video-game-nerd-8-bit,10/23/2025,,88,2D Platformer
1300679421,The Jackbox Party Pack 11,the-jackbox-party-pack-11,10/23/2025,,78,Party
1300691916,Full Metal Schoolgirl,full-metal-schoolgirl,10/23/2025,,66,Third Person Shooter
1300638713,ILA: A Frosty Glide,ila-a-frosty-glide,10/20/2025,,74,3D Platformer
1300689401,Keeper,keeper,10/17/2025,E10+,82,Action Adventure
1300662493,Escape from Duckov,escape-from-duckov,10/16/2025,,77,Top-Down Shoot-'Em-Up
1300606574,Little Nightmares III,little-nightmares-iii,10/10/2025,T,69,2D Platformer
1300677230,CARIMARA: Beneath the forlorn limbs,carimara-beneath-the-forlorn-limbs,10/6/2025,,78,First-Person Adventure
1300702641,The Sims 4: Adventure Awaits,the-sims-4-adventure-awaits,10/2/2025,T,75,Virtual Life
1300622993,Candy Rangers,candy-rangers,10/2/2025,,68,Rail Shooter
1300688720,FINAL FANTASY TACTICS - The Ivalice Chronicles,final-fantasy-tactics-the-ivalice-chronicles,9/30/2025,T,87,Turn-Based Tactics
1300591189,Unyielder,unyielder,9/29/2025,,75,FPS
1300656963,CloverPit,cloverpit,9/26/2025,,76,Strategy
1300694422,EA Sports FC 26,ea-sports-fc-26,9/26/2025,E,78,Soccer Sim
1300665932,Consume Me,consume-me,9/25/2025,,79,Adventure
1300701802,Out Of Time,out-of-time,9/25/2025,,67,Third Person Shooter
1300538288,Slime Rancher 2,slime-rancher-2,9/23/2025,,77,Virtual Life
1300545370,Wander Stars,wander-stars,9/19/2025,,83,Turn-Based Tactics
1300595010,Eclipsium,eclipsium,9/19/2025,,77,First-Person Adventure
1300648999,Trails in the Sky 1st Chapter,trails-in-the-sky-1st-chapter,9/19/2025,,89,JRPG
1300569442,Moros Protocol,moros-protocol,9/18/2025,,68,FPS
1300534014,Arctic Awakening,arctic-awakening,9/18/2025,,61,First-Person Adventure
1300639199,Platypus Reclayed,platypus-reclayed,9/18/2025,,84,Horizontal Shoot-'Em-Up
1300598461,Skygard Arena,skygard-arena,9/18/2025,,76,Turn-Based Tactics
1300677004,LAN Party Adventures,lan-party-adventures,9/18/2025,,64,First-Person Adventure
1300590001,Deep Rock Galactic: Survivor,deep-rock-galactic-survivor,9/17/2025,,86,Top-Down Shoot-'Em-Up
1300650161,"No, I'm not a Human",no-im-not-a-human,9/15/2025,,75,First-Person Adventure
1300689318,LEGO Voyagers,lego-voyagers,9/15/2025,,79,Action Adventure
1300513551,Gloomy Eyes,gloomy-eyes,9/12/2025,,77,Adventure
1300666815,Chrono Gear: Warden of Time,chrono-gear-warden-of-time,9/11/2025,,78,2D Platformer
1300668177,Dead Reset,dead-reset,9/11/2025,,68,Adventure
1300659666,Katanaut,katanaut,9/10/2025,,75,Metroidvania
1300630843,Shape of Dreams,shape-of-dreams,9/10/2025,,83,Action RPG
1300614049,Little Problems: A Cozy Detective Game,little-problems-a-cozy-detective-game,9/9/2025,,75,Adventure
1300699306,Kingdom Come: Deliverance II - Legacy of the Forge,kingdom-come-deliverance-ii-legacy-of-the-forge,9/9/2025,,82,Action RPG
1300692191,Road To Empress,road-to-empress,9/8/2025,,81,Adventure
1300655047,Bad Cheese,bad-cheese,9/1/2025,,63,First-Person Adventure
1300516690,Quartet,quartet-2021,8/26/2025,,84,JRPG
1300699387,Kill The Brickman,kill-the-brickman,8/21/2025,,79,Arcade
1300548842,Dice Gambit,dice-gambit,8/14/2025,,75,Turn-Based Tactics
1300542233,Abyssus,abyssus,8/12/2025,,71,FPS
1300542390,Fallen City Brawl,fallen-city-brawl,8/12/2025,,67,2D Beat-'Em-Up
1300590184,Ra Ra BOOM,ra-ra-boom,8/12/2025,,69,2D Beat-'Em-Up
1300584810,MakeRoom,makeroom,8/7/2025,,78,Simulation
1300661747,Chained Echoes: Ashes of Elrant,chained-echoes-ashes-of-elrant,8/7/2025,,78,JRPG
1300681786,The Royal Writ,the-royal-writ,8/7/2025,,80,Card Battle
1300563660,Artis Impact,artis-impact,8/7/2025,,74,JRPG
1300656123,Static Dread: The Lighthouse,static-dread-the-lighthouse,8/6/2025,,75,First-Person Adventure
1300639185,Catto's Post Office,cattos-post-office,8/4/2025,,72,Third-Person Adventure
1300514884,Heartworm,heartworm,7/31/2025,,69,Survival
1300642178,Spy Drops,spy-drops,7/31/2025,,39,Action Adventure
1300671006,Birdigo - bird word game,birdigo-bird-word-game,7/30/2025,,80,Logic Puzzle
1300595213,One-Eyed Likho,one-eyed-likho,7/28/2025,,69,First-Person Adventure
1300591629,Primal Planet,primal-planet,7/28/2025,,77,Metroidvania
1300684179,s.p.l.i.t,split-2,7/24/2025,,84,Adventure
1300655623,Clutchtime: Basketball Deckbuilder,clutchtime-basketball-deckbuilder,7/24/2025,,76,Card Battle
1300517391,Let Them Trade,let-them-trade,7/24/2025,,75,Management
1300606603,Endzone 2,endzone-2,7/24/2025,,80,Management
1300603097,The Great Villainess: Strategy of Lily,the-great-villainess-strategy-of-lily,7/24/2025,,78,Turn-Based Strategy
1300596938,Le Mans Ultimate,le-mans-ultimate,7/22/2025,,76,Auto Racing Sim
1300661544,Hell Clock,hell-clock,7/22/2025,,82,Top-Down Shoot-'Em-Up
1300579273,Abiotic Factor,abiotic-factor,7/22/2025,,88,Survival
1300539498,The King is Watching,the-king-is-watching,7/21/2025,,80,Card Battle
1300545609,Back to the Dawn,back-to-the-dawn,7/18/2025,,81,Action Adventure
1300508014,The Drifter,the-drifter,7/17/2025,,84,Point-and-Click
1300525257,The Wandering Village,the-wandering-village,7/17/2025,,75,Management
1300543518,Gaucho and the Grassland,gaucho-and-the-grassland,7/16/2025,,63,Virtual Life
1300666771,Stronghold Crusader: Definitive Edition,stronghold-crusader-definitive-edition,7/15/2025,,80,Real-Time Strategy
1300673570,Kaizen: A Factory Story,kaizen-a-factory-story,7/14/2025,,80,Strategy
1300692789,The Sims 4: Enchanted by Nature,the-sims-4-enchanted-by-nature,7/10/2025,T,74,Virtual Life
1300003965,Counter-Strike: Condition Zero,counter-strike-condition-zero,1/3/2004,M,65,Tactical FPS
1300020155,Fast Lanes Bowling,fast-lanes-bowling,1/7/2004,E,51,Bowling
1300018934,Yu-Gi-Oh! Power of Chaos: Yugi the Destiny,yu-gi-oh-power-of-chaos-yugi-the-destiny,1/12/2004,E,52,Card Battle
1300018155,Vegas Tycoon,vegas-tycoon,1/15/2004,T,76,Tycoon
1300004414,Silent Storm,silent-storm,1/20/2004,T,83,Turn-Based Tactics
1300018563,Delta Force: Black Hawk Down - Team Sabre,delta-force-black-hawk-down-team-sabre,1/20/2004,T,70,Tactical FPS
1300020256,Monster Garage,monster-garage,1/21/2004,E,38,Racing
1300020313,Vietcong: Purple Haze,vietcong-purple-haze,1/28/2004,M,77,FPS
1300006218,Jack the Ripper,jack-the-ripper,1/29/2004,T,58,First-Person Adventure
1300004817,Vietcong: Fist Alpha,vietcong-fist-alpha,2/4/2004,T,73,FPS
1300020257,Apache Longbow Assault,apache-longbow-assault,2/5/2004,T,73,Aircraft Sim
1300004763,Universal Combat,universal-combat,2/5/2004,T,54,Space Sim
1300019896,Cabela's Dangerous Hunts,cabelas-dangerous-hunts,2/5/2004,T,68,Hunting
1300020187,Railroad Pioneer,railroad-pioneer,2/5/2004,E,50,Tycoon
1300019965,WWI: The Great War,wwi-the-great-war,2/6/2004,T,57,Command RTS
1300018577,Wars and Warriors: Joan of Arc,wars-and-warriors-joan-of-arc,2/7/2004,T,60,Action Adventure
1300020180,Alien Blast: The Encounter,alien-blast-the-encounter,2/9/2004,T,41,FPS
1300000260,EverQuest: Gates of Discord,everquest-gates-of-discord,2/9/2004,T,85,MMORPG
1300002538,Echelon: Wind Warriors,echelon-wind-warriors,2/9/2004,T,63,Aircraft Combat Sim
1300018260,Fair Strike,fair-strike,2/10/2004,T,56,Aircraft Combat Sim
1300020178,Two Thrones,two-thrones,2/10/2004,E,53,Real-Time Strategy
1300004750,SpellForce: The Order of Dawn,spellforce-the-order-of-dawn,2/11/2004,T,74,Real-Time Strategy
1300004658,IL-2 Sturmovik: Forgotten Battles - Ace,il-2-sturmovik-forgotten-battles-ace,3/2/2004,T,85,Aircraft Combat Sim
1300019532,Gangland,gangland,3/4/2004,M,63,Real-Time Strategy
1300004447,FireStarter,firestarter,3/5/2004,M,57,FPS
1300004375,Tom Clancy's Rainbow Six 3: Athena Sword,tom-clancys-rainbow-six-3-athena-sword,3/9/2004,M,72,Tactical FPS
1300020202,MVP Baseball 2004,mvp-baseball-2004,3/9/2004,E,82,Baseball Sim
1300004895,Worms 3D,worms-3d,3/11/2004,T,74,Artillery
1300018628,Battlefield Vietnam,battlefield-vietnam,3/14/2004,T,84,FPS
1300018491,Unreal Tournament 2004,unreal-tournament-2004,3/16/2004,M,93,FPS
1300004079,Lords of the Realm III,lords-of-the-realm-iii,3/17/2004,T,65,Real-Time Strategy
1300020247,A Quiet Weekend in Capri,a-quiet-weekend-in-capri,3/17/2004,E,63,Third-Person Adventure
1300018266,Dead Man's Hand,dead-mans-hand,3/18/2004,T,63,FPS
1300018175,Crystal Key 2: The Far Realm,crystal-key-2-the-far-realm,3/19/2004,E,59,Adventure
1300020246,CSI: Crime Scene Investigation: Dark Motives,csi-crime-scene-investigation-dark-motives,3/23/2004,M,65,Point-and-Click
1300018542,Tom Clancy's Splinter Cell: Pandora Tomorrow,tom-clancys-splinter-cell-pandora-tomorrow,3/23/2004,T,87,Action Adventure
1300002959,Far Cry,far-cry,3/23/2004,M,89,FPS
1300018271,Northland,northland,3/24/2004,T,62,Real-Time Strategy
1300018534,Sacred,sacred,3/25/2004,T,74,Action RPG
1300019992,Nemesis of the Roman Empire,nemesis-of-the-roman-empire,3/25/2004,E,74,Real-Time Strategy
1300004245,Midnight Nowhere,midnight-nowhere,3/29/2004,M,52,Survival
1300018368,The Egyptian Prophecy,the-egyptian-prophecy,3/30/2004,E,73,Adventure
1300018429,kill.switch,kill-switch,3/30/2004,T,66,Third Person Shooter
1300020596,Total Extreme Wrestling 2004,total-extreme-wrestling-2004,3/31/2004,,76,Wrestling
1300020003,Desert Rats vs. Afrika Korps,desert-rats-vs-afrika-korps,3/31/2004,T,70,Real-Time Strategy
1300018406,War Times,war-times,4/1/2004,T,53,Real-Time Strategy
1300003249,Breed,breed,4/2/2004,M,51,FPS
1300018376,Colin McRae Rally 04,colin-mcrae-rally-04,4/2/2004,,87,Auto Racing Sim
1300020511,Beyond the Law: The Third Wave,beyond-the-law-the-third-wave,4/2/2004,T,42,Tactical Third Person Shooter
1300018369,Forever Worlds - Enter the Unknown,forever-worlds-enter-the-unknown,4/5/2004,E,31,First-Person Adventure
1300004590,Silent Hill 3,silent-hill-3,4/6/2004,M,72,Survival
1300018162,Apocalyptica (2004),apocalyptica-2004,4/9/2004,M,34,Third Person Shooter
1300019123,World Soccer Winning Eleven 7 International,world-soccer-winning-eleven-7-international,4/9/2004,E,92,Soccer Sim
1300003989,Painkiller (2004),painkiller-2004,4/12/2004,M,81,FPS
1300020017,TOCA Race Driver 2: The Ultimate Racing Simulator,toca-race-driver-2-the-ultimate-racing-simulator,4/13/2004,T,81,Auto Racing Sim
1300020528,Massive Assault Network,massive-assault-network,4/13/2004,,74,Turn-Based Strategy
1300020887,Out of the Park Baseball 6,out-of-the-park-baseball-6,4/16/2004,,87,Baseball Sim
1300019603,Hitman: Contracts,hitman-contracts,4/20/2004,M,74,Third Person Shooter
1300018555,Manhunt,manhunt,4/20/2004,M,75,Action Adventure
1300004363,Rise of Nations: Thrones & Patriots,rise-of-nations-thrones-and-patriots,4/27/2004,T,88,Real-Time Strategy
1300004427,Lineage II,lineage-ii-the-chaotic-chronicle,4/27/2004,T,62,MMORPG
1300004036,City of Heroes,city-of-heroes,4/27/2004,T,85,MMORPG
1300018581,Beyond Divinity,beyond-divinity,4/28/2004,M,73,Action RPG
1300020174,Pool Paradise,pool-paradise,4/30/2004,E,76,Billiards
1300018310,Nitro Family,nitro-family,5/1/2004,M,62,FPS
1300018468,Shrek 2,shrek-2,5/3/2004,E,55,3D Platformer
1300020356,UEFA Euro 2004: Portugal,uefa-euro-2004-portugal,5/4/2004,E,76,Soccer Sim
1300004624,True Crime: Streets of LA,true-crime-streets-of-la,5/11/2004,M,68,Open-World Action
1300019983,Warlords Battlecry III,warlords-battlecry-iii,5/19/2004,T,73,Real-Time Strategy
1300003860,Thief: Deadly Shadows,thief-deadly-shadows,5/25/2004,M,85,Action Adventure
1300020267,Harry Potter and the Prisoner of Azkaban,harry-potter-and-the-prisoner-of-azkaban,5/25/2004,E,67,Action Adventure
1300004067,Pac-Man World 2,pac-man-world-2,5/25/2004,E,54,3D Platformer
1300019607,Spartan (2004),spartan-2004,5/28/2004,T,56,Turn-Based Strategy
1300018208,Besieger,besieger,6/2/2004,M,56,Real-Time Strategy
1300018303,The Suffering,the-suffering,6/8/2004,M,80,Survival
1300004365,FirePower for Microsoft Combat Flight Simulator 3,firepower-for-microsoft-combat-flight-simulator-3,6/11/2004,T,88,Aircraft Combat Sim
1300003967,Blitzkrieg: Burning Horizon,blitzkrieg-burning-horizon,6/13/2004,T,75,Real-Time Tactics
1300020481,The Arrangement,the-arrangement,6/15/2004,,53,Point-and-Click
1300019529,Joint Operations: Typhoon Rising,joint-operations-typhoon-rising,6/15/2004,T,82,Tactical FPS
1300018156,Alias (2004),alias-2004,6/17/2004,T,55,Action Adventure
1300004759,Soldner: Secret Wars,soldner-secret-wars,6/22/2004,T,43,Tactical Third Person Shooter
1300018216,Ground Control II: Operation Exodus,ground-control-ii-operation-exodus,6/23/2004,T,80,Real-Time Tactics
1300020536,Marine Sharpshooter II: Jungle Warfare,marine-sharpshooter-ii-jungle-warfare,6/24/2004,M,52,FPS
1300022365,World Poker Championship (2004),world-poker-championship-2004,6/25/2004,E,29,Gambling
1300020840,Missing: Since January,missing-since-january,6/25/2004,M,75,Visual Novel
1300406709,Spider-Man 2: The Game,spider-man-2-the-game,6/28/2004,E,42,Open-World Action
1300020477,Aura: Fate of the Ages,aura-fate-of-the-ages,6/29/2004,E,63,First-Person Adventure
1300018525,Soldiers: Heroes of World War II,soldiers-heroes-of-world-war-ii,6/30/2004,T,77,Real-Time Strategy
1300019587,Gorky Zero: Beyond Honor,gorky-zero-beyond-honor,6/30/2004,,43,Tactical Third Person Shooter
1300004914,Perimeter,perimeter,6/30/2004,E,77,Real-Time Strategy
1300004194,Kreed,kreed,7/1/2004,,49,FPS
1300020455,Starshatter,starshatter,7/1/2004,,71,Space Combat Sim
1300004752,Uru: The Path of the Shell,uru-the-path-of-the-shell,7/7/2004,E,72,First-Person Adventure
1300020137,TrackMania (2003),trackmania-2003,7/8/2004,E,74,Auto Racing
1300019957,KumaWar,kumawar,7/16/2004,M,50,Tactical FPS
1300011915,Catwoman (2004),catwoman-2004,7/20/2004,T,46,Action Adventure
1300022757,Nancy Drew: The Secret of Shadow Ranch,nancy-drew-the-secret-of-shadow-ranch,7/20/2004,E,68,First-Person Adventure
1300004602,Army Men: Sarge's War,army-men-sarges-war,7/27/2004,T,37,Third Person Shooter
1300021514,Zoo Empire,zoo-empire,8/1/2004,E,59,Tycoon
1300003373,DOOM 3,doom-3,8/3/2004,M,87,FPS
1300020345,The Political Machine,the-political-machine,8/12/2004,T,72,Strategy
1300021279,Chessmaster 10th Edition,chessmaster-10th-edition,8/12/2004,E,81,Board
1300020068,Raging Tiger: The Second Korean War,raging-tiger-the-second-korean-war,8/16/2004,,54,Real-Time Strategy
1300021212,Marine Heavy Gunner: Vietnam,marine-heavy-gunner-vietnam,8/22/2004,M,50,FPS
1300021323,Wings of War,wings-of-war,8/30/2004,T,69,Aircraft Combat Sim
1300002519,Anarchy Online: Alien Invasion,anarchy-online-alien-invasion,8/31/2004,T,73,MMORPG
1300020399,Dark Fall: Lights Out,dark-fall-lights-out,8/31/2004,T,66,First-Person Adventure
1300019555,Alpha Black Zero: Intrepid Protocol,alpha-black-zero-intrepid-protocol,9/2/2004,T,51,Third Person Shooter
1300022363,Medieval Conquest (2004),medieval-conquest-2004,9/6/2004,T,66,Real-Time Strategy
1300020303,Silent Hill 4: The Room,silent-hill-4-the-room,9/7/2004,M,67,Survival
1300020606,Chris Sawyer's Locomotion,chris-sawyers-locomotion,9/9/2004,E,59,Tycoon
1300000259,EverQuest: Omens of War,everquest-omens-of-war,9/13/2004,T,86,MMORPG
1300021473,Arena Wars,arena-wars,9/13/2004,T,77,Real-Time Strategy
1300021048,Wings of Power: WWII Heavy Bombers and Jets,wings-of-power-wwii-heavy-bombers-and-jets,9/13/2004,,83,Aircraft Combat Sim
1300019586,Port Royale 2,port-royale-2,9/13/2004,T,75,Real-Time Strategy
1300020431,ShellShock: Nam '67,shellshock-nam-67,9/14/2004,M,50,Third Person Shooter
1300020403,Madden NFL 2005,madden-nfl-2005,9/14/2004,E,85,Football Sim
1300018282,Call of Duty: United Offensive,call-of-duty-united-offensive,9/14/2004,T,87,FPS
1300018393,The Sims 2,the-sims-2,9/14/2004,T,90,Virtual Life
1300020790,NHL 2005,nhl-2005,9/14/2004,E,66,Hockey Sim
1300020464,Gish,gish,9/17/2004,T,80,2D Platformer
1300020228,"Warhammer 40,000: Dawn of War",warhammer-40-000-dawn-of-war,9/20/2004,M,86,Real-Time Strategy
1300020203,Star Wars: Battlefront (2004),star-wars-battlefront-2004,9/20/2004,T,76,Tactical FPS
1300018571,The Saga of Ryzom,the-saga-of-ryzom,9/20/2004,T,64,MMORPG
1300000981,Final Fantasy XI: Chains of Promathia,final-fantasy-xi-chains-of-promathia,9/21/2004,T,73,MMORPG
1300018425,Shadow Ops: Red Mercury,shadow-ops-red-mercury,9/21/2004,T,61,FPS
1300018469,Full Spectrum Warrior,full-spectrum-warrior,9/21/2004,M,80,Real-Time Strategy
1300004485,Hearts of Iron: Platinum,hearts-of-iron-platinum,9/21/2004,E,78,Real-Time Strategy
1300018447,Kohan II: Kings of War,kohan-ii-kings-of-war,9/22/2004,T,81,Command RTS
1300018123,Rome: Total War,rome-total-war,9/22/2004,T,92,Real-Time Strategy
1300020504,DreamWorks Shark Tale,shark-tale,9/27/2004,E,63,3D Platformer
1300030134,Lifestream,lifestream,9/27/2004,,74,Point-and-Click
1300004492,Crusader Kings,crusader-kings,9/28/2004,E,73,Real-Time Strategy
1300021049,Sherlock Holmes: The Silver Earring,sherlock-holmes-the-silver-earring,9/28/2004,T,68,Adventure
1300004815,Time of Defiance,time-of-defiance,9/28/2004,T,73,Real-Time Strategy
1300018510,Evil Genius,evil-genius,9/28/2004,T,75,Real-Time Strategy
1300005012,"Codename: Panzers, Phase One",codename-panzers-phase-one,9/30/2004,T,81,Real-Time Strategy
1300022589,Void War (2004),void-war-2004,9/30/2004,,61,Action Adventure
1300020611,Myst IV: Revelation,myst-iv-revelation,9/30/2004,T,82,First-Person Adventure
1300003765,Shade: Wrath of Angels,shade-wrath-of-angels,10/1/2004,T,50,Survival
1300022337,Wanted: A Wild Western Adventure,wanted-a-wild-western-adventure,10/3/2004,E,66,Point-and-Click
1300020918,Tony Hawk's Underground 2 Remix,tony-hawks-underground-2,10/4/2004,T,85,Skating
1300020134,Virtual Skipper 3,virtual-skipper-3,10/4/2004,E,71,Marine Sim
1300020678,Law & Order: Justice Is Served,law-and-order-justice-is-served,10/5/2004,T,77,First-Person Adventure
1300020141,Leisure Suit Larry: Magna Cum Laude,leisure-suit-larry-magna-cum-laude,10/5/2004,M,59,Third-Person Adventure
1300020362,Conflict: Vietnam,conflict-vietnam,10/5/2004,M,55,Third Person Shooter
1300022390,Outdoor Life: Sportsman's Challenge,outdoor-life-sportsmans-challenge,10/5/2004,T,70,Tycoon
1300022622,Nancy Drew: Curse of Blackmoor Manor,nancy-drew-curse-of-blackmoor-manor,10/5/2004,E,81,Point-and-Click
1300020328,Athens 2004,athens-2004,10/5/2004,E,41,Athletics
1300022501,Wildfire (2004),wildfire-2004,10/7/2004,T,58,Real-Time Strategy
1300021492,Counter-Strike: Source,counter-strike-source,10/7/2004,M,88,Tactical FPS
1300021276,Tin Soldiers: Alexander the Great,tin-soldiers-alexander-the-great,10/8/2004,,77,Turn-Based Strategy
1300018286,SuperPower 2,superpower-2,10/11/2004,T,51,Real-Time Strategy
1300018331,Tribes: Vengeance,tribes-vengeance,10/12/2004,T,83,FPS
1300020329,FIFA Soccer 2005,fifa-soccer-2005,10/12/2004,E,77,Soccer Sim
1300018153,Pitfall: The Lost Expedition,pitfall-the-lost-expedition,10/15/2004,E,66,3D Platformer
1300018366,Atlantis Evolution,atlantis-evolution,10/17/2004,T,54,Third-Person Adventure
1300004871,NHL Eastside Hockey Manager,nhl-eastside-hockey-manager,10/19/2004,E,77,Hockey Sim
1300003202,Hidden & Dangerous 2: Sabre Squadron,hidden-and-dangerous-2-sabre-squadron,10/21/2004,M,67,Tactical FPS
1300003326,Star Wars Galaxies: Jump to Lightspeed,star-wars-galaxies-jump-to-lightspeed,10/26/2004,T,77,MMORPG
1300020822,NBA Live 2005,nba-live-2005,10/26/2004,E,79,Basketball Sim
1300020506,RollerCoaster Tycoon 3,rollercoaster-tycoon-3,10/26/2004,E,81,Tycoon
1300020617,The SpongeBob SquarePants Movie,the-spongebob-squarepants-movie,10/27/2004,E,67,3D Platformer
1300020357,Colin McRae Rally 2005,colin-mcrae-rally-2005,10/28/2004,E,83,Auto Racing Sim
1300022629,Manchester United Soccer 2005,manchester-united-soccer-2005,10/28/2004,E,56,Soccer Sim
1300020398,Disney/Pixar The Incredibles,disney-pixar-the-incredibles,10/29/2004,T,55,Action Adventure
1300020965,Teenage Mutant Ninja Turtles 2: Battle Nexus,teenage-mutant-ninja-turtles-2-battle-nexus,10/29/2004,T,50,3D Beat-'Em-Up
1300018150,Men of Valor,men-of-valor,10/29/2004,M,71,FPS
1300021471,Ultima Online: Samurai Empire,ultima-online-samurai-empire,11/2/2004,T,62,MMORPG
1300018502,Axis & Allies,axis-and-allies,11/2/2004,T,65,Real-Time Strategy
1300004187,The I of the Dragon,the-i-of-the-dragon,11/2/2004,M,55,RPG
1300020962,Return to Mysterious Island,return-to-mysterious-island,11/2/2004,T,79,Point-and-Click
1300018181,Scrapland,scrapland,11/4/2004,T,72,Action Adventure
1300018228,Medal of Honor: Pacific Assault,medal-of-honor-pacific-assault,11/4/2004,T,80,FPS
1300021194,Vendetta Online,vendetta-online,11/4/2004,T,62,MMORPG
1300004548,EverQuest II,everquest-ii,11/8/2004,T,83,MMORPG
1300022854,Wings Over Vietnam,wings-over-vietnam,11/8/2004,T,69,Aircraft Combat Sim
1300020704,Immortal Cities: Children of the Nile,immortal-cities-children-of-the-nile,11/8/2004,E,75,Management
1300022982,NRA Varmint Hunter,nra-varmint-hunter,11/8/2004,T,16,Hunting
1300018261,Space Interceptor: Project Freedom,space-interceptor-project-freedom,11/9/2004,T,71,Space Combat Sim
1300022858,Michael Schumacher's Kart Challenge 2005,michael-schumachers-kart-challenge-2005,11/9/2004,,54,Arcade Racing
1300020816,Need for Speed: Underground 2,need-for-speed-underground-2,11/9/2004,T,82,Auto Racing Sim
1300020849,Lemony Snicket's A Series of Unfortunate Events,lemony-snickets-a-series-of-unfortunate-events,11/10/2004,E,64,Action Adventure
1300021563,Terrorist Takedown,terrorist-takedown,11/11/2004,T,39,FPS
1300020422,Zoo Tycoon 2,zoo-tycoon-2,11/11/2004,E,72,Tycoon
1300020568,Galactic Civilizations: Altarian Prophecy,galactic-civilizations-altarian-prophecy,11/12/2004,E,77,4X Strategy
1300018520,MTX Mototrax,mtx-mototrax,11/15/2004,E,75,Arcade Racing
1300014896,Half-Life 2,half-life-2,11/16/2004,M,96,FPS
1300018407,Vampire: The Masquerade - Bloodlines,vampire-the-masquerade-bloodlines,11/16/2004,M,80,Western RPG
1300020523,CSI: Miami,csi-miami,11/16/2004,M,54,First-Person Adventure
1300018346,Sonic Heroes,sonic-heroes,11/17/2004,E,66,3D Platformer
1300019530,Joint Operations: Escalation,joint-operations-escalation,11/19/2004,T,78,Tactical FPS
1300022366,Legacy: Dark Shadows,legacy-dark-shadows,11/19/2004,T,41,Third-Person Adventure
1300018511,Sid Meier's Pirates!,sid-meiers-pirates,11/22/2004,E,88,Strategy
1300022855,Dragon's Lair 3,dragons-lair-3,11/23/2004,T,23,Action
1300021597,Alexander (2004),alexander-2004,11/23/2004,M,56,Real-Time Strategy
1300003997,World of Warcraft,world-of-warcraft,11/23/2004,T,93,MMORPG
1300020841,Worms Forts: Under Siege,worms-forts-under-siege,11/24/2004,,60,Artillery
1300018523,Konung 2: Blood of Titans,konung-2-blood-of-titans,11/30/2004,T,35,Action RPG
1300021475,Blitzkrieg: Rolling Thunder,blitzkrieg-rolling-thunder,11/30/2004,T,73,Real-Time Tactics
1300022954,JFK Reloaded,jfk-reloaded,11/30/2004,,69,FPS
1300020515,Prince of Persia: Warrior Within,prince-of-persia-warrior-within,11/30/2004,M,83,Linear Action Adventure
1300020478,Armies of Exigo,armies-of-exigo,11/30/2004,T,69,Real-Time Strategy
1300022959,Fritz 8 Deluxe,fritz-8-deluxe,12/1/2004,E,80,Board
1300003990,Painkiller: Battle out of Hell,painkiller-battle-out-of-hell,12/1/2004,M,75,FPS
1300021192,Torrente,torrente,12/6/2004,M,36,FPS
1300020067,The Lord of the Rings: The Battle for Middle-Earth (2004),the-lord-of-the-rings-the-battle-for-middle-earth,12/6/2004,T,82,Real-Time Strategy
1300020402,D-Day,d-day,12/7/2004,T,56,Real-Time Strategy
1300020412,Worldwide Soccer Manager 2005,worldwide-soccer-manager-2005,12/7/2004,E,89,Soccer Management
1300020764,Dark Age of Camelot: Catacombs,dark-age-of-camelot-catacombs,12/7/2004,T,83,MMORPG
1300020375,The Chronicles of Riddick: Escape From Butcher Bay,the-chronicles-of-riddick-escape-from-butcher-bay,12/8/2004,M,90,FPS
1300021133,Gates of Troy,gates-of-troy,12/8/2004,,70,Turn-Based Strategy
1300020559,Forgotten Realms: Demon Stone,forgotten-realms-demon-stone,12/9/2004,T,68,3D Beat-'Em-Up
1300022750,Bad Mojo: Redux,bad-mojo-redux,12/10/2004,T,74,Adventure
1300022794,X-Plane 8,x-plane-8,12/10/2004,E,82,Aircraft Combat Sim
1300021281,Sentinel: Descendants in Time,sentinel-descendants-in-time,12/14/2004,E,71,First-Person Adventure
1300020254,Alida,alida,12/31/2004,E,53,Third-Person Adventure
1300020884,Hearts of Iron II,hearts-of-iron-ii,1/4/2005,E,83,Real-Time Strategy
1300017126,The Punisher,the-punisher,1/18/2005,M,67,Third Person Shooter
1300018634,Flashpoint Germany,flashpoint-germany,1/25/2005,,76,Turn-Based Strategy
1300018498,Playboy: The Mansion,playboy-the-mansion,1/25/2005,M,59,Tycoon
1300020520,Cops 2170: The Power of Law,cops-2170-the-power-of-law,1/27/2005,T,44,Real-Time Strategy
1300022270,Will of Steel,will-of-steel,2/4/2005,T,43,Real-Time Strategy
1300023285,Aerial Strike: The Yager Missions,aerial-strike-the-yager-missions,2/4/2005,T,62,Third Person Shooter
1300023313,EverQuest: Dragons of Norrath,everquest-dragons-of-norrath,2/14/2005,T,79,MMORPG
1300020789,NASCAR SimRacing,nascar-2005-chase-for-the-cup,2/15/2005,E,85,Auto Racing Sim
1300021179,World Soccer Winning Eleven 8 International,world-soccer-winning-eleven-8-international,2/16/2005,E,88,Soccer Sim
1300020475,Second Sight,second-sight,2/18/2005,T,73,Action Adventure
1300022876,MVP Baseball 2005,mvp-baseball-2005,2/22/2005,E,85,Baseball Sim
1300019608,Dangerous Waters,dangerous-waters,2/22/2005,,82,Marine Combat Sim
1300020589,Heritage of Kings: The Settlers,heritage-of-kings-the-settlers,2/24/2005,T,58,Management
1300003833,Nexus: The Jupiter Incident,nexus-the-jupiter-incident,2/24/2005,T,77,Real-Time Strategy
1300003321,Psychotoxic,psychotoxic,2/25/2005,M,40,FPS
1300018395,The Sims 2 University,the-sims-2-university,2/28/2005,T,81,Virtual Life
1300021486,The Moment of Silence,the-moment-of-silence,3/1/2005,T,70,Point-and-Click
1300003335,Judge Dredd: Dredd VS Death,judge-dredd-dredd-vs-death,3/3/2005,M,55,FPS
1300023329,Domination (2005),domination-2005,3/3/2005,T,69,Turn-Based Strategy
1300018202,Mortyr 2,mortyr-2,3/4/2005,M,56,FPS
1300020638,Brothers in Arms: Road to Hill 30,brothers-in-arms-road-to-hill-30,3/8/2005,M,87,Tactical FPS
1300020119,Freedom Force vs The 3rd Reich,freedom-force-vs-the-3rd-reich,3/8/2005,T,86,Western RPG
1300020552,Chaos League,chaos-league,3/8/2005,M,72,Real-Time Strategy
1300020177,Supremacy: Four Paths to Power,supremacy-four-paths-to-power,3/9/2005,E,57,Turn-Based Strategy
1300004814,DRIV3R,driv3r,3/15/2005,M,40,Open-World Action
1300020320,Silent Hunter III,silent-hunter-iii,3/15/2005,T,90,Marine Combat Sim
1300020624,Project: Snowblind,project-snowblind,3/15/2005,T,76,FPS
1300021625,Act of War: Direct Action,act-of-war-direct-action,3/15/2005,T,82,Real-Time Strategy
1300004743,The Matrix Online,the-matrix-online,3/22/2005,T,69,MMORPG
1300023295,Special Forces: Nemesis Strike,special-forces-nemesis-strike,3/24/2005,M,63,Third Person Shooter
1300023699,Combat: Task Force 121,combat-task-force-121,3/24/2005,M,40,Tactical FPS
1300020427,Gary Grigsby's World at War,gary-grigsbys-world-at-war,3/25/2005,T,77,Turn-Based Strategy
1300023040,Elite Warriors: Vietnam,elite-warriors-vietnam,3/25/2005,T,46,Third Person Shooter
1300020950,Tom Clancy's Splinter Cell: Chaos Theory,tom-clancys-splinter-cell-chaos-theory,3/28/2005,M,92,Action Adventure
1300024134,Democracy,democracy,4/1/2005,T,62,Tycoon
1300022267,LEGO Star Wars,lego-star-wars,4/2/2005,E,77,Action Adventure
1300003374,DOOM 3: Resurrection of Evil,doom-3-resurrection-of-evil,4/4/2005,M,78,FPS
1300020838,SWAT 4,swat-4,4/5/2005,M,85,Tactical FPS
1300020250,Cold War Conflicts,cold-war-conflicts,4/6/2005,T,55,Real-Time Strategy
1300020361,Obscure,obscure-2005,4/6/2005,M,63,Survival
1300022872,Yu-Gi-Oh! Online,yu-gi-oh-online,4/11/2005,E,60,Card Battle
1300003956,Heretic Kingdoms: The Inquisition,heretic-kingdoms-the-inquisition,4/14/2005,M,71,Western RPG
1300020602,Close Combat: First to Fight,close-combat-first-to-fight,4/18/2005,T,67,Tactical FPS
1300022271,Stronghold 2,stronghold-2,4/18/2005,T,63,Real-Time Strategy
1300004696,Psychonauts,psychonauts,4/19/2005,T,87,3D Platformer
1300019594,Stolen (2005),stolen-2005,4/22/2005,T,48,Action Adventure
1300023514,Delta Force: Xtreme,delta-force-xtreme,4/22/2005,T,65,Tactical FPS
1300020830,Empire Earth II,empire-earth-ii,4/26/2005,T,79,Real-Time Strategy
1300018319,Guild Wars,guild-wars,4/26/2005,T,89,Compilation
1300023498,Tin Soldiers: Julius Caesar,tin-soldiers-julius-caesar,4/26/2005,,74,Real-Time Strategy
1300004074,Laser Squad Nemesis,laser-squad-nemesis,4/26/2005,T,73,Turn-Based Strategy
1300004493,Cossacks II: Napoleonic Wars,cossacks-ii-napoleonic-wars,4/27/2005,T,73,Command RTS
1300023610,Coffee Tycoon,coffee-tycoon,4/30/2005,E,39,Tycoon
1300020337,Metalheart: Replicants Rampage,metalheart-replicants-rampage,4/30/2005,M,31,RPG
1300020530,Pariah,pariah,5/3/2005,M,69,FPS
1300020588,GTR FIA Racing,gtr-fia-racing,5/3/2005,E,85,Auto Racing Sim
1300003378,Asheron's Call 2: Legions,asherons-call-2-legions,5/4/2005,M,67,MMORPG
1300020363,Still Life,still-life,5/4/2005,M,75,Point-and-Click
1300003328,Star Wars Galaxies: Episode III Rage of the Wookiees,star-wars-galaxies-episode-iii-rage-of-the-wookie,5/5/2005,,70,MMORPG
1300018560,Dungeon Lords (2005),dungeon-lords-2005,5/5/2005,T,45,Action RPG
1300021345,TrackMania Sunrise,trackmania-sunrise,5/6/2005,E,82,Auto Racing
1300005689,Supreme Ruler 2010,supreme-ruler-2010,5/12/2005,E10+,69,Turn-Based Strategy
1300039379,Imperial Glory,imperial-glory,5/17/2005,T,69,Real-Time Strategy
1300022700,Cold Fear,cold-fear,5/17/2005,M,66,Survival
1300023893,FATE,fate,5/18/2005,E10+,80,Action RPG
1300023296,DreamWorks Madagascar,madagascar,5/24/2005,E10+,73,3D Platformer
1300004307,Postal 2: Apocalypse Weekend,postal-2-apocalypse-weekend,5/31/2005,M,45,FPS
1300020877,ER (2005),er-2005,5/31/2005,T,60,Virtual Life
1300018274,Restricted Area (2005),restricted-area-2005,5/31/2005,M,51,Action RPG
1300004286,Boiling Point,boiling-point,6/6/2005,M,61,FPS
1300019609,Knights of Honor,knights-of-honor,6/6/2005,E10+,77,Real-Time Strategy
1300018488,Grand Theft Auto: San Andreas,grand-theft-auto-san-andreas,6/7/2005,M,93,Open-World Action
1300004882,Area 51 (2005),area-51-2005,6/8/2005,M,67,FPS
1300020347,Juiced,juiced,6/13/2005,T,63,Auto Racing Sim
1300020575,RYL: Path of the Emperor,ryl-path-of-the-emperor,6/20/2005,T,50,MMORPG
1300020777,Battlefield 2,battlefield-2,6/21/2005,T,91,Tactical FPS
1300025419,The Falklands War: 1982,the-falklands-war-1982,6/23/2005,,68,Real-Time Strategy
1300020507,RollerCoaster Tycoon 3: Soaked!,rollercoaster-tycoon-3-soaked,6/23/2005,E,79,Tycoon
1300020096,The Bard's Tale,the-bards-tale-2004,6/27/2005,T,70,Western RPG
1300023525,Fantastic 4,fantastic-4,6/27/2005,T,63,3D Beat-'Em-Up
1300022848,Shot Online,shot-online,6/28/2005,E,59,Golf Sim
1300024203,Falcon 4.0: Allied Force,falcon-4-0-allied-force,6/28/2005,T,90,Aircraft Combat Sim
1300023916,Crown of Glory: Europe in the Age of Napoleon,crown-of-glory-europe-in-the-age-of-napoleon,6/30/2005,,68,Turn-Based Strategy
1300024039,Echo: Secrets of the Lost Cavern,echo-secrets-of-the-lost-cavern,7/5/2005,E,71,Third-Person Adventure
1300020581,Salvo!,salvo,7/5/2005,,58,Action Adventure
1300020136,FlatOut,flatout,7/12/2005,T,72,Auto Racing
1300023677,Charlie and the Chocolate Factory,charlie-and-the-chocolate-factory,7/12/2005,E,26,Action Adventure
1300023357,Darwinia+,darwinia,7/14/2005,E,84,Real-Time Strategy
1300021627,Asheron's Call: Throne of Destiny,asherons-call-throne-of-destiny,7/18/2005,T,59,MMORPG
1300023130,"Codename: Panzers, Phase Two",codename-panzers-phase-two,7/25/2005,T,80,Real-Time Strategy
1300025264,Nancy Drew: Secret of the Old Clock,nancy-drew-secret-of-the-old-clock,7/26/2005,E,80,Point-and-Click
1300003809,Lock On: Modern Air Combat,lock-on-modern-air-combat,7/26/2005,E,76,Aircraft Combat Sim
1300024831,T-72: Balkans on Fire,t-72-balkans-on-fire,7/31/2005,,74,Vehicle Combat Sim
1300021438,War World: Tactical Combat,war-world-tactical-combat,8/2/2005,,74,Third Person Shooter
1300020170,BloodRayne 2,bloodrayne-2,8/2/2005,M,67,Third Person Shooter
1300018364,Advent Rising,advent-rising,8/9/2005,T,70,Action Adventure
1300004764,Universal Combat: A World Apart,universal-combat-a-world-apart,8/15/2005,T,48,Space Sim
1300018473,Dungeon Siege II,dungeon-siege-ii,8/16/2005,M,80,Action RPG
1300018535,Sacred Underworld,sacred-underworld,8/16/2005,T,73,Action RPG
1300024092,Madden NFL 06,madden-nfl-06,8/17/2005,E,78,Football Sim
1300024613,Voyage: Inspired by Jules Verne,voyage-inspired-by-jules-verne,8/18/2005,T,71,First-Person Adventure
1300025347,World Class Poker with T.J. Cloutier,world-class-poker-with-t-j-cloutier,8/22/2005,T,78,Gambling
1300023027,Big Mutha Truckers 2,big-mutha-truckers-2,8/23/2005,M,44,Auto Racing
1300021189,MotoGP 3: Ultimate Racing Technology,motogp-3-ultimate-racing-technology,8/30/2005,E,77,Auto Racing Sim
1300024719,Nibiru: Age of Secrets,nibiru-age-of-secrets,8/31/2005,T,66,Adventure
1300023922,Squad Assault: Second Wave,squad-assault-second-wave,8/31/2005,T,65,Real-Time Strategy
1300024612,DOFUS,dofus,9/1/2005,,72,MMORPG
1300024477,NHL 06,nhl-06,9/6/2005,E10+,77,Hockey Sim
1300025320,Jetfighter 2015,jetfighter-2015,9/8/2005,T,63,Aircraft Combat Sim
1300022852,Battle of Britain II: Wings of Victory,battle-of-britain-ii-wings-of-victory,9/12/2005,E10+,75,Aircraft Combat Sim
1300004554,EverQuest II: Desert of Flames,everquest-ii-desert-of-flames,9/12/2005,T,79,MMORPG
1300023671,The Sims 2: Nightlife,the-sims-2-nightlife,9/13/2005,T,76,Virtual Life
1300024096,Evil Dead: Regeneration,evil-dead-regeneration,9/13/2005,M,69,Survival
1300024105,Bone: Out From Boneville,bone-out-from-boneville,9/15/2005,,68,Third-Person Adventure
1300025678,Nancy Drew: Last Train to Blue Moon Canyon,nancy-drew-last-train-to-blue-moon-canyon,9/16/2005,E,77,Point-and-Click
1300023317,Myst V: End of Ages,myst-v-end-of-ages,9/19/2005,E,80,First-Person Adventure
1300004191,Indigo Prophecy,indigo-prophecy,9/20/2005,M,85,Third-Person Adventure
1300024083,X-Men Legends II: Rise of Apocalypse,x-men-legends-ii-rise-of-apocalypse,9/20/2005,T,80,Action RPG
1300024496,Tiger Woods PGA Tour 06,tiger-woods-pga-tour-06,9/20/2005,E,81,Golf Sim
1300023732,Fable: The Lost Chapters,fable-the-lost-chapters,9/20/2005,M,83,Action RPG
1300025138,Land of Legends,land-of-legends,9/21/2005,,70,Turn-Based Strategy
1300023606,"Warhammer 40,000: Dawn of War - Winter Assault",warhammer-40-000-dawn-of-war-winter-assault,9/21/2005,M,85,Real-Time Strategy
1300024545,Marine Park Empire,marine-park-empire,9/22/2005,E,58,Tycoon
1300025394,FPS Creator,fps-creator,9/22/2005,M,47,FPS
1300024630,Ultimate Spider-Man,ultimate-spider-man,9/22/2005,T,75,Open-World Action
1300023630,Day of Defeat: Source,day-of-defeat-source,9/26/2005,M,80,Tactical FPS
1300024440,NBA Live 06,nba-live-06,9/26/2005,E,71,Basketball Sim
1300021051,Bet on Soldier: Blood Sport,bet-on-soldier-blood-sport,9/26/2005,M,56,FPS
1300004863,Cold War,cold-war,9/27/2005,T,64,FPS
1300024378,Rome: Total War Barbarian Invasion,rome-total-war-barbarian-invasion,9/27/2005,T,82,Real-Time Strategy
1300023382,Total Overdose: A Gunslinger's Tale in Mexico,total-overdose-a-gunslingers-tale-in-mexico,9/27/2005,M,72,Third Person Shooter
1300020796,Down in Flames,down-in-flames,9/28/2005,,75,Turn-Based Strategy
1300026151,Morning's Wrath,mornings-wrath,10/1/2005,,66,Action RPG
1300020185,Blitzkrieg 2,blitzkrieg-2,10/2/2005,T,75,Real-Time Tactics
1300021561,Dungeons & Dragons: Dragonshard,dungeons-and-dragons-dragonshard,10/2/2005,T,80,Real-Time Strategy
1300022960,The Suffering: Ties That Bind,the-suffering-ties-that-bind,10/2/2005,M,73,Survival
1300023131,Conflict: Global Terror,conflict-global-terror,10/3/2005,M,61,Tactical Third Person Shooter
1300004013,Black & White 2,black-and-white-2,10/4/2005,T,75,Real-Time Strategy
1300022856,Cross Racing Championship 2005,cross-racing-championship-2005,10/4/2005,E,77,Auto Racing Sim
1300023491,Diplomacy,diplomacy,10/4/2005,E,58,Board
1300024439,FIFA 06: Road to FIFA World Cup,fifa-06-road-to-fifa-world-cup,10/4/2005,E,78,Soccer Sim
1300023320,Worms 4: Mayhem,worms-4-mayhem,10/4/2005,T,71,Artillery
1300024063,NHL Eastside Hockey Manager 2005,nhl-eastside-hockey-manager-2005,10/5/2005,,82,Hockey Sim
1300015032,Disney's Toontown Online,disneys-toontown-online,10/6/2005,E,81,MMORPG
1300023841,Brothers in Arms: Earned in Blood,brothers-in-arms-earned-in-blood,10/6/2005,M,84,Tactical FPS
1300003918,Quake 4,quake-4,10/11/2005,M,81,FPS
1300024765,Dark Age of Camelot: Darkness Rising,dark-age-of-camelot-darkness-rising,10/11/2005,T,76,MMORPG
1300025346,Splat Renegade Paintball,splat-renegade-paintball,10/11/2005,T,45,Individual Sports
1300020578,Rag Doll Kung Fu,rag-doll-kung-fu,10/12/2005,T,69,2D Fighting
1300020967,F.E.A.R.,f-e-a-r,10/17/2005,M,88,FPS
1300025296,The Star and the Crescent,the-star-and-the-crescent,10/17/2005,E,66,Real-Time Strategy
1300024475,Shattered Union,shattered-union,10/17/2005,T,67,Turn-Based Strategy
1300023277,Age of Empires III,age-of-empires-iii,10/18/2005,T,81,Command RTS
1300021056,Disney's Chicken Little,disneys-chicken-little,10/18/2005,E10+,71,3D Platformer
1300019610,Serious Sam II,serious-sam-ii,10/19/2005,M,74,FPS
1300020426,Zoo Tycoon 2: Endangered Species,zoo-tycoon-2-endangered-species,10/19/2005,E10+,64,Tycoon
1300023455,"SpongeBob SquarePants: Lights, Camera, Pants!",spongebob-squarepants-lights-camera-pants,10/19/2005,E,68,Party
1300025311,Land of the Dead: Road to Fiddler's Green,land-of-the-dead-road-to-fiddlers-green,10/20/2005,M,36,FPS
1300024348,Vietcong 2,vietcong-2,10/24/2005,M,61,FPS
1300023483,Disney/Pixar The Incredibles: Rise of the Underminer,disney-pixar-the-incredibles-rise-of-the,10/24/2005,E10+,65,3D Platformer
1300020224,Sid Meier's Civilization IV,sid-meiers-civilization-iv,10/25/2005,E10+,94,4X Strategy
1300024345,Namco Museum 50th Anniversary,namco-museum-50th-anniversary,10/25/2005,E10+,52,Compilation
1300020776,Heroes of the Pacific,heroes-of-the-pacific,10/25/2005,T,76,Aircraft Combat Sim
1300021480,Call of Duty 2,call-of-duty-2,10/25/2005,T,86,FPS
1300025860,Mall Tycoon 3,mall-tycoon-3,10/26/2005,E,57,Tycoon
1300018541,Sniper Elite,sniper-elite,10/27/2005,M,76,Tactical Third Person Shooter
1300020508,RollerCoaster Tycoon 3: Wild!,rollercoaster-tycoon-3-wild,10/27/2005,E,71,Tycoon
1300023492,Agatha Christie: And Then There Were None,agatha-christie-and-then-there-were-none,10/30/2005,T,68,Point-and-Click
1300023928,Star Wars: Battlefront II (2005),star-wars-battlefront-ii-2005,10/31/2005,T,78,FPS
1300026298,Crazy Machines: The Wacky Contraptions Game,crazy-machines-the-wacky-contraptions-game,10/31/2005,E,78,Puzzle
1300020820,City of Villains,city-of-villains,10/31/2005,T,82,MMORPG
1300003327,Star Wars Galaxies: Trials of Obi-Wan,star-wars-galaxies-trials-of-obi-wan,11/1/2005,T,69,MMORPG
1300026163,Geniu$: The Tech Tycoon Game,geniu-the-tech-tycoon-game,11/1/2005,E,63,Tycoon
1300024534,DreamWorks Shrek SuperSlam,shrek-superslam,11/1/2005,E10+,69,3D Fighting
1300020560,Rhem 2,rhem-2,11/2/2005,E,75,First-Person Adventure
1300023462,Weird Worlds: Return To Infinite Space,weird-worlds-return-to-infinite-space,11/4/2005,,79,Strategy
1300023603,The Matrix: Path of Neo,the-matrix-path-of-neo,11/7/2005,T,64,Action Adventure
1300024537,World Championship Poker 2: Featuring Howard Lederer,world-championship-poker-2-featuring-howard-leder,11/8/2005,T,67,Gambling
1300024068,Harry Potter and the Goblet of Fire,harry-potter-and-the-goblet-of-fire,11/8/2005,E10+,66,Action Adventure
1300004719,The Movies,the-movies,11/8/2005,T,84,Tycoon
1300021623,Gun,gun,11/8/2005,M,76,Open-World Action
1300025345,Taito Legends,taito-legends,11/10/2005,T,75,Compilation
1300023883,X3: Reunion,x3-reunion,11/10/2005,T,71,Space Combat Sim
1300023707,"The Chronicles of Narnia: The Lion, The Witch and The Wardrobe",the-chronicles-of-narnia-the-lion-the-witch-and,11/14/2005,T,71,Action Adventure
1300002794,Starship Troopers,starship-troopers,11/15/2005,M,46,FPS
1300020679,Law & Order: Criminal Intent,law-and-order-criminal-intent,11/15/2005,M,56,First-Person Adventure
1300025791,The Sims 2 Holiday Edition,the-sims-2-holiday-edition,11/15/2005,T,48,Virtual Life
1300023933,Need for Speed: Most Wanted (2005),need-for-speed-most-wanted-2005,11/15/2005,T,82,Auto Racing
1300004161,Earth 2160,earth-2160,11/16/2005,T,73,Real-Time Strategy
1300024720,"Ed, Edd n Eddy: The Mis-Edventures",ed-edd-n-eddy-the-mis-edventures,11/16/2005,E,35,3D Platformer
1300025293,Space Hack,space-hack,11/18/2005,T,63,Action RPG
1300020779,Battlefield 2: Special Forces,battlefield-2-special-forces,11/21/2005,T,77,Tactical FPS
1300020728,Peter Jackson's King Kong: The Official Game of the Movie,peter-jacksons-king-kong-the-official-game-of-th,11/21/2005,T,77,Action Adventure
1300021325,Legion Arena,legion-arena,11/22/2005,M,65,Turn-Based Strategy
1300021252,UFO: Aftershock,ufo-aftershock,11/23/2005,T,67,Real-Time Strategy
1300006645,"Medieval Lords: Build, Defend, Expand",medieval-lords-build-defend-expand,11/24/2005,T,57,Management
1300022739,Chrome SpecForce,chrome-specforce,11/30/2005,M,62,FPS
1300023870,Prince of Persia: The Two Thrones,prince-of-persia-the-two-thrones,12/1/2005,M,85,Linear Action Adventure
1300024350,Hammer & Sickle,hammer-and-sickle,12/5/2005,T,52,Turn-Based Tactics
1300024828,Chaos League: Sudden Death,chaos-league-sudden-death,12/8/2005,,69,Real-Time Strategy
1300023898,Pac-Man World 3,pac-man-world-3,12/8/2005,E,74,3D Platformer
1300005699,Dynasty Warriors 4,dynasty-warriors-4,12/9/2005,T,65,3D Beat-'Em-Up
1300026093,SpaceStationSim,spacestationsim,12/12/2005,E10+,57,Virtual Life
1300025379,80 Days (2005),80-days-2005,12/12/2005,T,58,Third-Person Adventure
1300026318,Fritz 9: Play Chess,fritz-9-play-chess,12/15/2005,E,73,Board
1300020808,Cuban Missile Crisis: The Aftermath,cuban-missile-crisis-the-aftermath,12/22/2005,T,59,Strategy
1300024523,Football Manager Handheld,football-manager-handheld,12/31/2005,E,89,Soccer Management
1300026193,Bowl Bound College Football,bowl-bound-college-football,1/9/2006,,80,Football Sim
1300022769,MX vs. ATV Unleashed,mx-vs-atv-unleashed,1/16/2006,E,71,Auto Racing Sim
1300020885,25 to Life,25-to-life,1/17/2006,M,39,Third Person Shooter
1300024433,GT Legends,gt-legends,1/23/2006,E,84,Auto Racing Sim
1300025978,Torino 2006 - The Official Video Game of the XX Olympic Winter Games,torino-2006-the-official-video-game-of-the-xx,1/24/2006,E,37,Athletics
1300025404,Curious George,curious-george,2/1/2006,E,58,Action Adventure
1300024490,Tony Hawk's American Wasteland,tony-hawks-american-wasteland,2/1/2006,T,69,Skating
1300025256,Trainz Railroad Simulator 2006,trainz-railroad-simulator-2006,2/2/2006,E,65,Train Sim
1300025953,Command & Conquer: The First Decade,command-and-conquer-the-first-decade,2/7/2006,T,71,Compilation
1300025861,Empire Earth II: The Art of Supremacy,empire-earth-ii-the-art-of-supremacy,2/14/2006,T,57,Real-Time Strategy
1300022514,WWII Tank Commander,wwii-tank-commander,2/14/2006,T,46,FPS
1300020894,Marc Ecko's Getting Up: Contents Under Pressure,marc-eckos-getting-up-contents-under-pressure,2/14/2006,M,69,Action Adventure
1300022859,Star Wars: Empire at War,star-wars-empire-at-war,2/15/2006,T,79,Real-Time Strategy
1300022957,Tom Clancy's Rainbow Six: Lockdown,tom-clancys-rainbow-six-lockdown,2/16/2006,M,59,Tactical FPS
1300464210,Midway Arcade Treasures Deluxe Edition,midway-arcade-treasures-deluxe-edition,2/17/2006,M,70,Compilation
1300004553,EverQuest II: Kingdom of Sky,everquest-ii-kingdom-of-sky,2/21/2006,T,76,MMORPG
1300023520,Tycoon City: New York,tycoon-city-new-york,2/21/2006,T,67,Tycoon
1300025331,RF Online,rf-online,2/21/2006,T,56,MMORPG
1300022985,Galactic Civilizations II: Dread Lords,galactic-civilizations-ii-dread-lords,2/21/2006,E10+,86,4X Strategy
1300023761,TOCA Race Driver 3 Challenge,toca-race-driver-3-challenge,2/22/2006,E10+,84,Auto Racing Sim
1300025558,The Sims 2: Open for Business,the-sims-2-open-for-business,2/28/2006,T,78,Virtual Life
1300025668,SWAT 4: The Stetchkov Syndicate,swat-4-the-stetchkov-syndicate,2/28/2006,M,80,Tactical FPS
1300019526,Etrom: The Astral Essence,etrom-the-astral-essence,2/28/2006,T,39,Action RPG
1300018513,Dungeons & Dragons Online: Stormreach,dungeons-and-dragons-online-stormreach,2/28/2006,T,74,MMORPG
1300024687,The Apprentice,the-apprentice,2/28/2006,E,25,Strategy
1300025165,The Lord of the Rings: The Battle for Middle-Earth II,the-lord-of-the-rings-the-battle-for-middle-earth-2006,3/2/2006,T,84,Real-Time Strategy
1300027672,Atlantis Quest,atlantis-quest,3/2/2006,,60,Matching Puzzle
1300026144,Scratches,scratches,3/8/2006,T,67,Point-and-Click
1300026595,Red Orchestra: Ostfront 41-45,red-orchestra-ostfront-41-45,3/14/2006,M,81,FPS
1300025942,CSI: Crime Scene Investigation: 3 Dimensions of Murder,csi-crime-scene-investigation-3-dimensions-of-mu,3/14/2006,M,67,First-Person Adventure
1300020778,Battlefield 2: Euro Force,battlefield-2-euro-force,3/15/2006,T,71,Tactical FPS
1300018241,Onimusha 3: Demon Siege,onimusha-3-demon-siege,3/16/2006,M,69,Action Adventure
1300022419,The Elder Scrolls IV: Oblivion,the-elder-scrolls-iv-oblivion,3/20/2006,M,94,Western RPG
1300006632,The Godfather,the-godfather,3/21/2006,M,72,Open-World Action
1300020526,Crime Stories: From the Files of Martin Mystere,crime-stories-from-the-files-of-martin-mystere,3/21/2006,T,45,Third-Person Adventure
1300026531,Game Tycoon,game-tycoon,3/22/2006,E10+,42,Tycoon
1300030190,Out of the Park Baseball 2007,out-of-the-park-baseball-2007,3/23/2006,E,96,Baseball Sim
1300023702,Battle of Europe,battle-of-europe,3/23/2006,E10+,54,Third Person Shooter
1300022814,True Crime: New York City,true-crime-new-york-city,3/24/2006,M,54,Open-World Action
1300024560,American Conquest: Divided Nation,american-conquest-divided-nation,3/27/2006,E10+,53,Command RTS
1300020814,Space Rangers 2: Rise of the Dominators,space-rangers-2-rise-of-the-dominators,3/27/2006,T,84,RPG
1300024445,Full Spectrum Warrior: Ten Hammers,full-spectrum-warrior-ten-hammers,3/28/2006,M,70,Real-Time Strategy
1300023839,Blazing Angels: Squadrons of WWII,blazing-angels-squadrons-of-wwii,3/28/2006,T,65,Aircraft Combat Sim
1300030036,Everyday Shooter,everyday-shooter,3/29/2006,,77,Top-Down Shoot-'Em-Up
1300026690,Eets,eets,3/29/2006,,81,2D Platformer
1300026049,UberSoldier,ubersoldier,3/31/2006,M,57,FPS
1300023428,Daemonica,daemonica,3/31/2006,T,65,Third-Person Adventure
1300025672,Keepsake,keepsake,3/31/2006,E,68,Point-and-Click
1300021176,Commandos Strike Force,commandos-strike-force,4/4/2006,T,62,Tactical FPS
1300024151,Emergency 3,emergency-3,4/6/2006,T,58,Real-Time Strategy
1300025987,Hearts of Iron II: Doomsday,hearts-of-iron-ii-doomsday,4/7/2006,E,80,Real-Time Strategy
1300023515,Condemned: Criminal Origins,condemned-criminal-origins,4/11/2006,M,78,Survival
1300020626,Tomb Raider: Legend,tomb-raider-legend,4/11/2006,T,82,Linear Action Adventure
1300026442,Baseball Mogul 2007,baseball-mogul-2007,4/12/2006,E,78,Baseball Sim
1300026635,Bone: The Great Cow Race,bone-the-great-cow-race,4/12/2006,,76,Third-Person Adventure
1300020821,Auto Assault,auto-assault,4/13/2006,T,72,MMORPG
1300018220,Dreamfall: The Longest Journey,dreamfall-the-longest-journey,4/17/2006,M,75,Third-Person Adventure
1300000982,Final Fantasy XI: Treasures of Aht Urhgan,final-fantasy-xi-treasures-of-aht-urhgan,4/18/2006,T,83,MMORPG
1300004403,Xpand Rally,xpand-rally,4/20/2006,E,82,Auto Racing Sim
1300030029,Armadillo Run,armadillo-run,4/22/2006,,88,Action Puzzle
1300026559,FIFA World Cup: Germany 2006,fifa-world-cup-germany-2006,4/24/2006,E,77,Soccer Sim
1300026651,Black & White 2 - Battle of the Gods,black-and-white-2-battle-of-the-gods,4/24/2006,T,69,Real-Time Strategy
1300023726,Shadowgrounds,shadowgrounds,4/25/2006,M,74,Third Person Shooter
1300003398,Call of Cthulhu: Dark Corners of the Earth,call-of-cthulhu-dark-corners-of-the-earth,4/26/2006,M,76,Survival
1300025896,American Civil War: Take Command - Second Manassas,american-civil-war-take-command-second-manassas,4/26/2006,T,74,Real-Time Strategy
1300026737,Strategic Command 2 Blitzkrieg,strategic-command-2-blitzkrieg,4/28/2006,,64,Turn-Based Strategy
1300026208,Guild Wars Factions,guild-wars-factions,4/28/2006,T,84,Compilation
1300024984,Wild Earth: Photo Safari,wild-earth-photo-safari,5/2/2006,,72,Edutainment
1300026158,Paradise (2006),paradise-2006,5/3/2006,T,57,Adventure
1300023843,Tom Clancy's Ghost Recon Advanced Warfighter,tom-clancys-ghost-recon-advanced-warfighter,5/3/2006,T,80,Tactical FPS
1300023988,Desperados 2: Cooper's Revenge,desperados-2-coopers-revenge,5/5/2006,T,66,Real-Time Strategy
1300023911,SpellForce 2: Shadow Wars,spellforce-2-shadow-wars,5/5/2006,M,80,Western RPG
1300026359,DreamWorks Over the Hedge,dreamworks-over-the-hedge,5/9/2006,E10+,65,3D Platformer
1300024511,Rise of Nations: Rise of Legends,rise-of-nations-rise-of-legends,5/9/2006,T,84,Real-Time Strategy
1300025061,SiN Episodes: Emergence,sin-episodes-emergence,5/9/2006,M,75,FPS
1300026482,X-Men: The Official Game,x-men-the-official-game,5/16/2006,T,52,3D Beat-'Em-Up
1300025912,The Da Vinci Code,the-da-vinci-code,5/19/2006,T,53,Linear Action Adventure
1300020425,Zoo Tycoon 2: African Adventure,zoo-tycoon-2-african-adventure,5/22/2006,E10+,35,Tycoon
1300021190,Rogue Trooper,rogue-trooper,5/23/2006,T,69,Third Person Shooter
1300023972,Heroes of Might and Magic V,heroes-of-might-and-magic-v,5/23/2006,T,77,Turn-Based Strategy
1300026346,Iron Warriors: T-72 Tank Command,iron-warriors-t-72-tank-command,5/24/2006,M,56,Vehicle Combat Sim
1300027475,Wings Over Europe: Cold War Gone Hot,wings-over-europe-cold-war-gone-hot,5/24/2006,T,62,Aircraft Combat Sim
1300022631,Soldier Elite,soldier-elite,5/29/2006,M,40,Action Adventure
1300021626,Act of War: High Treason,act-of-war-high-treason,5/30/2006,T,74,Real-Time Strategy
1300023355,Stacked with Daniel Negreanu,stacked-with-daniel-negreanu,5/30/2006,T,54,Gambling
1300020514,Hitman: Blood Money,hitman-blood-money,5/30/2006,M,82,Action Adventure
1300025990,Out of the Park Baseball Manager 2006,out-of-the-park-baseball-manager-2006,5/31/2006,,73,Baseball Sim
1300024040,Half-Life 2: Episode One,half-life-2-episode-one,6/1/2006,M,87,FPS
1300026048,City Life,city-life,6/2/2006,E,76,Management
1300004720,The Movies: Stunts & Effects,the-movies-stunts-and-effects,6/6/2006,T,78,Tycoon
1300026516,Disney/Pixar Cars,disney-pixar-cars,6/6/2006,E,73,Auto Racing
1300026613,The Secrets of Da Vinci: The Forbidden Manuscript,the-secrets-of-da-vinci-the-forbidden-manuscript,6/7/2006,E10+,69,Point-and-Click
1300021218,Airborne Assault: Conquest of the Aegean,airborne-assault-conquest-of-the-aegean,6/9/2006,,78,Real-Time Strategy
1300022726,Gods: Lands of Infinity,gods-lands-of-infinity,6/10/2006,T,54,Western RPG
1300024571,Rush for Berlin,rush-for-berlin,6/12/2006,T,76,Real-Time Tactics
1300023617,Rise & Fall: Civilizations at War,rise-and-fall-civilizations-at-war,6/12/2006,T,64,Real-Time Strategy
1300026763,Moscow to Berlin: Red Siege,moscow-to-berlin-red-siege,6/14/2006,T,57,Real-Time Strategy
1300018124,Rome: Total War Alexander,rome-total-war-alexander,6/19/2006,T,79,Real-Time Strategy
1300025810,NFL Head Coach,nfl-head-coach,6/19/2006,E,64,Football Sim
1300024281,Night Watch,night-watch,6/26/2006,T,54,Western RPG
1300024169,Hard Truck: Apocalypse,hard-truck-apocalypse,6/26/2006,T,45,Vehicle Combat Sim
1300026592,Micro Machines V4,micro-machines-v4,6/27/2006,E,57,Auto Racing
1300026053,OutRun 2006: Coast 2 Coast,outrun-2006-coast-2-coast,6/27/2006,E,81,Auto Racing
1300024559,Pirates of the Caribbean: The Legend of Jack Sparrow,pirates-of-the-caribbean-the-legend-of-jack-sparr,6/28/2006,T,49,Action Adventure
1300026657,Cossacks II: Battle for Europe,cossacks-ii-battle-for-europe,6/28/2006,T,69,Command RTS
1300026594,Glory of the Roman Empire,glory-of-the-roman-empire,7/3/2006,E10+,66,Management
1300026350,Terrawars: New York Invasion,terrawars-new-york-invasion,7/6/2006,T,24,FPS
1300001671,Prey (2006),prey-2006,7/11/2006,M,83,FPS
1300027865,Nancy Drew: Danger By Design,nancy-drew-danger-by-design,7/11/2006,E,70,Point-and-Click
1300026832,The Ship (2006),the-ship-2006,7/11/2006,T,76,FPS
1300027881,Kudos,kudos,7/17/2006,T,68,Virtual Life
1300005237,Warpath (2006),warpath-2006,7/18/2006,T,57,FPS
1300026653,CivCity: Rome,civcity-rome,7/24/2006,E10+,67,Management
1300026574,The Ant Bully,the-ant-bully,7/24/2006,E10+,47,3D Platformer
1300020225,Sid Meier's Civilization IV: Warlords,sid-meiers-civilization-iv-warlords,7/24/2006,E10+,84,4X Strategy
1300026165,World War II Combat: Iwo Jima,world-war-ii-combat-iwo-jima,7/25/2006,M,26,FPS
1300026661,Birth of America,birth-of-america,7/26/2006,E,71,Turn-Based Strategy
1300027744,Big Oil: Build an Oil Empire,big-oil-build-an-oil-empire,7/31/2006,E,31,Tycoon
1300028001,Combat Mission Anthology,combat-mission-anthology,7/31/2006,T,79,Compilation
1300023894,Battleground Europe: World War II Online,battleground-europe-world-war-ii-online,8/1/2006,M,73,FPS
1300023443,FlatOut 2,flatout-2,8/1/2006,T,76,Auto Racing
1300022800,Nickelodeon Barnyard,nickelodeon-barnyard,8/1/2006,E10+,67,Action
1300026816,Safecracker: The Ultimate Puzzle Adventure,safecracker-the-ultimate-puzzle-adventure,8/2/2006,E,69,Point-and-Click
1300018474,Dungeon Siege II: Broken World,dungeon-siege-ii-broken-world,8/4/2006,M,62,Action RPG
1300035586,Dwarf Fortress,dwarf-fortress,8/8/2006,,93,Management
1300022697,World Racing 2,world-racing-2,8/14/2006,E,68,Auto Racing Sim
1300025705,DarkStar One,darkstar-one,8/14/2006,T,71,Space Combat Sim
1300028149,F.E.A.R. Combat,f-e-a-r-combat,8/17/2006,M,90,FPS
1300025935,Sword of the Stars,sword-of-the-stars,8/17/2006,E10+,68,Strategy
1300026864,First Battalion,first-battalion,8/21/2006,T,63,Real-Time Strategy
1300026841,Ship Simulator 2006,ship-simulator-2006,8/21/2006,E,59,Marine Sim
1300024112,Madden NFL 07,madden-nfl-07,8/22/2006,E,80,Football Sim
1300023294,Barrow Hill: Curse of the Ancient Circle,barrow-hill-curse-of-the-ancient-circle,8/25/2006,T,65,Point-and-Click
1300003101,Dragon's Lair,dragons-lair,8/25/2006,E,50,Arcade
1300026352,ProStroke Golf - World Tour 2007,prostroke-golf-world-tour-2007,8/29/2006,E,56,Golf Sim
1300026479,Glow Worm,glow-worm,8/31/2006,E,73,Puzzle
1300024185,American McGee Presents Bad Day LA,american-mcgee-presents-bad-day-la,9/6/2006,M,28,Action Adventure
1300026762,Al Emmo and the Lost Dutchman's Mine,al-emmo-and-the-lost-dutchmans-mine,9/6/2006,,77,Point-and-Click
1300026374,Alliance: Future Combat,alliance-future-combat,9/8/2006,T,43,Real-Time Strategy
1300003587,Age of Pirates: Caribbean Tales,age-of-pirates-caribbean-tales,9/12/2006,T,56,Western RPG
1300024065,Joint Task Force,joint-task-force,9/12/2006,T,68,Real-Time Tactics
1300024549,Faces of War,faces-of-war,9/12/2006,M,67,Real-Time Strategy
1300027447,NHL 07,nhl-07,9/12/2006,E10+,72,Hockey Sim
1300026481,Lego Star Wars II: The Original Trilogy,lego-star-wars-ii-the-original-trilogy,9/12/2006,E10+,86,Action Adventure
1300024202,Company of Heroes,company-of-heroes,9/13/2006,M,93,Real-Time Strategy
1300026767,Open Season,open-season,9/19/2006,E10+,58,3D Platformer
1300028155,NHL Eastside Hockey Manager 2007,nhl-eastside-hockey-manager-2007,9/22/2006,E,89,Hockey Sim
1300028436,Flyboys Squadron,flyboys-squadron,9/22/2006,E10+,45,Aircraft Combat Sim
1300026262,Ford Bold Moves Street Racing,ford-bold-moves-street-racing,9/25/2006,E,48,Auto Racing Sim
1300027008,NBA Live 07,nba-live-07,9/25/2006,E,61,Basketball Sim
1300025305,Caesar IV,caesar-iv,9/26/2006,E10+,74,Management
1300024476,Mage Knight: Apocalypse,mage-knight-apocalypse,9/26/2006,T,47,Action RPG
1300021097,ParaWorld,paraworld,9/27/2006,T,71,Real-Time Strategy
1300022791,Just Cause,just-cause,9/27/2006,M,75,Open-World Action
1300022763,Dominions 3: The Awakening,dominions-3-the-awakening,9/29/2006,,82,Turn-Based Strategy
1300026267,GTR 2,gtr-2,9/29/2006,E,90,Auto Racing Sim
1300021136,El Matador,el-matador,9/29/2006,M,54,Third Person Shooter
1300027930,DEFCON: Everybody Dies,defcon-everybody-dies,9/29/2006,T,84,Real-Time Strategy
1300004544,NeverEnd (2006),neverend-2006,10/2/2006,T,44,JRPG
1300027887,Wildlife Zoo,wildlife-zoo,10/2/2006,E,65,Strategy
1300020603,Pacific Storm,pacific-storm,10/2/2006,T,67,Real-Time Strategy
1300027446,FIFA 07 Soccer,fifa-07-soccer,10/3/2006,E,78,Soccer Sim
1300026315,ArchLord,archlord,10/3/2006,T,42,MMORPG
1300026681,Desperate Housewives: The Game,desperate-housewives-the-game,10/6/2006,T,61,Virtual Life
1300021587,Scarface: The World Is Yours,scarface-the-world-is-yours,10/8/2006,M,73,Action Adventure
1300020229,"Warhammer 40,000: Dawn of War - Dark Crusade",warhammer-40-000-dawn-of-war-dark-crusade,10/9/2006,M,87,Real-Time Strategy
1300027011,Tiger Woods PGA Tour 07,tiger-woods-pga-tour-07,10/10/2006,E,73,Golf Sim
1300116652,Naked War,naked-war,10/10/2006,,83,Turn-Based Strategy
1300024562,The Guild 2,the-guild-2,10/12/2006,T,61,Real-Time Strategy
1300024422,Space Empires V,space-empires-v,10/16/2006,E,68,Turn-Based Strategy
1300026802,Evidence: The Last Ritual,evidence-the-last-ritual,10/16/2006,M,74,Adventure
1300026652,Sid Meier's Railroads!,sid-meiers-railroads,10/17/2006,E,77,Tycoon
1300027118,The Sims 2: Pets,the-sims-2-pets,10/17/2006,T,76,Virtual Life
1300026669,Battlefield 2142,battlefield-2142,10/17/2006,T,80,FPS
1300023278,Age of Empires III: The WarChiefs,age-of-empires-iii-the-warchiefs,10/17/2006,T,80,Command RTS
1300020414,Brigade E5: New Jagged Union,brigade-e5-new-jagged-union,10/17/2006,M,41,Turn-Based Strategy
1300020424,Zoo Tycoon 2: Marine Mania,zoo-tycoon-2-marine-mania,10/17/2006,E10+,74,Tycoon
1300026152,Microsoft Flight Simulator X,microsoft-flight-simulator-x,10/17/2006,E,80,Aircraft Sim
1300022051,Jaws Unleashed,jaws-unleashed,10/18/2006,M,55,Action
1300025568,Sam & Max Episode 101: Culture Shock,sam-and-max-episode-101-culture-shock,10/18/2006,T,81,Point-and-Click
1300028816,Nancy Drew: The Creature of Kapu Cave,nancy-drew-the-creature-of-kapu-cave,10/19/2006,E,68,Point-and-Click
1300026530,Stronghold Legends,stronghold-legends,10/23/2006,T,57,Real-Time Strategy
1300019121,Phantasy Star Universe,phantasy-star-universe,10/24/2006,T,59,Action RPG
1300025233,Dark Messiah of Might and Magic,dark-messiah-of-might-and-magic,10/24/2006,M,72,FPS
1300026786,Marvel: Ultimate Alliance,marvel-ultimate-alliance,10/24/2006,T,82,Action RPG
1300018239,Reservoir Dogs,reservoir-dogs,10/24/2006,M,50,Action Adventure
1300022860,Star Wars: Empire at War: Forces of Corruption,star-wars-empire-at-war-forces-of-corruption,10/24/2006,T,75,Real-Time Strategy
1300026967,F.E.A.R. Extraction Point,f-e-a-r-extraction-point,10/24/2006,M,75,FPS
1300026867,Guild Wars Nightfall,guild-wars-nightfall,10/26/2006,T,84,Compilation
1300026965,Secret Files: Tunguska,secret-files-tunguska,10/30/2006,T,66,Point-and-Click
1300027100,Worldwide Soccer Manager 2007,worldwide-soccer-manager-2007,10/31/2006,E,87,Soccer Management
1300027009,Need for Speed: Carbon,need-for-speed-carbon,10/31/2006,E10+,78,Auto Racing
1300028703,DNA (2006),dna-2006,10/31/2006,E,84,Action Puzzle
1300021557,Neverwinter Nights 2,neverwinter-nights-2,10/31/2006,T,82,Western RPG
1300025874,Snoopy vs. the Red Baron,snoopy-vs-the-red-baron,11/3/2006,E10+,68,Action Adventure
1300026924,1701 A.D.,1701-a-d,11/6/2006,E10+,79,Real-Time Strategy
1300024703,RoboBlitz,roboblitz,11/7/2006,E10+,80,Third Person Shooter
1300025004,Left Behind: Eternal Forces,left-behind-eternal-forces,11/7/2006,T,38,Real-Time Strategy
1300023836,Tom Clancy's Splinter Cell: Double Agent,tom-clancys-splinter-cell-double-agent,11/7/2006,M,80,Action Adventure
1300004551,EverQuest II: Echoes of Faydwer,everquest-ii-echoes-of-faydwer,11/13/2006,T,83,MMORPG
1300026316,Medieval II: Total War,medieval-ii-total-war,11/13/2006,T,88,Real-Time Strategy
1300023971,Happy Feet,happy-feet,11/14/2006,E,42,Party
1300026788,Eragon,eragon,11/14/2006,T,51,3D Beat-'Em-Up
1300021089,Gothic 3,gothic-3,11/14/2006,T,63,Western RPG
1300026958,Bionicle Heroes,bionicle-heroes,11/14/2006,E10+,59,Third Person Shooter
1300023973,Heroes of Might and Magic V: Hammers of Fate,heroes-of-might-and-magic-v-hammers-of-fate,11/14/2006,T,66,Turn-Based Strategy
1300023708,Warhammer: Mark of Chaos,warhammer-mark-of-chaos,11/14/2006,M,73,Real-Time Strategy
1300022176,Heroes of Annihilated Empires,heroes-of-annihilated-empires,11/16/2006,T,65,Real-Time Strategy
1300028340,TrackMania United,trackmania-united,11/17/2006,E,80,Auto Racing
1300026862,Agatha Christie: Murder on the Orient Express (2006),agatha-christie-murder-on-the-orient-express-2006,11/21/2006,T,60,Third-Person Adventure
1300022420,The Elder Scrolls IV: Knights of the Nine,the-elder-scrolls-iv-knights-of-the-nine,11/21/2006,M,81,Western RPG
1300028179,RACE: The WTCC Game,race-the-wtcc-game,11/24/2006,E,81,Auto Racing Sim
1300027955,The Lord of the Rings: The Battle for Middle-Earth II - The Rise of the Witch-King,the-lord-of-the-rings-the-battle-for-middle-earth-2006-2,11/28/2006,T,78,Real-Time Strategy
1300026275,Star Trek: Legacy,star-trek-legacy,12/5/2006,E10+,56,Space Combat Sim
1300026738,Rayman Raving Rabbids,rayman-raving-rabbids,12/11/2006,E,58,Party
1300026589,Tom Clancy's Rainbow Six: Vegas,tom-clancys-rainbow-six-vegas,12/12/2006,M,85,Tactical FPS
1300029691,Vigil: Blood Bitterness,vigil-blood-bitterness,12/14/2006,,61,Adventure
1300029633,Football Mogul 2007,football-mogul-2007,12/15/2006,E,45,Football Sim
1300028682,Gumboy Crazy Adventures,gumboy-crazy-adventures,12/19/2006,,69,Action
1300029582,Bookworm Adventures Deluxe,bookworm-adventures-deluxe,12/20/2006,E10+,82,Logic Puzzle
1300023274,Crashday,crashday,12/20/2006,T,63,Auto Racing
1300029562,Sam & Max Episode 102: Situation: Comedy,sam-and-max-episode-102-situation-comedy,12/20/2006,T,79,Point-and-Click
1300023501,Gene Troopers,gene-troopers,12/25/2006,M,46,FPS
1300030149,The Blackwell Legacy,the-blackwell-legacy,12/29/2006,,80,Adventure
1300025945,Massive Assault Network 2,massive-assault-network-2,12/31/2006,,72,Turn-Based Strategy
1300028694,Dream Pinball 3D,dream-pinball-3d,12/31/2006,E10+,61,Pinball
1300020780,Battlefield 2: Armored Fury,battlefield-2-armored-fury,12/31/2006,T,75,Tactical FPS
1300030019,Mr. Robot,mr-robot,1/10/2007,,83,Action Adventure
1300026825,Arthur and the Invisibles,arthur-and-the-invisibles,1/12/2007,E10+,65,Action Adventure
1300028201,Myst Online: Uru Live,myst-online-uru-live,1/15/2007,,78,First-Person Adventure
1300003998,World of Warcraft: The Burning Crusade,world-of-warcraft-the-burning-crusade,1/16/2007,T,91,MMORPG
1300020503,The Shield: The Game,the-shield-the-game,1/22/2007,M,34,Third Person Shooter
1300026535,Europa Universalis III,europa-universalis-iii,1/23/2007,E,83,Strategy
1300030004,"Sam & Max Episode 103: The Mole, the Mob and the Meatball",sam-and-max-episode-103-the-mole-the-mob-and-t,1/25/2007,,74,Point-and-Click
1300004874,Battlestations: Midway,battlestations-midway,1/30/2007,T,76,Real-Time Strategy
1300020556,Vanguard: Saga of Heroes,vanguard-saga-of-heroes,1/30/2007,T,68,MMORPG
1300033307,Ghost in the Sheet,ghost-in-the-sheet,2/5/2007,T,60,Puzzle
1300029680,The Sims: Life Stories,the-sims-life-stories,2/6/2007,T,72,Virtual Life
1300026119,War Rock,war-rock,2/7/2007,T,53,Tactical FPS
1300029484,City Life: World Edition,city-life-world-edition,2/9/2007,E,75,Management
1300025301,Secrets of the Ark: A Broken Sword Game,secrets-of-the-ark-a-broken-sword-game,2/13/2007,T,73,Third-Person Adventure
1300022987,Galactic Civilizations II: Dark Avatar,galactic-civilizations-ii-dark-avatar,2/14/2007,,91,4X Strategy
1300025273,Dreamlords,dreamlords,2/15/2007,,46,Real-Time Strategy
1300027106,Alien Shooter: Vengeance,alien-shooter-vengeance,2/16/2007,M,67,Action
1300024943,Supreme Commander,supreme-commander,2/20/2007,E10+,86,Command RTS
1300025921,Maelstrom: The Battle For Earth Begins,maelstrom-the-battle-for-earth-begins,2/20/2007,T,58,Real-Time Strategy
1300030005,Sam & Max Episode 104: Abe Lincoln Must Die!,sam-and-max-episode-104-abe-lincoln-must-die,2/22/2007,,80,Point-and-Click
1300028254,Blitzkrieg II: Fall of the Reich,blitzkrieg-ii-fall-of-the-reich,2/22/2007,T,55,Real-Time Tactics
1300023500,Knights of the Temple II,knights-of-the-temple-ii,2/23/2007,M,53,Action Adventure
1300024558,War Front: Turning Point,war-front-turning-point,2/23/2007,T,73,Real-Time Strategy
1300028266,The Mark,the-mark,2/26/2007,M,27,FPS
1300020016,Jade Empire,jade-empire,2/26/2007,M,81,Action RPG
1300029466,The Sims 2 Seasons,the-sims-2-seasons,2/27/2007,T,78,Virtual Life
1300028853,Sherlock Holmes: The Awakened (2007),sherlock-holmes-the-awakened-2007,3/1/2007,M,72,First-Person Adventure
1300026664,Shady O' Grady's Rising Star,shady-o-gradys-rising-star,3/1/2007,,58,RPG
1300029287,Titan Quest: Immortal Throne,titan-quest-immortal-throne,3/5/2007,T,80,Action RPG
1300040926,Peggle,peggle,3/6/2007,E,85,Action Puzzle
1300025997,Geometry Wars: Retro Evolved,geometry-wars-retro-evolved,3/7/2007,E,76,Top-Down Shoot-'Em-Up
1300024614,The Sacred Rings,the-sacred-rings,3/7/2007,E10+,44,First-Person Adventure
1300026670,Battlefield 2142: Northern Strike,battlefield-2142-northern-strike,3/8/2007,T,77,FPS
1300023032,Tortuga - Two Treasures,tortuga-two-treasures,3/12/2007,T,48,Action Adventure
1300029522,IL-2 Sturmovik: 1946,il-2-sturmovik-1946,3/13/2007,T,86,Aircraft Combat Sim
1300028705,Making History: The Calm and the Storm,making-history-the-calm-and-the-storm,3/13/2007,E,70,Turn-Based Strategy
1300026124,Runaway: The Dream of the Turtle,runaway-the-dream-of-the-turtle,3/14/2007,T,67,Third-Person Adventure
1300024982,"Great Invasions: The Darkages ""350-1066 AD""",great-invasions-the-darkages-350-1066-ad,3/16/2007,E10+,53,Turn-Based Strategy
1300024603,Top Spin 2,top-spin-2,3/16/2007,E,70,Tennis
1300030504,Baseball Mogul 2008,baseball-mogul-2008,3/20/2007,E,74,Baseball Sim
1300030400,Hans Christian Andersen: The Ugly Prince Duckling,hans-christian-andersen-the-ugly-prince-duckling,3/20/2007,E,63,Adventure
1300027141,Silverfall,silverfall,3/20/2007,T,62,Action RPG
1300027925,TMNT,tmnt,3/20/2007,E10+,55,3D Beat-'Em-Up
1300024501,Test Drive Unlimited,test-drive-unlimited,3/20/2007,T,79,Auto Racing Sim
1300026964,Genesis Rising: The Universal Crusade,genesis-rising-the-universal-crusade,3/20/2007,T,57,Real-Time Strategy
1300023864,Silent Hunter: Wolves of the Pacific,silent-hunter-wolves-of-the-pacific,3/20/2007,T,79,Marine Combat Sim
1300004148,S.T.A.L.K.E.R.: Shadow of Chernobyl,s-t-a-l-k-e-r-shadow-of-chernobyl,3/20/2007,M,82,FPS
1300029437,Bus Driver,bus-driver,3/22/2007,E,61,Vehicle Sim
1300027915,Brian Lara International Cricket 2007,brian-lara-international-cricket-2007,3/23/2007,,71,Cricket
1300026790,Command & Conquer 3: Tiberium Wars,command-and-conquer-3-tiberium-wars,3/26/2007,T,85,Real-Time Strategy
1300022421,The Elder Scrolls IV: Shivering Isles,the-elder-scrolls-iv-shivering-isles,3/26/2007,M,86,Western RPG
1300026991,Disney's Meet the Robinsons,disneys-meet-the-robinsons,3/27/2007,E10+,69,Action Adventure
1300025952,Winning Eleven: Pro Evolution Soccer 2007,winning-eleven-pro-evolution-soccer-2007,3/27/2007,E,88,Soccer Sim
1300030006,Sam & Max Episode 105: Reality 2.0,sam-and-max-episode-105-reality-2-0,3/29/2007,,82,Point-and-Click
1300027705,Penumbra: Overture,penumbra-overture,3/30/2007,M,73,Survival
1300018400,The Sims 2: Celebration Stuff,the-sims-2-celebration-stuff,4/3/2007,T,75,Virtual Life
1300027794,Dawnspire: Prelude,dawnspire-prelude,4/3/2007,T,58,Action RPG
1300030099,Hot Dog King A Fast Food Empire,hot-dog-king-a-fast-food-empire,4/9/2007,T,56,Tycoon
1300028662,Frontline: Fields of Thunder,frontline-fields-of-thunder,4/9/2007,T,57,Real-Time Strategy
1300024552,Whirlwind Over Vietnam,whirlwind-over-vietnam,4/13/2007,T,49,Aircraft Combat Sim
1300027132,Theatre of War,theatre-of-war,4/19/2007,T,66,Real-Time Tactics
1300020945,Made Man: Confessions of the Family Blood,made-man-confessions-of-the-family-blood,4/23/2007,M,40,Action Adventure
1300018427,The Lord of the Rings Online: Shadows of Angmar,the-lord-of-the-rings-online-shadows-of-angmar,4/24/2007,T,86,MMORPG
1300023587,Ancient Wars: Sparta,ancient-wars-sparta,4/24/2007,M,59,Command RTS
1300030718,Sam & Max Episode 106: Bright Side of the Moon,sam-and-max-episode-106-bright-side-of-the-moon,4/26/2007,T,79,Point-and-Click
1300027145,Alpha Prime,alpha-prime,5/1/2007,M,59,FPS
1300030901,PeaceMaker,peacemaker,5/2/2007,T,75,Turn-Based Strategy
1300024737,ArmA: Combat Operations,arma-combat-operations,5/4/2007,M,74,Tactical FPS
1300023929,UFO: Extraterrestrials,ufo-extraterrestrials,5/4/2007,E10+,68,Turn-Based Tactics
1300027144,UFO: Afterlight,ufo-afterlight,5/4/2007,T,71,Real-Time Strategy
1300026509,Spider-Man 3,spider-man-3,5/4/2007,T,62,Action Adventure
1300025104,CellFactor: Revolution,cellfactor-revolution,5/8/2007,M,50,FPS
1300023281,Loco Mania,loco-mania,5/8/2007,E,65,Train Sim
1300023469,Infernal,infernal,5/8/2007,M,61,Third Person Shooter
1300026793,FreeStyle Street Basketball,freestyle-street-basketball,5/15/2007,E,69,Basketball
1300028706,DreamWorks Shrek the Third,shrek-the-third,5/15/2007,E10+,60,Action Adventure
1300004020,Resident Evil 4 (2005),resident-evil-4-2005,5/15/2007,M,76,Survival
1300027101,Disney Pirates of the Caribbean: At World's End,disney-pirates-of-the-caribbean-at-worlds-end,5/22/2007,T,57,Linear Action Adventure
1300025140,Shadowrun (working title),shadowrun-working-title,5/29/2007,M,67,FPS
1300027510,The Secrets of Atlantis,the-secrets-of-atlantis,5/29/2007,T,48,First-Person Adventure
1300004893,Halo 2,halo-2,5/31/2007,M,72,FPS
1300030199,Surf's Up,surfs-up,6/1/2007,E10+,62,Surfing
1300020800,You Are Empty,you-are-empty,6/1/2007,M,34,FPS
1300030814,Sword of the Stars: Born of Blood,sword-of-the-stars-born-of-blood,6/5/2007,E10+,79,Strategy
1300028567,Space Force: Rogue Universe,spaceforce-rogue-universe,6/5/2007,T,62,Space Sim
1300018399,The Sims 2: H&M Fashion Stuff,the-sims-2-h-and-m-fashion-stuff,6/5/2007,T,48,Virtual Life
1300027667,Tomb Raider: Anniversary,tomb-raider-anniversary,6/5/2007,T,83,Linear Action Adventure
1300028284,Hospital Tycoon,hospital-tycoon,6/5/2007,E10+,51,Tycoon
1300030701,Nancy Drew: The White Wolf of Icicle Creek,nancy-drew-the-white-wolf-of-icicle-creek,6/7/2007,E,73,Point-and-Click
1300021074,Call of Juarez,call-of-juarez,6/12/2007,M,72,FPS
1300024936,Monster Madness,monster-madness,6/12/2007,T,59,Vertical Shoot-'Em-Up
1300026954,DiRT,dirt,6/19/2007,E,84,Auto Racing Sim
1300029681,The Sims: Pet Stories,the-sims-pet-stories,6/19/2007,T,67,Virtual Life
1300030868,Pro Cycling Manager Season 2007: Le Tour de France,pro-cycling-manager-season-2007-le-tour-de-france,6/20/2007,E,50,Biking
1300031173,The Guild 2: Pirates of the High Seas,the-guild-2-pirates-of-the-high-seas,6/25/2007,T,63,Real-Time Strategy
1300027868,Harry Potter and the Order of the Phoenix,harry-potter-and-the-order-of-the-phoenix,6/25/2007,E10+,63,Action Adventure
1300032210,AGEOD's American Civil War: 1861-1865 - The Blue and the Gray,ageods-american-civil-war-1861-1865-the-blue-a,6/26/2007,E,63,Turn-Based Strategy
1300026087,Lost Planet: Extreme Condition,lost-planet-extreme-condition,6/26/2007,T,66,Third Person Shooter
1300026529,Transformers: The Game,transformers-the-game,6/26/2007,T,55,Action Adventure
1300027933,Call for Heroes: Pompolic Wars,call-for-heroes-pompolic-wars,6/26/2007,T,25,RPG
1300024799,Driver: Parallel Lines,driver-parallel-lines,6/26/2007,M,61,Open-World Action
1300026938,Overlord,overlord,6/26/2007,T,81,Action Adventure
1300026863,Dead Reefs,dead-reefs,7/3/2007,T,51,Adventure
1300030550,Enemy Engaged 2,enemy-engaged-2,7/10/2007,T,58,Aircraft Sim
1300030117,Sword of the New World: Granado Espada,sword-of-the-new-world-granado-espada,7/12/2007,T,66,MMORPG
1300029501,Tom Clancy's Ghost Recon Advanced Warfighter 2,tom-clancys-ghost-recon-advanced-warfighter-2-2007,7/17/2007,T,76,Tactical FPS
1300020226,Sid Meier's Civilization IV: Beyond the Sword,sid-meiers-civilization-iv-beyond-the-sword,7/23/2007,E10+,86,4X Strategy
1300032458,"It's the Big Game, Charlie Brown",its-the-big-game-charlie-brown,7/30/2007,E,54,Point-and-Click
1300028144,Attack on Pearl Harbor,attack-on-pearl-harbor,8/6/2007,T,64,Aircraft Combat Sim
1300030344,Madden NFL 08,madden-nfl-08,8/14/2007,E,75,Football Sim
1300029438,Destination: Treasure Island,destination-treasure-island,8/21/2007,E10+,74,Point-and-Click
1300022724,BioShock,bioshock,8/21/2007,M,96,FPS
1300025793,Combat Mission: Shock Force,combat-mission-shock-force,8/22/2007,T,62,Turn-Based Strategy
1300002658,Two Worlds,two-worlds,8/23/2007,M,65,RPG
1300030620,Medieval II: Total War Kingdoms,medieval-ii-total-war-kingdoms,8/28/2007,T,85,Real-Time Strategy
1300030711,Tiger Woods PGA Tour 08,tiger-woods-pga-tour-08,8/28/2007,E,61,Golf Sim
1300018320,Guild Wars: Eye of the North,guild-wars-eye-of-the-north,8/28/2007,T,79,Compilation
1300026656,Undercover: Operation Wintersun,undercover-operation-wintersun,8/28/2007,T,57,Point-and-Click
1300031069,The Sims 2: Bon Voyage,the-sims-2-bon-voyage,9/4/2007,T,74,Virtual Life
1300024917,Medal of Honor: Airborne,medal-of-honor-airborne,9/4/2007,T,78,FPS
1300030353,Depths of Peril,depths-of-peril,9/6/2007,T,79,RPG
1300030862,Galactic Assault: Prisoner of Power,galactic-assault-prisoner-of-power,9/11/2007,T,68,Turn-Based Tactics
1300031060,NHL 08,nhl-08,9/11/2007,E10+,65,Hockey Sim
1300030897,AnaCapri: The Dream,anacapri-the-dream,9/12/2007,E10+,39,Point-and-Click
1300034023,East Side Story - A Carol Reed Mystery,east-side-story-a-carol-reed-mystery,9/14/2007,,73,First-Person Adventure
1300031273,Tarr Chronicles,tarr-chronicles,9/18/2007,T,60,Space Combat Sim
1300024502,Stranglehold,stranglehold,9/18/2007,M,77,Third Person Shooter
1300027836,Ducati World Championship,ducati-world-championship,9/18/2007,E10+,35,Auto Racing Sim
1300026718,World in Conflict,world-in-conflict,9/18/2007,T,89,Real-Time Strategy
1300030119,Blazing Angels 2: Secret Missions of WWII,blazing-angels-2-secret-missions-of-wwii,9/21/2007,T,72,Aircraft Combat Sim
1300030671,Company of Heroes: Opposing Fronts,company-of-heroes-opposing-fronts,9/24/2007,M,87,Real-Time Strategy
1300029632,CSI: Crime Scene Investigation: Hard Evidence,csi-crime-scene-investigation-hard-evidence,9/25/2007,M,63,Point-and-Click
1300028880,The Settlers: Rise of an Empire,the-settlers-rise-of-an-empire,9/25/2007,E10+,66,Management
1300024738,ArmA: Queen's Gambit,arma-queens-gambit,9/28/2007,M,67,Tactical FPS
1300031208,Nostradamus: The Last Prophecy,nostradamus-the-last-prophecy,9/30/2007,E10+,70,Adventure
1300032391,The Chosen - Well of Souls,the-chosen-well-of-souls,10/1/2007,T,53,Action RPG
1300031004,Spider-Man: Friend or Foe,spider-man-friend-or-foe,10/2/2007,E10+,57,Action Adventure
1300032548,Nancy Drew: Legend of the Crystal Skull,nancy-drew-legend-of-the-crystal-skull,10/8/2007,E,79,Point-and-Click
1300032661,RACE 07: Official WTCC Game,race-07-official-wtcc-game,10/9/2007,E,83,Auto Racing Sim
1300030524,FIFA 08 Soccer,fifa-soccer-08,10/9/2007,E,77,Soccer Sim
1300031070,Thrillville: Off the Rails,thrillville-off-the-rails,10/9/2007,E10+,70,Strategy
1300021559,Neverwinter Nights 2: Mask of The Betrayer,neverwinter-nights-2-mask-of-the-betrayer,10/9/2007,T,82,Western RPG
1300003125,Team Fortress 2,team-fortress-2,10/10/2007,M,92,Tactical FPS
1300027872,Portal,portal,10/10/2007,T,90,FPS
1300027871,The Orange Box,the-orange-box,10/10/2007,M,96,Compilation
1300032549,Half-Life 2: Episode Two,half-life-2-episode-two,10/10/2007,M,90,FPS
1300028003,Puzzle Quest: Challenge of the Warlords,puzzle-quest-challenge-of-the-warlords,10/10/2007,E10+,84,Matching Puzzle
1300030298,The History Channel: Great Battles of Rome,the-history-channel-great-battles-of-rome,10/15/2007,T,46,Real-Time Strategy
1300023376,Seven Kingdoms: Conquest,seven-kingdoms-conquest,10/15/2007,T,38,Command RTS
1300030554,Agatha Christie: Evil Under the Sun,agatha-christie-evil-under-the-sun,10/16/2007,T,66,Third-Person Adventure
1300030672,Heroes of Might and Magic V: Tribes of the East,heroes-of-might-and-magic-v-tribes-of-the-east,10/16/2007,T,70,Turn-Based Strategy
1300027014,Fury (2007),fury-2007,10/16/2007,T,55,MMORPG
1300027133,Death to Spies,death-to-spies,10/16/2007,M,69,Action Adventure
1300032376,Hired Guns: The Jagged Edge,hired-guns-the-jagged-edge,10/19/2007,T,58,Turn-Based Strategy
1300023874,Hard to be a God,hard-to-be-a-god,10/19/2007,,55,Western RPG
1300030444,Flight Simulator X: Acceleration,flight-simulator-x-acceleration,10/23/2007,E10+,82,Aircraft Sim
1300032811,Worldwide Soccer Manager 2008,worldwide-soccer-manager-2008,10/23/2007,E,86,Soccer Management
1300027148,Dawn of Magic,dawn-of-magic,10/23/2007,M,52,Action RPG
1300028477,Battlestar Galactica (2007),battlestar-galactica-2007,10/23/2007,E10+,45,Third Person Shooter
1300023279,Age of Empires III: The Asian Dynasties,age-of-empires-iii-the-asian-dynasties,10/23/2007,T,81,Command RTS
1300027906,Clive Barker's Jericho,clive-barkers-jericho,10/23/2007,M,63,Survival
1300030144,Escape From Paradise City,escape-from-paradise-city,10/26/2007,M,62,RPG
1300032517,Painkiller: Overdose,painkiller-overdose,10/26/2007,M,65,FPS
1300030712,Chessmaster: Grandmaster Edition,chessmaster-the-art-of-learning,10/30/2007,E,73,Board
1300030876,NBA Live 08,nba-live-08,10/30/2007,E,67,Basketball Sim
1300032333,DreamWorks Bee Movie Game,dreamworks-bee-movie-game,10/30/2007,E,70,Action
1300018561,The Witcher,the-witcher,10/30/2007,M,81,Action RPG
1300023297,TimeShift (2007),timeshift-2007,10/30/2007,M,71,FPS
1300003718,Richard Garriott's Tabula Rasa,richard-garriotts-tabula-rasa,10/30/2007,T,78,MMORPG
1300034351,Beauty Factory,beauty-factory,10/31/2007,E,22,Tycoon
1300024207,Pirates of the Caribbean Online,pirates-of-the-caribbean-online,10/31/2007,E10+,60,MMORPG
1300023932,Hellgate: London,hellgate-london,10/31/2007,M,70,Western RPG
1300025955,Culpa Innata,culpa-innata,11/2/2007,M,66,Third-Person Adventure
1300030824,Call of Duty 4: Modern Warfare,call-of-duty-4-modern-warfare,11/5/2007,M,92,FPS
1300030404,Empire Earth III,empire-earth-iii,11/6/2007,T,50,Real-Time Strategy
1300032528,F.E.A.R. Perseus Mandate,f-e-a-r-perseus-mandate,11/6/2007,M,61,FPS
1300032364,Supreme Commander: Forged Alliance,supreme-commander-forged-alliance,11/6/2007,E10+,81,Command RTS
1300031142,Darkness Within: In Pursuit of Loath Nolder,darkness-within-in-pursuit-of-loath-nolder,11/6/2007,T,52,Adventure
1300033351,Championship Manager 2008,championship-manager-2008,11/6/2007,,68,Soccer Management
1300026647,Viva Pinata,viva-pinata,11/6/2007,E,78,Virtual Life
1300024573,Gears of War,gears-of-war,11/6/2007,M,87,Third Person Shooter
1300030813,Fantasy Wars,fantasy-wars,11/8/2007,T,67,Turn-Based Tactics
1300033300,Sam & Max Episode 201: Ice Station Santa,sam-and-max-episode-201-ice-station-santa,11/8/2007,T,82,Point-and-Click
1300030559,Avencast: Rise of the Mage,avencast-rise-of-the-mage,11/8/2007,T,68,Action RPG
1300024551,Swashbucklers: Blue vs. Grey,swashbucklers-blue-vs-grey,11/8/2007,M,44,Action Adventure
1300029546,BlackSite: Area 51,blacksite-area-51,11/12/2007,T,60,FPS
1300031260,SimCity Societies,simcity-societies,11/13/2007,E10+,63,Management
1300030272,Guitar Hero III: Legends of Rock,guitar-hero-iii-legends-of-rock,11/13/2007,T,79,Rhythm
1300031086,Need for Speed: ProStreet,need-for-speed-prostreet,11/13/2007,E10+,70,Auto Racing Sim
1300004550,EverQuest II: Rise of Kunark,everquest-ii-rise-of-kunark,11/13/2007,T,83,MMORPG
1300026717,Beowulf: The Game,beowulf-the-game,11/13/2007,M,44,Action Adventure
1300026360,Crysis,crysis,11/13/2007,M,91,FPS
1300032335,Soldier of Fortune: Payback,soldier-of-fortune-payback,11/14/2007,M,45,FPS
1300031285,Shadowgrounds Survivor,shadowgrounds-survivor,11/14/2007,M,79,Third Person Shooter
1300030396,Juiced 2: Hot Import Nights,juiced-2-hot-import-nights,11/16/2007,T,61,Auto Racing Sim
1300029435,Eschalon: Book I,eschalon-book-i,11/19/2007,,75,Western RPG
1300024513,Unreal Tournament III,unreal-tournament-iii,11/19/2007,M,83,FPS
1300026914,Sega Rally Revo,sega-rally-revo,11/19/2007,E,74,Auto Racing
1300033359,Next Life,next-life,11/20/2007,M,56,Adventure
1300027879,Kane & Lynch: Dead Men,kane-and-lynch-dead-men,11/20/2007,M,67,Tactical Third Person Shooter
1300030704,Speedball 2 - Tournament,speedball-2-tournament,11/27/2007,,62,Future Sport
1300022540,Lumines,lumines,11/29/2007,E,74,Matching Puzzle
1300027864,SunAge,sunage,11/30/2007,T,44,Command RTS
1300033128,The History Channel: Battle for the Pacific,the-history-channel-battle-for-the-pacific,12/4/2007,T,42,FPS
1300030037,Aquaria,aquaria,12/7/2007,E,82,Action Adventure
1300030216,Universe at War: Earth Assault,universe-at-war-earth-assault,12/10/2007,T,77,Real-Time Strategy
1300030421,The Golden Compass,the-golden-compass,12/14/2007,E10+,26,Action Adventure
1300377265,Tropico 5: Waterborne,tropico-5-waterborne,12/17/2014,T,60,Management
1300196732,Dead Effect,dead-effect,12/17/2014,,59,FPS
1300375078,LISA,lisa,12/15/2014,M,77,RPG
1300375082,theHunter: Primal,thehunter-primal,12/15/2014,,49,Hunting
1300142772,Redux: Dark Matters,redux-dark-matters,12/12/2014,,61,Vertical Shoot-'Em-Up
1300287017,The Talos Principle,the-talos-principle,12/11/2014,T,85,First-Person Adventure
1300096490,Final Fantasy XIII-2,final-fantasy-xiii-2,12/11/2014,T,75,JRPG
1300285659,Elegy for a Dead World,elegy-for-a-dead-world,12/10/2014,,65,Text Adventure
1300282161,JUJU,juju,12/10/2014,E,65,2D Platformer
1300374999,Chaos Reborn,chaos-reborn,12/9/2014,,85,Turn-Based Strategy
1300139170,Dokuro,dokuro,12/8/2014,,59,2D Platformer
1300377262,Hearthstone: Heroes of Warcraft - Goblins Vs. Gnomes,hearthstone-heroes-of-warcraft-goblins-vs-gnomes,12/8/2014,,84,Card Battle
1300248504,Fight The Dragon,fight-the-dragon,12/4/2014,,76,Action RPG
1300098368,Dead State,dead-state,12/4/2014,,70,RPG
1300349684,The Old City: Leviathan,the-old-city-leviathan,12/3/2014,,62,First-Person Adventure
1300329063,Lumino City,lumino-city,12/2/2014,,70,Adventure
1300287274,The Witcher Adventure Game,the-witcher-adventure,11/27/2014,,68,Board
1300310707,Emergency 5,emergency-5,11/27/2014,,54,Real-Time Strategy
1300305883,"Warhammer 40,000: Armageddon",warhammer-40000-armageddon,11/26/2014,,68,Real-Time Strategy
1300175110,Shroud of the Avatar: Forsaken Virtues,shroud-of-the-avatar-forsaken-virtues,11/24/2014,,58,RPG
1300357673,Fractured Space,fractured-space,11/20/2014,,79,Space Combat Sim
1300342188,The Marvellous Miss Take,the-marvellous-miss-take,11/20/2014,,69,Adventure
1300190886,Particulars,particulars,11/19/2014,,74,Action Puzzle
1300356924,Basketball Pro Management 2015,basketball-pro-management-2015,11/19/2014,,69,Basketball Sim
1300294961,Escape Dead Island,escape-dead-island,11/18/2014,M,52,Survival
1300370973,The Blue Flamingo,the-blue-flamingo,11/18/2014,,55,Vertical Shoot-'Em-Up
1300293110,Construction Simulator 2015,construction-simulator-2015,11/18/2014,,63,Vehicle Sim
1300309410,Company of Heroes 2: Ardennes Assault,company-of-heroes-2-ardennes-assault,11/17/2014,M,81,Real-Time Strategy
1300249968,Shadows: Heretic Kingdoms,shadows-heretic-kingdoms,11/14/2014,,74,Action RPG
1300171853,Frozen Synapse Prime,frozen-synapse-prime,11/14/2014,,83,Turn-Based Tactics
1300352126,Onikira - Demon Killer,onikira-demon-killer,11/14/2014,,55,2D Platformer
1300222277,World of Warcraft: Warlords of Draenor,world-of-warcraft-warlords-of-draenor,11/13/2014,T,87,MMORPG
1300352129,Sneaky Sneaky,sneaky-sneaky,11/12/2014,,63,Turn-Based Tactics
1300353682,Space Hulk Ascension,space-hulk-ascension,11/12/2014,T,72,Turn-Based Tactics
1300243160,Randal's Monday,randals-monday,11/12/2014,,57,Point-and-Click
1300349679,Toybox Turbos,toybox-turbos,11/11/2014,E,69,Auto Racing
1300346463,Five Nights at Freddy's 2,five-nights-at-freddys-2,11/10/2014,,62,Survival
1300303070,Crowntakers,crowntakers,11/7/2014,,70,Roguelike
1300307939,Football Manager 2015,football-manager-2015,11/7/2014,,80,Soccer Management
1300175033,A Bird Story,a-bird-story,11/7/2014,,66,Adventure
1300285699,Defenders of Time,defenders-of-time,11/4/2014,T,55,Defense
1300140219,Depth,depth,11/3/2014,,65,FPS
1300238127,Buzz Aldrin's Space Program Manager,buzz-aldrins-space-program-manager,10/31/2014,,62,Turn-Based Strategy
1300339366,Natural Selection 2: Combat,natural-selection-2-combat,10/31/2014,,60,FPS
1300302642,Majestic Nights,majestic-nights,10/30/2014,,32,RPG
1300350719,Icewind Dale: Enhanced Edition,icewind-dale-enhanced-edition,10/30/2014,,80,Western RPG
1300195318,LEGO Minifigures Online,lego-minifigures-online,10/29/2014,,64,MMORPG
1300339368,BlazeRush,blazerush,10/28/2014,E10+,66,Auto Racing
1300200425,Spacebase DF-9,spacebase-df-9,10/27/2014,T,49,Space Combat Sim
1300305887,Enforcer: Police Crime Action,enforcer-justice-law-order,10/24/2014,,36,Open-World Action
1300267057,Sid Meier's Civilization: Beyond Earth,sid-meiers-civilization-beyond-earth,10/23/2014,E10+,81,4X Strategy
1300408851,Dreamfall Chapters Book One: Reborn,dreamfall-chapters-book-one-reborn,10/21/2014,,72,Third-Person Adventure
1300339364,Poltergeist: A Pixelated Horror,poltergeist-a-pixelated-horror,10/20/2014,E,70,Action Puzzle
1300285681,Metrocide,metrocide,10/20/2014,,68,Top-Down Shoot-'Em-Up
1300195918,Door Kickers,door-kickers,10/20/2014,,83,Real-Time Tactics
1300342154,Fist of Jesus,fist-of-jesus,10/17/2014,,63,2D Beat-'Em-Up
1300307970,Wings! Remastered Edition,wings-remastered-edition,10/17/2014,,61,Rail Shooter
1300315021,A City Sleeps,a-city-sleeps,10/16/2014,,61,Horizontal Shoot-'Em-Up
1300305076,F1 2014,f1-2014,10/16/2014,E,61,Auto Racing Sim
1300288295,Ultimate General: Gettysburg,ultimate-general-gettysburg,10/16/2014,,84,Real-Time Tactics
1300328226,Legend of Grimrock II,legend-of-grimrock-ii,10/15/2014,,85,Western RPG
1300200014,Gabriel Knight: Sins of the Fathers 20th Anniversary Edition,gabriel-knight-sins-of-the-fathers-20th-anniversa,10/15/2014,,74,Point-and-Click
1300347660,Crusader Kings II: Charlemagne,crusader-kings-ii-charlemagne,10/14/2014,,80,Real-Time Strategy
1300266158,Borderlands: The Pre-Sequel,borderlands-the-pre-sequel,10/13/2014,M,75,FPS
1300108714,Ryse: Son of Rome,ryse-son-of-rome,10/10/2014,M,61,Linear Action Adventure
1300024904,Final Fantasy XIII,final-fantasy-xiii,10/9/2014,T,65,JRPG
1300293650,A Golden Wake,a-golden-wake,10/9/2014,,68,Point-and-Click
1300330078,Team Indie,team-indie,10/8/2014,,58,2D Platformer
1300334877,Qora,qora,10/2/2014,,63,2D Platformer
1300324415,Silence of the Sleep,silence-of-the-sleep,10/1/2014,,66,Adventure
1300325779,Shadow Puppeteer,shadow-puppeteer,9/29/2014,,57,3D Platformer
1300083826,Outland,outland,9/29/2014,E10+,79,2D Platformer
1300332848,Dark Souls II: Crown of the Ivory King,dark-souls-ii-crown-of-the-ivory-king,9/29/2014,,82,Action RPG
1300169063,Starpoint Gemini 2,starpoint-gemini-2,9/26/2014,,70,Real-Time Strategy
1300312822,Ancient Space,ancient-space,9/23/2014,,68,Turn-Based Strategy
1300153177,Stronghold: Crusader II,stronghold-crusader-2,9/22/2014,T,65,Real-Time Strategy
1300172282,Worlds of Magic,worlds-of-magic,9/20/2014,,52,4X Strategy
1300320696,Life is Feudal: Your Own,life-is-feudal-your-own,9/19/2014,,63,Action RPG
1300173235,Cannon Brawl,cannon-brawl,9/19/2014,,72,Real-Time Strategy
1300301048,Train Simulator 2015,train-simulator-2015,9/18/2014,E,73,Train Sim
1300329657,Age of Wonders III - Golden Realms,age-of-wonders-iii-golden-realms,9/18/2014,,82,Turn-Based Strategy
1300326178,Shadowrun: Dragonfall - Director's Cut,shadowrun-dragonfall-directors-cut,9/18/2014,,87,Turn-Based Tactics
1300247039,Endless Legend,endless-legend,9/18/2014,,82,4X Strategy
1300277319,Heavy Bullets,heavy-bullets,9/18/2014,,72,FPS
1300255516,Roundabout,roundabout,9/18/2014,M,75,Auto Racing
1300137273,Wasteland 2,wasteland-2,9/18/2014,M,81,Western RPG
1300285705,SPACECOM,spacecom,9/17/2014,,68,Command RTS
1300302626,Doorways: The Underworld,doorways-the-underworld,9/17/2014,,50,First-Person Adventure
1300156054,ArcheAge,archeage,9/16/2014,M,80,MMORPG
1300223263,Naruto Shippuden: Ultimate Ninja Storm Revolution,naruto-shippuden-ultimate-ninja-storm-revolution,9/15/2014,T,61,3D Fighting
1300292016,Battle Academy 2: Eastern Front,battle-academy-2,9/12/2014,,77,Turn-Based Strategy
1300330369,J.U.L.I.A.: Among the Stars,julia-among-the-stars,9/12/2014,,71,Point-and-Click
1300267085,Minimum,minimum,9/10/2014,,69,Tactical Third Person Shooter
1300280724,Hack 'n' Slash,hack-n-slash-2014,9/9/2014,E,73,2D Platformer
1300319426,Dead Rising 3: Apocalypse Edition,dead-rising-3-apocalypse-edition,9/5/2014,M,70,Open-World Action
1300302173,Train Fever,train-fever,9/4/2014,,67,Train Sim
1300184417,How to Survive,how-to-survive,8/29/2014,,60,Survival
1300305455,GoD Factory: Wingmen,god-factory-wingmen,8/29/2014,T,76,Space Combat Sim
1300313218,To End All Wars,to-end-all-wars,8/29/2014,,71,Turn-Based Strategy
1300314567,Dark Souls II: Crown of the Old Iron King,dark-souls-ii-crown-of-the-old-iron-king,8/26/2014,,79,Action RPG
1300221432,The Walking Dead: Season Two Episode 5 - No Going Back,the-walking-dead-season-two-episode-five,8/26/2014,M,78,Point-and-Click
1300256224,Lichdom: Battlemage,lichdom-battlemage,8/25/2014,,69,Linear Action Adventure
1300281555,King's Bounty: Dark Side,kings-bounty-dark-side,8/19/2014,,73,Turn-Based Strategy
1300229801,Chess 2: The Sequel,chess-2-the-sequel,8/19/2014,,62,Board
1300305872,Mega Coin Squad,mega-coin-squad,8/15/2014,,56,2D Platformer
1300283657,IL-2 Sturmovik: Battle of Stalingrad,il-2-sturmovik-battle-of-stalingrad,8/14/2014,T,74,Aircraft Combat Sim
1300306866,Lords of Xulima,lords-of-xulima,8/8/2014,,71,Western RPG
1300300246,Orbital Gear,orbital-gear,8/7/2014,,59,2D Platformer
1300271499,Cloud Chamber,cloud-chamber,8/7/2014,,74,Adventure
1300303742,MIND: Path to Thalamus,mind-path-to-thalamus,8/5/2014,,75,FPS
1300303017,Eidolon,eidolon,8/1/2014,,64,First-Person Adventure
1300302016,Pineview Drive,pineview-drive,7/31/2014,T,58,First-Person Adventure
1300301902,Lovely Planet,lovely-planet,7/31/2014,,61,FPS
1300152600,Sacred 3,sacred-3,7/31/2014,M,57,Action RPG
1300303018,LA Cops,la-cops,7/30/2014,,45,Top-Down Shoot-'Em-Up
1300083850,Firefall,firefall,7/29/2014,,60,Third Person Shooter
1300027187,The Legend of Heroes: Trails in the Sky,the-legend-of-heroes-trails-in-the-sky,7/29/2014,,85,JRPG
1300303037,Only If,only-if,7/25/2014,,39,First-Person Adventure
1300247035,Gods Will Be Watching,gods-will-be-watching,7/24/2014,,64,Point-and-Click
1300182485,Son of Nor,son-of-nor,7/24/2014,,54,Action Adventure
1300187688,Unrest (2014),unrest-2014,7/23/2014,,65,RPG
1300237118,OlliOlli,olliolli,7/22/2014,E,78,Skating
1300300243,Hearthstone: Heroes of Warcraft - Curse of Naxxramas,hearthstone-heroes-of-warcraft-curse-of-naxxramas,7/22/2014,,78,Card Battle
1300298284,Halfway,halfway,7/22/2014,,69,Turn-Based Tactics
1300302021,Dark Souls II: Crown of the Sunken King,dark-souls-2-crown-of-the-sunken-king,7/22/2014,T,82,Action RPG
1300221428,The Walking Dead: Season Two Episode 4 - Amid the Ruins,the-walking-dead-season-two-episode-four,7/22/2014,M,78,Point-and-Click
1300141263,Legends of Eisenwald,legends-of-eisenwald,7/21/2014,,71,Turn-Based Tactics
1300153794,Planetary Annihilation,planetary-annihilation,7/18/2014,E10+,62,Command RTS
1300136648,So Many Me,so-many-me,7/17/2014,RP,78,Action Puzzle
1300303067,Europa Universalis IV: Res Publica,europa-universalis-iv-res-publica,7/16/2014,,79,Real-Time Strategy
1300223678,Secrets of Raetikon,secrets-of-raetikon,7/16/2014,,58,Action
1300266971,Magic: Duels of the Planeswalkers 2015,magic-duels-of-the-planeswalkers-2015,7/16/2014,T,60,Card Battle
1300219833,Wayward Manor,wayward-manor,7/15/2014,,41,Action Puzzle
1300295499,LIGHT (2014),light-2014,7/14/2014,,49,Puzzle
1300148427,Super ComboMan,super-comboman,7/11/2014,,49,2D Beat-'Em-Up
1300118372,The Lost Chronicles of Zerzura,the-lost-chronicles-of-zerzura,7/10/2014,,76,Point-and-Click
1300281552,The Red Solstice,the-red-solstice,7/10/2014,,74,Real-Time Tactics
1300246589,Quest for Infamy,quest-for-infamy,7/10/2014,,63,Point-and-Click
1300295552,Terrian Saga: KR-17,terrian-saga-kr-17,7/9/2014,,83,Action
1300290677,4PM,4pm,7/9/2014,,41,First-Person Adventure
1300200010,The Wolf Among Us: Episode 5 - Cry Wolf,the-wolf-among-us-episode-5-cry-wolf,7/8/2014,M,84,Point-and-Click
1300295487,Battleplan: American Civil War,battleplan-american-civil-war,7/4/2014,,66,Turn-Based Strategy
1300144519,Divinity: Original Sin,divinity-original-sin,6/30/2014,M,87,Western RPG
1300261443,Company of Heroes 2: The Western Front Armies,company-of-heroes-2-the-western-front-armies,6/23/2014,M,80,Real-Time Strategy
1300279305,Pro Cycling Manager Season 2014: Le Tour de France,pro-cycling-manager-season-2014,6/19/2014,,67,Racing Sim
1300242010,The Incredible Adventures of Van Helsing II,the-incredible-adventures-of-van-helsing-ii,6/13/2014,T,77,Action RPG
1300261407,Qvadriga,qvadriga,6/13/2014,,72,Turn-Based Strategy
1300281557,Space Run (2014),space-run-2014,6/13/2014,,73,Defense
1300180993,SpinTires,spin-tires,6/12/2014,E,67,Vehicle Sim
1300285653,Munin,munin,6/10/2014,,68,2D Platformer
1300124910,Enemy Front,enemy-front,6/10/2014,M,52,Tactical FPS
1300282585,Ionball 2: Ionstorm,ionball-2-ionstorm,6/6/2014,,70,Arcade
1300283647,Concursion,concursion,6/6/2014,,66,2D Platformer
1300193754,Nether,nether,6/5/2014,,57,MMORPG
1300115549,WildStar,wildstar,6/3/2014,T,82,MMORPG
1300285665,State of Decay: Lifeline,state-of-decay-lifeline,5/30/2014,M,71,Survival
1300124034,Where is My Heart?,where-is-my-heart,5/29/2014,,74,2D Platformer
1300242535,Europa Universalis IV: Wealth of Nations,europa-universalis-iv-wealth-of-nations,5/29/2014,,84,Real-Time Strategy
1300263653,Anomaly Defenders,anomaly-defenders,5/29/2014,,70,Defense
1300242540,Kill the Bad Guy,kill-the-bad-guy,5/28/2014,,62,Action Puzzle
1300240783,Monochroma,monochroma,5/28/2014,,55,2D Platformer
1300566014,Final Fantasy III (3D Remake),final-fantasy-iii-3d-remake,5/27/2014,E10+,68,JRPG
1300200003,The Wolf Among Us: Episode 4 - In Sheep's Clothing,the-wolf-among-us-episode-4-in-sheeps-clothing,5/27/2014,M,75,Point-and-Click
1300280737,Distant Worlds: Universe,distant-worlds-universe,5/23/2014,,81,Turn-Based Strategy
1300139392,Killer Is Dead,killer-is-dead,5/23/2014,M,71,Action Adventure
1300277177,Panzer Tactics HD,panzer-tactics-hd,5/22/2014,,69,Turn-Based Tactics
1300195316,Always Sometimes Monsters,always-sometimes-monsters,5/21/2014,,73,Adventure
1300281724,The Last Door (2014),the-last-door-2014,5/20/2014,,79,Point-and-Click
1300280731,Qbeh-1: The Atlas Cube,qbeh-1-the-atlas-cube,5/15/2014,,72,3D Platformer
1300043110,BattleBlock Theater,battleblock-theater,5/15/2014,T,85,2D Platformer
1300193205,DreadOut,dreadout,5/15/2014,M,55,Survival
1300272070,Bravada,bravada,5/14/2014,,70,Turn-Based Tactics
1300281582,"War, the Game",war-the-game,5/13/2014,,65,Real-Time Strategy
1300221431,The Walking Dead: Season Two Episode 3 - In Harm's Way,the-walking-dead-season-two-episode-three,5/13/2014,M,81,Point-and-Click
1300106285,Memento Mori 2,memento-mori-2,5/13/2014,,77,Point-and-Click
1300274600,Chronology,chronology,5/12/2014,,64,2D Platformer
1300061748,The Impossible Game,the-impossible-game,5/8/2014,,64,Rhythm
1300274657,Age of Mythology: Extended Edition,age-of-mythology-extended-edition,5/8/2014,T,66,Real-Time Strategy
1300267076,1849,1849,5/8/2014,,60,Management
1300152403,Tesla Effect: A Tex Murphy Adventure,tesla-effect-a-tex-murphy-adventure,5/7/2014,,68,Adventure
1300181063,Blade Symphony,blade-symphony,5/7/2014,,72,3D Fighting
1300168622,Kentucky Route Zero - Act III,kentucky-route-zero-act-iii,5/6/2014,,91,Adventure
1300182727,"Sir, You Are Being Hunted",sir-you-are-being-hunted,5/2/2014,,63,Survival
1300061164,Jet Car Stunts,jet-car-stunts,5/1/2014,E,57,Auto Racing
1300163617,Dark Souls II,dark-souls-ii,4/25/2014,T,91,Action RPG
1300173882,The Blackwell Epiphany,blackwell-epiphany,4/24/2014,,83,Point-and-Click
1300267075,Depths of Fear: Knossos,depths-of-fear-knossos,4/24/2014,,48,Survival
1300250614,"Batman: Arkham Origins - Cold, Cold Heart",batman-arkham-origins-cold-cold-heart,4/22/2014,,71,Open-World Action
1300098685,FRACT OSC,fract-osc,4/22/2014,,75,Puzzle
1300271497,Out of the Park Baseball 15,out-of-the-park-baseball-15,4/21/2014,,89,Baseball Sim
1300267098,The Samaritan Paradox,the-samaritan-paradox,4/18/2014,,75,Point-and-Click
1300267048,The Last Federation,the-last-federation,4/18/2014,,72,Turn-Based Strategy
1300267099,Broken Sword 5: The Serpents' Curse - Part II,broken-sword-5-the-serpents-curse-part-ii,4/17/2014,,72,Point-and-Click
1300195869,Life Goes On,life-goes-on,4/17/2014,,73,2D Platformer
1300199979,Wargame: Red Dragon,wargame-red-dragon,4/17/2014,,78,Real-Time Tactics
1300246588,Moebius: Empire Rising,moebius-empire-rising,4/15/2014,,54,Point-and-Click
1300192021,War of the Vikings,war-of-the-vikings,4/15/2014,,62,Action
1300261524,Battlefield 4: Naval Strike,battlefield-4-naval-strike,4/15/2014,M,74,FPS
1300199365,Warlock 2: The Exiled,warlock-2-the-exiled,4/10/2014,,73,4X Strategy
1300200009,The Wolf Among Us: Episode 3 - A Crooked Mile,the-wolf-among-us-episode-3-a-crooked-mile,4/8/2014,M,82,Point-and-Click
1300142265,The Elder Scrolls Online,the-elder-scrolls-online,4/4/2014,M,71,MMORPG
1300083143,Half Minute Hero: The Second Coming,half-minute-hero-the-second-coming,4/4/2014,,79,JRPG
1300250612,Batman: Arkham Origins Blackgate - Deluxe Edition,batman-arkham-origins-blackgate-deluxe-edition,4/1/2014,T,60,Metroidvania
1300247823,Vertiginous Golf,vertiginous-golf,4/1/2014,,63,Golf
1300171968,Age of Wonders III,age-of-wonders-iii,3/31/2014,T,80,Turn-Based Strategy
1300116455,Steins;Gate,steins-gate,3/31/2014,M,87,Visual Novel
1300261431,Platformines,platformines,3/28/2014,,67,Open-World Action
1300175026,Spate,spate,3/27/2014,,61,3D Platformer
1300083224,BioShock Infinite: Burial at Sea - Episode Two,bioshock-infinite-burial-at-sea-episode-two,3/25/2014,M,80,FPS
1300242539,Crusader Kings II: Rajas of India,crusader-kings-ii-rajas-of-india,3/25/2014,,80,Real-Time Strategy
1300193930,Diablo III: Reaper of Souls,diablo-iii-reaper-of-souls,3/25/2014,M,87,Action RPG
1300255508,Escape Goat 2,escape-goat-2,3/24/2014,,76,2D Platformer
1300192025,Betrayer,betrayer,3/24/2014,,62,First-Person Adventure
1300154443,YAIBA: NINJA GAIDEN Z,yaiba-ninja-gaiden-z,3/21/2014,M,49,Linear Action Adventure
1300191336,Men of War: Assault Squad 2,men-of-war-assault-squad-2,3/20/2014,,68,Real-Time Strategy
1300239106,Cloudbuilt,cloudbuilt,3/20/2014,E10+,72,3D Platformer
1300153006,Luftrausers,luftrausers,3/18/2014,E,80,Top-Down Shoot-'Em-Up
1300184911,Deus Ex: The Fall,deus-ex-the-fall,3/17/2014,M,45,FPS
1300177729,Dragons and Titans,dragons-and-titans,3/12/2014,,43,MOBA
1300178004,Hearthstone: Heroes of Warcraft,hearthstone-heroes-of-warcraft,3/11/2014,T,88,Card Battle
1300221693,1954: Alcatraz,1954-alcatraz,3/11/2014,,58,Point-and-Click
1300144903,Windforge,windforge,3/11/2014,,53,Sandbox
1300110931,Titanfall,titanfall,3/11/2014,M,86,FPS
1300170319,Project Temporality,project-temporality,3/7/2014,,58,Action Puzzle
1300110680,Infested Planet,infested-planet,3/6/2014,,75,Real-Time Strategy
1300159169,Year Walk,year-walk,3/6/2014,,87,First-Person Adventure
1300245743,10 Second Ninja,10-second-ninja,3/5/2014,,72,2D Platformer
1300139889,Shadowrun: Dragonfall,shadowrun-returns-berlin,2/27/2014,,81,Turn-Based Tactics
1300144993,Castlevania: Lords of Shadow 2,castlevania-lords-of-shadow-2,2/25/2014,M,58,Action Adventure
1300195868,BeatBlasters III,beatblasters-iii,2/21/2014,,56,2D Platformer
1300148331,Rambo: The Video Game,rambo-the-video-game,2/21/2014,M,34,Action
1300177009,Drunken Robot Pornography,drunken-robot-pornography,2/19/2014,,66,Third Person Shooter
1300221380,Banished,banished,2/18/2014,,73,Management
1300246346,Journal,journal,2/17/2014,,59,Adventure
1300136542,Eschalon: Book III,eschalon-book-iii,2/14/2014,,67,Western RPG
1300190922,NaissanceE,naissancee,2/13/2014,,66,First-Person Adventure
1300244534,Line Of Defense Tactics,line-of-defense-tactics,2/11/2014,T,47,Defense
1300187674,Horizon (PC),horizon-pc,2/6/2014,,58,4X Strategy
1300129384,Gigantic Army,gigantic-army,2/5/2014,,73,2D Platformer
1300219063,The Wolf Among Us: Episode 2 - Smoke and Mirrors,the-wolf-among-us-episode-2-smoke-and-mirrors,2/4/2014,M,76,Point-and-Click
1300244363,The Sun at Night,the-sun-at-night,2/4/2014,,59,Open-World Action
1300244367,The Floor is Jelly,the-floor-is-jelly,2/1/2014,,83,Action
1300176731,rymdkapsel,rymdkapsel,1/30/2014,,77,Action
1300242905,Our Darker Purpose,our-darker-purpose,1/29/2014,,74,Action RPG
1300191872,The Castle Doctrine,the-castle-doctrine,1/29/2014,,58,Strategy
1300178998,Strike Vector,strike-vector,1/28/2014,,73,FPS
1300242536,Broken Age: Act 1,broken-age-act-1,1/28/2014,,82,Point-and-Click
1300220445,Echo Prime,echo-prime,1/28/2014,,50,Action
1300153894,Rekoil,rekoil,1/28/2014,,32,FPS
1300242534,Car Mechanic Simulator 2014,car-mechanic-simulator-2014,1/24/2014,,61,Virtual Career
1300176440,Might & Magic X: Legacy,might-and-magic-x-legacy,1/23/2014,,71,Turn-Based Strategy
1300176441,Blackguards,blackguards,1/22/2014,,68,Turn-Based Tactics
1300151446,Insurgency,insurgency,1/22/2014,,74,Tactical FPS
1300196368,Assassin's Creed Liberation HD,assassin-s-creed-liberation-hd,1/15/2014,M,66,Open-World Action
1300221691,Europa Universalis IV: Conquest of Paradise,europa-universalis-iv-conquest-of-paradise,1/14/2014,,81,Real-Time Strategy
1300197277,SpellForce 2: Demons of the Past,spellforce-2-demons-of-the-past,1/14/2014,,54,Strategy
1300093720,Nidhogg,nidhogg,1/13/2014,,81,Action
1300044092,Metal Gear Rising: Revengeance,metal-gear-rising-revengeance,1/9/2014,M,83,Action Adventure
1300234503,CONSORTIUM,consortium,1/8/2014,,66,Action Adventure
1300223373,continue?9876543210,continue9876543210,1/3/2014,,62,Action
1300044183,Dementium II,dementium-ii,12/17/2013,M,37,Survival
1300221429,The Walking Dead: Season Two Episode 1 - All That Remains,the-walking-dead-season-two-episode-one,12/17/2013,M,78,Point-and-Click
1300223264,Total War: Rome II - Caesar in Gaul,total-war-rome-ii-caesar-in-gaul,12/12/2013,,63,Real-Time Strategy
1300223689,Not The Robots,not-the-robots,12/12/2013,,59,Action
1300176737,Samurai Gunn,samurai-gunn,12/10/2013,,78,Action
1300182668,The Novelist,the-novelist,12/10/2013,,66,Miscellaneous
1300152033,Gomo,gomo,12/6/2013,,50,Point-and-Click
1300223167,Speedball 2 HD,speedball-2-hd,12/5/2013,,53,Future Sport
1300223298,Battlefield 4: Second Assault,battlefield-4-second-assault,12/3/2013,M,77,FPS
1300112728,Captain Morgane and the Golden Turtle,captain-morgane-and-the-golden-turtle,12/2/2013,,54,Point-and-Click
1300224217,FX Futbol 2.0,fx-futbol-20,11/28/2013,,64,Soccer Management
1300223117,The Shivah: Kosher Edition,the-shivah-kosher-edition,11/21/2013,,67,Point-and-Click
1300153817,The Mighty Quest for Epic Loot,the-mighty-quest-for-epic-loot,11/18/2013,T,64,Action Adventure
1300223177,Crusader Kings II: Sons of Abraham,crusader-kings-ii-sons-of-abraham,11/18/2013,,77,Real-Time Strategy
1300103933,X Rebirth,x-rebirth,11/15/2013,T,33,Space Sim
1300137115,Baldur's Gate II: Enhanced Edition,baldurs-gate-ii-enhanced-edition,11/15/2013,T,78,Western RPG
1300174293,Deadfall Adventures,deadfall-adventures,11/15/2013,M,53,FPS
1300223023,BlackSoul,blacksoul,11/14/2013,,22,Survival
1300223240,Chivalry: Deadliest Warrior,chivalry-deadliest-warrior,11/14/2013,,69,3D Beat-'Em-Up
1300223254,Pandora: First Contact,pandora-first-contact,11/14/2013,,68,Turn-Based Strategy
1300189449,Redshirt,redshirt,11/13/2013,,62,Simulation
1300083223,BioShock Infinite: Burial at Sea - Episode One,bioshock-infinite-burial-at-sea-episode-one,11/12/2013,M,70,FPS
1300198087,SimCity: Cities of Tomorrow Expansion Pack,simcity-cities-of-tomorrow-expansion-pack,11/12/2013,E10+,61,Management
1300184346,Pro Evolution Soccer 2014,pro-evolution-soccer-2014,11/12/2013,E,74,Soccer Sim
1300159490,Two Brothers,two-brothers-2013,11/11/2013,,57,Action Adventure
1300223105,Rain Blood Chronicles: Mirage,rain-blood-chronicles-mirage,11/11/2013,,68,Action
1300501034,XCOM: Enemy Within Expansion,xcom-enemy-within-expansion,11/11/2013,M,86,Turn-Based Tactics
1300043702,PixelJunk Shooter,pixeljunk-shooter,11/11/2013,,73,Top-Down Shoot-'Em-Up
1300181064,Adventure Park,adventure-park,11/8/2013,,49,Tycoon
1300138868,Chuck's Challenge 3D,chucks-challenge-3d,11/8/2013,,61,Action Puzzle
1300172027,Final Exam,final-exam,11/5/2013,T,66,2D Beat-'Em-Up
1300220440,Sid Meier's Ace Patrol: Pacific Skies,sid-meiers-ace-patrol-pacific-skies,11/5/2013,,59,Strategy
1300152954,State of Decay,state-of-decay,11/5/2013,M,79,Survival
1300191325,Journey of a Roach,journey-of-a-roach,11/4/2013,,65,Point-and-Click
1300147341,Paper Sorcerer,paper-sorcerer,11/2/2013,,73,RPG
1300152415,Lilly Looking Through,lilly-looking-through,11/1/2013,,71,Point-and-Click
1300219841,Sym,sym,10/31/2013,,61,2D Platformer
1300199997,Sniper Elite: Nazi Zombie Army 2,sniper-elite-nazi-zombie-army-2,10/31/2013,,53,Tactical Third Person Shooter
1300193662,Football Manager 2014,football-manager-2014,10/30/2013,E,85,Soccer Management
1300173236,Avadon 2: The Corruption,avadon-2-the-corruption,10/30/2013,,82,Western RPG
1300221427,The Typing of The Dead: Overkill,the-typing-of-the-dead-overkill,10/29/2013,M,71,Arcade
1300164075,Master Reboot,master-reboot,10/29/2013,T,59,Puzzle
1300220030,Blood of the Werewolf,blood-of-the-werewolf,10/28/2013,T,65,2D Platformer
1300183191,Contagion (2013),contagion-2013,10/25/2013,,62,FPS
1300200255,WRC 4: FIA World Rally Championship,wrc-4-fia-world-rally-championship,10/25/2013,,64,Auto Racing Sim
1300042543,The Dark Eye: Demonicon,the-dark-eye-demonicon,10/24/2013,RP,61,Action RPG
1300057469,Enslaved: Odyssey to the West,enslaved-odyssey-to-the-west,10/24/2013,T,70,Action Adventure
1300195888,Cornerstone: The Song of Tyrim,cornerstone-the-song-of-tyrim,10/24/2013,,58,Open-World Action
1300185186,Defense Technica,defense-technica,10/24/2013,,63,Defense
1300178427,Batman: Arkham Origins,batman-arkham-origins,10/24/2013,T,74,Open-World Action
1300189010,Naruto Shippuden: Ultimate Ninja Storm 3 Full Burst,naruto-shippuden-ultimate-ninja-storm-3-full-burs,10/24/2013,T,80,3D Fighting
1300083536,Path of Exile,path-of-exile,10/23/2013,,86,Action RPG
1300186676,Ethan: Meteor Hunter,ethan-meteor-hunter,10/22/2013,,59,2D Platformer
1300175942,Deus Ex: Human Revolution - Director's Cut,deus-ex-human-revolution-directors-cut,10/22/2013,M,91,Action Adventure
1300191710,Tetrobot and Co.,tetrobot-and-co,10/22/2013,,72,Action Puzzle
1300029255,The Sims 3: Into the Future,the-sims-3-into-the-future,10/22/2013,T,80,Virtual Life
1300115305,Warface,warface,10/21/2013,T,62,FPS
1300200414,Eldritch,eldritch,10/21/2013,,77,Action
1300140465,Space Rangers HD: A War Apart,space-rangers-hd-a-war-apart,10/17/2013,,68,RPG
1300193905,The Stanley Parable,the-stanley-parable,10/17/2013,,88,First-Person Adventure
1300204041,Democracy 3,democracy-3,10/14/2013,,70,Management
1300200267,ARMED SEVEN,armed-seven,10/14/2013,,67,Horizontal Shoot-'Em-Up
1300177251,The Wolf Among Us: Episode 1 - Faith,the-wolf-among-us-episode-1-faith,10/11/2013,M,85,Point-and-Click
1300200013,Soundodger+,soundodger,10/11/2013,,78,Vertical Shoot-'Em-Up
1300199978,Glare (2013),glare-2013,10/10/2013,,69,2D Platformer
1300200404,Montague's Mount,montagues-mount,10/9/2013,,39,First-Person Adventure
1300193506,Gas Guzzlers Extreme,gas-guzzlers-extreme,10/8/2013,,73,Vehicle Combat Sim
1300198783,Bionic Dues,bionic-dues,10/8/2013,,71,Tactical Third Person Shooter
1300189307,F1 2013,f1-2013,10/3/2013,E,77,Auto Racing Sim
1300032401,Record of Agarest War,record-of-agarest-war,10/3/2013,,45,Turn-Based Tactics
1300172972,Air Conflicts: Vietnam,air-conflicts-vietnam,10/2/2013,T,43,Aircraft Combat Sim
1300106461,Prime World,prime-world,10/1/2013,,65,MOBA
1300196239,Arma Tactics,arma-tactics,10/1/2013,,47,Turn-Based Tactics
1300192861,Full Bore,full-bore,9/29/2013,,72,Puzzle
1300185116,Rise of Venice,rise-of-venice,9/27/2013,,66,Strategy
1300191867,Train Simulator 2014,train-simulator-2014,9/26/2013,E,67,Train Sim
1300196713,Giana Sisters: Twisted Dreams - Rise of the Owlverlord,giana-sisters-twisted-dreams-rise-of-the-owlver,9/26/2013,,84,2D Platformer
1300185929,Pac-Man Championship Edition DX +,pac-man-championship-edition-dx-plus,9/24/2013,E,86,Arcade
1300198081,The Raven: Legacy of a Master Thief - A Murder of Ravens,the-raven-legacy-of-a-master-thief-a-murder-of,9/24/2013,,65,Point-and-Click
1300182734,Scribblenauts Unmasked: A DC Comics Adventure,scribblenauts-unmasked-a-dc-comics-adventure,9/24/2013,E10+,68,Action Puzzle
1300139078,Alien Rage,alien-rage,9/24/2013,M,52,FPS
1300186096,Angry Video Game Nerd Adventures,angry-video-game-nerd-adventures,9/20/2013,,77,2D Platformer
1300198073,Euro Truck Simulator 2: Go East,euro-truck-simulator-2-go-east,9/20/2013,,69,Vehicle Sim
1300186765,Marlow Briggs and the Mask of Death,marlow-briggs-and-the-mask-of-death,9/20/2013,,65,Linear Action Adventure
1300139281,Takedown: Red Sabre,takedown-red-sabre,9/20/2013,M,34,Tactical FPS
1300196029,Cognition: An Erica Reed Thriller Episode 4 - The Cain Killer,cognition-an-erica-reed-thriller-episode-4-the,9/19/2013,,70,Point-and-Click
1300125171,Urban Trial Freestyle,urban-trial-freestyle,9/18/2013,,58,Auto Racing
1300044595,MechWarrior Online,mechwarrior-online,9/17/2013,,68,FPS
1300133735,The King of Fighters XIII Climax,the-king-of-fighters-xiii-climax,9/13/2013,,77,2D Fighting
1300161117,Legend of Dungeon,legend-of-dungeon,9/13/2013,,62,2D Beat-'Em-Up
1300107193,Arma 3,arma-3,9/12/2013,M,74,Simulation
1300169730,Aarklash: Legacy,aarklash-legacy,9/12/2013,,72,Real-Time Tactics
1300172539,Superfrog HD,superfrog-hd,9/12/2013,E,56,2D Platformer
1300135449,Amnesia: A Machine for Pigs,amnesia-a-machine-for-pigs,9/10/2013,,72,Survival
1300105604,Valdis Story: Abyssal City,valdis-story-abyssal-city,9/8/2013,,83,2D Platformer
1300176736,MirrorMoon EP,mirrormoon-ep,9/4/2013,,73,First-Person Adventure
1300178705,Disney Castle of Illusion starring Mickey Mouse,disney-castle-of-illusion-starring-mickey-mouse,9/4/2013,E,69,2D Platformer
1300147785,Total War: Rome II,total-war-rome-ii,9/2/2013,T,76,Real-Time Strategy
1300144691,Guardians of Middle-Earth,guardians-of-middle-earth,8/29/2013,T,56,MOBA
1300193758,The Chaos Engine (2013),the-chaos-engine-2013,8/29/2013,,40,Top-Down Shoot-'Em-Up
1300179120,Shelter,shelter,8/28/2013,E10+,69,Adventure
1300221688,Sokobond,sokobond,8/27/2013,,82,Action Puzzle
1300452640,Castlevania: Lords of Shadow - Ultimate Edition,castlevania-lords-of-shadow-ultimate-edition,8/27/2013,M,81,Action Adventure
1300181138,Sid Meier's Ace Patrol,sid-meiers-ace-patrol,8/27/2013,,71,Strategy
1300196038,The Raven: Legacy of a Master Thief - Ancestry of Lies,the-raven-legacy-of-a-master-thief-ancestry-of,8/27/2013,,63,Point-and-Click
1300139892,Lost Planet 3,lost-planet-3,8/26/2013,T,61,Third Person Shooter
1300188343,PixelJunk Monsters: Ultimate HD,pixeljunk-monsters-ultimate-hd,8/26/2013,E,72,Defense
1300097873,Skullgirls,skullgirls,8/22/2013,T,83,2D Fighting
1300091713,Tom Clancy's Splinter Cell: Blacklist,tom-clancys-splinter-cell-blacklist,8/20/2013,M,82,Action Adventure
1300148927,Divekick,divekick,8/20/2013,T,73,2D Fighting
1300075014,The Bureau: XCOM Declassified,the-bureau-xcom-declassified,8/19/2013,M,66,Tactical Third Person Shooter
1300123743,Saints Row IV,saints-row-iv,8/19/2013,M,86,Open-World Action
1300190717,Worms Clan Wars,worms-clan-wars,8/15/2013,E10+,73,Artillery
1300164078,Space Hulk,space-hulk,8/15/2013,T,58,Turn-Based Strategy
1300151457,Europa Universalis IV,europa-universalis-iv,8/13/2013,T,87,Real-Time Strategy
1300111560,Dishonored: The Brigmore Witches,dishonored-the-brigmore-witches,8/13/2013,M,80,Action Adventure
1300176586,Disney DuckTales: Remastered,disney-ducktales-remastered,8/13/2013,E,66,2D Platformer
1300181011,"Papers, Please",papers-please,8/8/2013,,85,Strategy
1300449780,Guacamelee! Gold Edition,guacamelee-gold-edition,8/8/2013,,88,Metroidvania
1300145778,Divinity: Dragon Commander,divinity-dragon-commander,8/6/2013,,76,Action RPG
1300146351,Beatbuddy: Tale of the Guardians,beatbuddy-tale-of-the-guardians,8/6/2013,,75,Rhythm
1300145642,Cloudberry Kingdom,cloudberry-kingdom,8/2/2013,T,67,2D Platformer
1300189139,Oknytt,oknytt,8/1/2013,,61,Point-and-Click
1300150649,Rise of the Triad,rise-of-the-triad,7/31/2013,M,67,FPS
1300083222,BioShock Infinite: Clash in the Clouds,bioshock-infinite-clash-in-the-clouds,7/30/2013,,69,FPS
1300170776,Realms of Arkania: Blade of Destiny,realms-of-arkania-blade-of-destiny,7/29/2013,,18,Western RPG
1300139888,Shadowrun Returns,shadowrun-returns,7/25/2013,,76,Turn-Based Tactics
1300173260,Citadels (2013),citadels-2013,7/25/2013,,20,Command RTS
1300185998,NASCAR: The Game 2013,nascar-the-game-2013,7/24/2013,,64,Auto Racing Sim
1300191865,Teleglitch: Die More Edition,teleglitch-die-more-edition,7/24/2013,,78,Top-Down Shoot-'Em-Up
1300189082,Ittle Dew,ittle-dew,7/23/2013,E10+,67,Open-World Action
1300152596,The Raven: Legacy of a Master Thief,the-raven-legacy-of-a-master-thief,7/23/2013,T,74,Point-and-Click
1300114664,Legends of Aethereus,legends-of-aethereus,7/22/2013,,41,Action RPG
1300184908,Halo: Spartan Assault,halo-spartan-assault,7/18/2013,T,70,Top-Down Shoot-'Em-Up
1300166736,Face Noir,face-noir,7/18/2013,,59,Point-and-Click
1300098544,Metro: Last Light - Faction Pack,metro-last-light-faction-pack,7/16/2013,M,60,FPS
1300185242,R.I.P.D. The Game,r-i-p-d-the-game,7/16/2013,T,26,Third Person Shooter
1300167916,Guncraft,guncraft,7/11/2013,,73,FPS
1300137020,Humans Must Answer,humans-must-answer,7/11/2013,,55,Horizontal Shoot-'Em-Up
1300189094,Ring Runner: Flight of the Sages,ring-runner-flight-of-the-sages,7/9/2013,,75,Top-Down Shoot-'Em-Up
1300088464,Dota 2,dota-2,7/9/2013,,90,MOBA
1300030437,Sid Meier's Civilization V: Brave New World,sid-meiers-civilization-v-brave-new-world,7/8/2013,E10+,85,4X Strategy
1300180394,Dusty Revenge,dusty-revenge,7/8/2013,,64,2D Platformer
1300159804,TrackMania 2 Valley,trackmania-2-valley,7/4/2013,,79,Auto Racing
1300142882,DARK (2013),dark-2013,7/3/2013,M,41,Linear Action Adventure
1300157938,Sword of the Stars: The Pit - Mind Games,sword-of-the-stars-the-pit-mind-games,7/3/2013,T,69,Roguelike
1300130092,Mortal Kombat Komplete Edition,mortal-kombat-komplete-edition,7/3/2013,M,81,2D Fighting
1300161802,The Walking Dead: 400 Days,the-walking-dead-400-days,7/3/2013,M,78,Point-and-Click
1300108762,World of Warplanes,world-of-warplanes,7/2/2013,T,69,Aircraft Combat Sim
1300182224,Cognition: An Erica Reed Thriller Episode 3 - The Oracle,cognition-an-erica-reed-thriller-episode-3-the,6/30/2013,,77,Point-and-Click
1300184553,Jack Keane 2: The Fire Within,jack-keane-2-the-fire-within,6/28/2013,T,52,Adventure
1300118018,Legends of Dawn,legends-of-dawn,6/27/2013,,29,Action RPG
1300181997,Leisure Suit Larry: Reloaded,leisure-suit-larry-reloaded,6/27/2013,,56,Point-and-Click
1300183870,Super Splatters,super-splatters,6/26/2013,,73,Action Puzzle
1300142261,Endless Space: Disharmony,endless-space-disharmony,6/26/2013,,54,4X Strategy
1300176540,Magic: Duels of the Planeswalkers 2014,magic-duels-of-the-planeswalkers-2014,6/26/2013,T,77,Card Battle
1300029250,The Sims 3: Island Paradise,the-sims-3-island-paradise,6/25/2013,T,73,Virtual Life
1300114058,Borderlands 2: Tiny Tina's Assault on Dragon Keep,borderlands-2-tiny-tinas-assault-on-dragon-keep,6/25/2013,M,87,FPS
1300142450,Company of Heroes 2,company-of-heroes-2,6/25/2013,M,80,Real-Time Strategy
1300115161,Joe Danger 2: The Movie,joe-danger-2-the-movie,6/24/2013,,82,Arcade Racing
1300038501,Ride to Hell: Retribution,ride-to-hell-retribution,6/24/2013,M,16,Action Adventure
1300142317,Fist Puncher,fist-puncher,6/21/2013,,73,2D Beat-'Em-Up
1300155250,Hexodius,hexodius,6/21/2013,,47,Action
1300148033,Magrunner: Dark Pulse,magrunner-dark-pulse,6/20/2013,M,70,Action Puzzle
1300159805,TrackMania 2 Stadium,trackmania-2-stadium,6/20/2013,,77,Auto Racing
1300178126,Pro Cycling Manager Season 2013: Le Tour de France - 100th Edition,pro-cycling-manager-season-2013-le-tour-de-france,6/20/2013,,65,Biking
1300174891,Dracula 4: Shadow of the Dragon,dracula-4-shadow-of-the-dragon,6/19/2013,,32,Point-and-Click
1300159475,Knights of Pen & Paper,knights-of-pen-and-paper,6/18/2013,,62,RPG
1300176588,Dungeons & Dragons: Chronicles of Mystara,dungeons-and-dragons-chronicles-of-mystara,6/18/2013,T,80,Compilation
1300184743,The Yawhg,the-yawhg,6/14/2013,,66,Adventure
1300158645,7 Grand Steps,7-grand-steps,6/7/2013,,69,Strategy
1300170890,Penny Arcade Adventures: Episode Four,penny-arcade-adventures-episode-four,6/7/2013,,70,JRPG
1300181027,Prime World: Defenders,prime-world-defenders,6/5/2013,,58,Defense
1300130589,Gunpoint,gunpoint,6/3/2013,,83,Puzzle
1300115816,Remember Me (2013),remember-me-2013,6/3/2013,M,65,Action Adventure
1300168621,Kentucky Route Zero - Act II,kentucky-route-zero-act-ii,5/31/2013,,82,Adventure
1300151640,Rising Storm,rising-storm,5/30/2013,,82,FPS
1300154293,Expeditions: Conquistador,expeditions-conquistador,5/30/2013,,77,RPG
1300151450,Wargame: AirLand Battle,wargame-airland-battle,5/29/2013,T,80,Real-Time Tactics
1300083420,Crusader Kings II: The Old Gods,crusader-kings-ii-the-old-gods,5/28/2013,,88,Real-Time Strategy
1300172934,The Night of the Rabbit,the-night-of-the-rabbit,5/28/2013,,75,Point-and-Click
1300151205,GRID 2,grid-2,5/27/2013,E,80,Auto Racing Sim
1300182958,Element4l,element4l,5/24/2013,,77,2D Platformer
1300183871,Skyward Collapse,skyward-collapse,5/23/2013,,64,Turn-Based Strategy
1300177112,Fallen Enchantress: Legendary Heroes,fallen-enchantress-legendary-heroes,5/22/2013,,80,Turn-Based Strategy
1300223155,Van Helsing I: Complete Pack,van-helsing-i-complete-pack,5/22/2013,,85,Action RPG
1300142959,The Incredible Adventures of Van Helsing,the-incredible-adventures-of-van-helsing,5/22/2013,T,72,Action RPG
1300022354,Star Trek Online: Legacy of Romulus,star-trek-online-legacy-of-romulus,5/21/2013,,76,MMORPG
1300182854,Bad Bots,bad-bots,5/17/2013,,49,2D Platformer
1300184909,Kraven Manor,kraven-manor,5/15/2013,,58,Survival
1300133544,Sanctum 2,sanctum-2,5/15/2013,T,77,FPS
1300153816,Thunder Wolves,thunder-wolves,5/15/2013,M,69,Third Person Shooter
1300098540,Metro: Last Light,metro-last-light,5/13/2013,M,82,FPS
1300156748,Might & Magic: Heroes VI - Shades of Darkness,might-and-magic-heroes-vi-shades-of-darkness,5/2/2013,T,66,Turn-Based Strategy
1300178583,Far Cry 3: Blood Dragon,far-cry-3-blood-dragon,5/1/2013,M,81,FPS
1300145160,Zeno Clash II,zeno-clash-ii,4/30/2013,T,61,3D Beat-'Em-Up
1300180109,Strike Suit Infinity,strike-suit-infinity,4/30/2013,,66,Action
1300131154,Zack Zero,zack-zero,4/29/2013,,55,2D Platformer
1300171904,Leviathan: Warships,leviathan-warships,4/28/2013,,70,Strategy
1300151599,Mars: War Logs,mars-war-logs,4/26/2013,M,59,Action RPG
1300177731,Poker Night 2,poker-night-2,4/26/2013,M,75,Gambling
1300142264,StarDrive (2012),stardrive-2012,4/26/2013,,61,Real-Time Strategy
1300082772,Monaco: What's Yours Is Mine,monaco-whats-yours-is-mine,4/24/2013,T,83,Action Adventure
1300145281,Dyad (2012),dyad-2012,4/24/2013,,80,Future Racing
1300108572,Star Trek The Video Game,star-trek-the-video-game,4/23/2013,T,43,Action Adventure
1300139002,WRC 3: FIA World Rally Championship,wrc-3-fia-world-rally-championship,4/23/2013,,61,Auto Racing Sim
1300145620,Dead Island: Riptide,dead-island-riptide,4/22/2013,M,61,FPS
1300154601,Eador: Masters of the Broken World,eador-masters-of-the-broken-world,4/19/2013,,74,Turn-Based Strategy
1300165576,God Mode,god-mode,4/19/2013,M,58,Third Person Shooter
1300108555,Papo & Yo,papo-and-yo,4/18/2013,E10+,70,Adventure
1300151248,Sacred Citadel,sacred-citadel,4/16/2013,T,61,2D Beat-'Em-Up
1300172028,Victoria II: Heart of Darkness,victoria-ii-heart-of-darkness,4/16/2013,,81,Real-Time Strategy
1300111559,Dishonored: The Knife of Dunwall,dishonored-the-knife-of-dunwall,4/16/2013,M,80,Action Adventure
1300176700,Starseed Pilgrim,starseed-pilgrim,4/16/2013,,83,Simulation
1300179126,Out of the Park Baseball 14,out-of-the-park-baseball-14,4/15/2013,,86,Baseball Sim
1300038651,Star Wars: The Old Republic - Rise of the Hutt Cartel,star-wars-the-old-republic-rise-of-the-hutt-car,4/14/2013,T,71,MMORPG
1300130032,Age of Wushu,age-of-wushu,4/10/2013,M,74,MMORPG
1300108736,ShootMania Storm,shootmania-storm,4/10/2013,,76,FPS
1300174966,Age of Empires II: HD Edition,age-of-empires-ii-hd-edition,4/9/2013,T,68,Command RTS
1300178425,Cubemen 2,cubemen-2,4/8/2013,,68,Defense
1300148420,Lords of Football,lords-of-football,4/5/2013,,52,Soccer Sim
1300178578,Signal Ops,signal-ops,4/5/2013,,61,Strategy
1300152566,Sang-Froid: Tales of Werewolves,sang-froid-tales-of-werewolves,4/5/2013,,79,Action Adventure
1300174170,Evoland,evoland,4/4/2013,,61,RPG
1300151600,Cities in Motion 2,cities-in-motion-2,4/2/2013,,72,Simulation
1300108783,Defiance,defiance,4/2/2013,M,64,Third Person Shooter
1300065954,Tactical Intervention,tactical-intervention,3/28/2013,,47,FPS
1300174800,Dungeon Hearts,dungeon-hearts,3/28/2013,,73,Matching Puzzle
1300152565,Pressure (2013),pressure-2013,3/26/2013,E,64,Auto Racing
1300044325,Battlefield 3: End Game,battlefield-3-end-game,3/26/2013,M,78,Tactical FPS
1300083221,BioShock Infinite,bioshock-infinite,3/25/2013,M,94,FPS
1300153812,Trials Evolution: Gold Edition,trials-evolution-gold-edition,3/21/2013,E10+,85,Arcade Racing
1300148423,The Walking Dead: Survival Instinct,the-walking-dead-survival-instinct,3/19/2013,M,38,Survival
1300175935,Shattered Haven,shattered-haven,3/18/2013,,60,Puzzle
1300040862,Starcraft II: Heart of the Swarm,starcraft-ii-heart-of-the-swarm,3/12/2013,T,86,Command RTS
1300106497,Sniper: Ghost Warrior 2,sniper-ghost-warrior-2,3/11/2013,M,52,Tactical FPS
1300029249,The Sims 3: University Life,the-sims-3-university-life,3/5/2013,T,72,Virtual Life
1300075968,Mass Effect 3: Citadel,mass-effect-3-citadel,3/5/2013,M,84,Action RPG
1300136282,SimCity,simcity,3/5/2013,E10+,64,Management
1300136263,The Showdown Effect,the-showdown-effect,3/5/2013,,67,Action
1300093104,Tomb Raider,tomb-raider,3/4/2013,M,86,Linear Action Adventure
1300175802,Fester Mudd: Curse of the Gold - Episode 1,fester-mudd-curse-of-the-gold-episode-1,3/4/2013,,76,Point-and-Click
1300171058,Sniper Elite: Nazi Zombie Army,sniper-elite-nazi-zombie-army,2/28/2013,,62,Tactical Third Person Shooter
1300119830,Star Conflict,star-conflict,2/27/2013,,75,MMORPG
1300033740,Brutal Legend,brutal-legend,2/26/2013,M,80,Open-World Action
1300120650,Bit.Trip Presents...Runner2: Future Legend of Rhythm Alien,bit-trip-presents-runner2-future-legend-of-rhyt,2/26/2013,T,85,Rhythm
1300138382,The Banner Saga: Factions,the-banner-saga-factions,2/25/2013,T,67,Turn-Based Tactics
1300173259,Eleusis,eleusis,2/22/2013,,49,First-Person Adventure
1300157937,Sword of the Stars: The Pit,sword-of-the-stars-the-pit,2/22/2013,T,69,Roguelike
1300168625,Kentucky Route Zero,kentucky-route-zero,2/22/2013,,86,Adventure
1300172828,Richard & Alice,richard-and-alice,2/21/2013,,70,Adventure
1300140319,Crysis 3,crysis-3,2/19/2013,M,76,FPS
1300172936,Super House of Dead Ninjas,super-house-of-dead-ninjas,2/18/2013,,79,2D Platformer
1300153053,March of the Eagles,march-of-the-eagles,2/18/2013,,71,Real-Time Strategy
1300166500,A Valley Without Wind 2,a-valley-without-wind-2,2/18/2013,,68,2D Platformer
1300149908,Impire,impire,2/13/2013,,45,Strategy
1300029694,Aliens: Colonial Marines,aliens-colonial-marines,2/11/2013,M,45,FPS
1300156059,Darkout,darkout,2/10/2013,,55,Sandbox
1300172064,Anna: Extended Edition,anna-extended-edition,2/7/2013,T,75,First-Person Adventure
1300171956,Bientot l'ete,bientot-lete,2/6/2013,,62,Simulation
1300152423,Special Forces: Team X,special-forces-team-x,2/6/2013,M,48,Third Person Shooter
1300145158,Dead Space 3,dead-space-3,2/5/2013,M,78,Linear Action Adventure
1300093208,The Elder Scrolls V: Skyrim - Dragonborn,the-elder-scrolls-v-skyrim-dragonborn,2/5/2013,M,83,Western RPG
1300130586,Antichamber,antichamber,1/31/2013,,82,Puzzle
1300136410,Omerta: City of Gangsters,omerta-city-of-gangsters,1/31/2013,T,54,Turn-Based Tactics
1300141692,Sonic & All-Stars Racing Transformed,sonic-and-all-stars-racing-transformed,1/31/2013,E10+,79,Auto Racing
1300130669,Proteus,proteus,1/30/2013,,80,First-Person Adventure
1300171117,Cognition: An Erica Reed Thriller Episode 2 - The Wise Monkey,cognition-an-erica-reed-thriller-episode-2-the,1/30/2013,,72,Point-and-Click
1300151068,Rush Bros,rush-bros,1/29/2013,,54,2D Platformer
1300136265,Dungeonland,dungeonland,1/29/2013,RP,67,MOBA
1300083693,DmC: Devil May Cry,dmc-devil-may-cry,1/24/2013,M,85,Linear Action Adventure
1300082914,Ace Combat Assault Horizon: Enhanced Edition,ace-combat-assault-horizon-enhanced-edition,1/24/2013,T,77,Aircraft Combat Sim
1300154330,Akaneiro: Demon Hunters,akaneiro-demon-hunters,1/24/2013,,53,Action RPG
1300169062,Croixleur,croixleur,1/24/2013,,62,Action Adventure
1300144154,The Cave (2013),the-cave-2013,1/23/2013,T,68,2D Platformer
1300108697,Wizardry Online,wizardry-online,1/16/2013,M,59,MMORPG
1300129693,Euro Truck Simulator 2,euro-truck-simulator-2,1/16/2013,,79,Vehicle Sim
1300150003,10000000,10000000,1/15/2013,,67,RPG
1300114055,Borderlands 2: Sir Hammerlock's Big Game Hunt,borderlands-2-sir-hammerlocks-big-game-hunt,1/15/2013,M,75,FPS
1300083419,Crusader Kings II: The Republic,crusader-kings-ii-the-republic,1/14/2013,T,81,Real-Time Strategy
1300149389,Fieldrunners 2,fieldrunners-2,1/10/2013,E10+,73,Defense
1300162444,Primal Fears,primal-fears,1/8/2013,,39,Third Person Shooter
1300167099,Kentucky Route Zero - Act I,kentucky-route-zero-act-i,1/7/2013,,81,Adventure
1300167029,Seduce Me,seduce-me,1/2/2013,AO,41,Strategy
1300163789,Street Fighter X Mega Man,street-fighter-x-mega-man,12/17/2012,,71,2D Platformer
1300153703,Iron Sky: Invasion,iron-sky-invasion,12/13/2012,,49,Action
1300163276,Ace of Spades: Battle Builder,ace-of-spades-battle-builder,12/12/2012,,49,Action
1300125412,A Walk in the Dark,a-walk-in-the-dark,12/12/2012,,67,2D Platformer
1300033247,A New Beginning,a-new-beginning,12/11/2012,,72,Point-and-Click
1300111558,Dishonored: Dunwall City Trials,dishonored-dunwall-city-trials,12/11/2012,M,75,Action Adventure
1300163558,Teleglitch,teleglitch,12/10/2012,,84,Top-Down Shoot-'Em-Up
1300167166,The Cat Lady,the-cat-lady,12/7/2012,,81,Adventure
1300133679,AirBuccaneers,airbuccaneers,12/5/2012,,74,Action
1300167170,Underrail,underrail,12/5/2012,,72,Western RPG
1300161028,The Book of Unwritten Tales: Critter Chronicles,the-book-of-unwritten-tales-critter-chronicles,12/5/2012,T,73,Point-and-Click
1300146536,FORGE (2012),forge-2012,12/4/2012,T,65,MMORPG
1300130590,Waking Mars,waking-mars,12/4/2012,,79,2D Platformer
1300044326,Battlefield 3: Aftermath,battlefield-3-aftermath,12/4/2012,M,85,Tactical FPS
1300134221,Karateka (2012),karateka-2012,12/3/2012,T,48,2D Fighting
1300122989,Drox Operative,drox-operative,11/29/2012,,74,Action RPG
1300162455,Miasmata,miasmata,11/28/2012,,76,First-Person Adventure
1300158849,Stealth Bastard Deluxe,stealth-bastard-deluxe,11/28/2012,T,80,2D Platformer
1300137114,Baldur's Gate: Enhanced Edition,baldurs-gate-enhanced-edition,11/28/2012,T,78,Western RPG
1300054078,Miner Wars 2081,miner-wars-2081,11/28/2012,,52,Space Combat Sim
1300153852,Super Hexagon,super-hexagon,11/27/2012,,88,Arcade
1300075966,Mass Effect 3: Omega,mass-effect-3-omega,11/27/2012,,59,Action RPG
1300083387,Frozen Hearth,frozen-hearth,11/27/2012,,46,Real-Time Strategy
1300280742,8BitBoy,8bitboy,11/22/2012,,64,2D Platformer
1300141455,The Walking Dead: Episode 5 - No Time Left,the-walking-dead-episode-5-no-time-left,11/21/2012,M,89,Point-and-Click
1300100673,RaiderZ,raiderz,11/20/2012,,64,MMORPG
1300142431,Family Guy: Back to the Multiverse,family-guy-back-to-the-multiverse,11/20/2012,M,42,Action Adventure
1300114054,Borderlands 2: Mr. Torgue's Campaign of Carnage,borderlands-2-mr-torgue-s-campaign-of-carnage,11/20/2012,M,82,FPS
1300098675,Assassin's Creed III,assassins-creed-iii,11/20/2012,M,80,Open-World Action
1300145289,Scribblenauts Unlimited,scribblenauts-unlimited,11/19/2012,E,75,Action Puzzle
1300033636,Hitman: Absolution,hitman-absolution,11/19/2012,M,79,Action Adventure
1300125580,Retrovirus,retrovirus,11/16/2012,,70,FPS
1300083919,Haunted (2011),haunted-2011,11/15/2012,M,76,Point-and-Click
1300148756,F1 Race Stars,f1-race-stars,11/13/2012,E,62,Auto Racing
1300144990,LEGO The Lord of the Rings,lego-the-lord-of-the-rings,11/13/2012,E10+,80,Action Adventure
1300029246,The Sims 3 Seasons,the-sims-3-seasons,11/13/2012,T,73,Virtual Life
1300076125,Rift: Storm Legion,rift-storm-legion,11/13/2012,T,79,MMORPG
1300141899,Call of Duty: Black Ops II,call-of-duty-black-ops-ii,11/12/2012,M,74,FPS
1300142412,FLY'N,flyn,11/9/2012,,80,Puzzle
1300083409,Sine Mora,sine-mora,11/9/2012,,77,Horizontal Shoot-'Em-Up
1300153923,Football Manager 2013,football-manager-2013,11/1/2012,,86,Soccer Management
1300158609,Cargo Commander,cargo-commander,11/1/2012,T,63,2D Platformer
1300140464,007 Legends,007-legends,11/1/2012,T,26,FPS
1300137854,Pid,pid,10/31/2012,E10+,63,2D Platformer
1300145275,Painkiller: Hell & Damnation,painkiller-hell-and-damnation,10/31/2012,M,64,FPS
1300028255,Natural Selection 2,natural-selection-2,10/30/2012,,80,Tactical FPS
1300118374,Clan of Champions,clan-of-champions,10/30/2012,M,42,Action
1300123186,Cognition: An Erica Reed Thriller Episode 1 - The Hangman,cognition-an-erica-reed-thriller-episode-1-the,10/30/2012,,72,Point-and-Click
1300145002,Need for Speed: Most Wanted,need-for-speed-most-wanted,10/30/2012,E10+,78,Auto Racing
1300114978,Guns of Icarus Online,guns-of-icarus-online,10/29/2012,,64,Aircraft Combat Sim
1300138984,Primal Carnage,primal-carnage,10/29/2012,,67,FPS
1300083601,Pinball FX 2,pinball-fx-2,10/27/2012,E,84,Pinball
1300083162,Lucius,lucius,10/26/2012,,59,Action Adventure
1300131294,Deadlight,deadlight,10/25/2012,M,78,2D Platformer
1300121074,King's Bounty: Warriors of the North,kings-bounty-warriors-of-the-north,10/25/2012,,74,Turn-Based Strategy
1300151784,FIFA Manager 13,fifa-manager-13,10/25/2012,E,69,Soccer Management
1300150052,Farming Simulator 2013,farming-simulator-2013,10/25/2012,E,65,Virtual Career
1300166739,Incredipede,incredipede,10/25/2012,,74,Action Puzzle
1300132209,A Game of Dwarves,a-game-of-dwarves,10/23/2012,,60,Strategy
1300135396,Medal of Honor: Warfighter,medal-of-honor-warfighter,10/23/2012,M,55,FPS
1300096217,Elemental: Fallen Enchantress,elemental-fallen-enchantress,10/23/2012,,78,Turn-Based Strategy
1300148032,Hotline Miami,hotline-miami,10/23/2012,M,85,Top-Down Shoot-'Em-Up
1300150756,Giana Sisters: Twisted Dreams,giana-sisters-twisted-dreams,10/22/2012,,77,2D Platformer
1300033253,Viking: Battle for Asgard,viking-battle-for-asgard,10/17/2012,M,65,Action Adventure
1300136267,Ravaged,ravaged,10/17/2012,M,64,FPS
1300101203,Rocksmith,rocksmith,10/16/2012,T,78,Rhythm
1300105798,Edna & Harvey: Harvey's New Eyes,edna-and-harvey-harveys-new-eyes,10/16/2012,,75,Point-and-Click
1300134879,Mark of the Ninja,mark-of-the-ninja,10/16/2012,M,91,2D Platformer
1300114053,Borderlands 2: Captain Scarlett and Her Pirate's Booty,borderlands-2-captain-scarlett-and-her-pirates-b,10/16/2012,M,80,FPS
1300150354,Infestation: Survivor Stories (The War Z),infestation-survivor-stories-the-war-z,10/15/2012,M,20,MMORPG
1300132217,The Lord of the Rings Online: Riders of Rohan,the-lord-of-the-rings-online-riders-of-rohan,10/15/2012,T,88,MMORPG
1300116767,Rocketbirds: Hardboiled Chicken,rocketbirds-hardboiled-chicken,10/15/2012,M,74,2D Platformer
1300167523,Windward (2012),windward-2012,10/14/2012,,61,Open-World Action
1300105061,Of Orcs and Men,of-orcs-and-men,10/11/2012,RP,69,Western RPG
1300138685,Worms Revolution,worms-revolution,10/10/2012,E10+,73,Artillery
1300141454,The Walking Dead: Episode 4 - Around Every Corner,the-walking-dead-episode-4-around-every-corner,10/10/2012,M,80,Point-and-Click
1300081177,Retro City Rampage,retro-city-rampage,10/9/2012,T,71,Open-World Action
1300129787,XCOM: Enemy Unknown,xcom-enemy-unknown,10/8/2012,M,89,Turn-Based Tactics
1300111557,Dishonored,dishonored,10/8/2012,M,91,Action Adventure
1300109173,Realms of Ancient War,realms-of-ancient-war,10/4/2012,T,39,Action Adventure
1300135731,Hell Yeah! Wrath of the Dead Rabbit,hell-yeah-wrath-of-the-dead-rabbit,10/3/2012,T,64,2D Platformer
1300061749,Driftmoon,driftmoon,10/2/2012,,73,RPG
1300132556,Little Racers STREET,little-racers-street,10/2/2012,,62,Auto Racing
1300141598,NBA 2K13,nba-2k13,10/2/2012,E,90,Basketball Sim
1300114980,War of the Roses,war-of-the-roses,10/2/2012,,73,Action
1300039361,Carrier Command: Gaea Mission,carrier-command-gaea-mission,9/28/2012,M,60,Command RTS
1300075311,Cortex Command,cortex-command,9/28/2012,,44,Command RTS
1300153896,Half-Minute Hero: Super Mega Neo Climax Ultimate Boy,half-minute-hero-super-mega-neo-climax-ultimate-b,9/27/2012,,75,Action RPG
1300137991,FIFA Soccer 13,fifa-soccer-13,9/25/2012,E,86,Soccer Sim
1300076417,The Testament of Sherlock Holmes,the-testament-of-sherlock-holmes,9/25/2012,M,73,Third-Person Adventure
1300122298,World of Warcraft: Mists of Pandaria,world-of-warcraft-mists-of-pandaria,9/25/2012,T,82,MMORPG
1300141206,Pro Evolution Soccer 2013,pro-evolution-soccer-2013,9/25/2012,E,80,Soccer Sim
1300151365,Colour Bind,colour-bind,9/24/2012,,66,Puzzle
1300114052,Borderlands 2,borderlands-2,9/17/2012,M,89,FPS
1300137366,F1 2012,f1-2012,9/17/2012,E,80,Auto Racing Sim
1300155135,Oozi: Earth Adventure,oozi-earth-adventure,9/16/2012,,66,Compilation
1300147052,Tryst,tryst,9/14/2012,,50,Command RTS
1300155041,Black Mesa,black-mesa,9/14/2012,,84,FPS
1300137358,FTL: Faster Than Light,ftl-faster-than-light,9/14/2012,E10+,84,Real-Time Strategy
1300112608,Secret Files 3,secret-files-3,9/13/2012,,67,Point-and-Click
1300154599,Might & Magic: Duel of Champions,might-and-magic-duel-of-champions,9/13/2012,RP,84,Card Battle
1300132564,Gateways,gateways,9/12/2012,,72,2D Platformer
1300154292,Wrack,wrack,9/12/2012,,66,FPS
1300044323,Battlefield 3: Armored Kill,battlefield-3-armored-kill,9/11/2012,M,87,Tactical FPS
1300038534,I Am Alive,i-am-alive,9/6/2012,M,66,Survival
1300079018,Trine 2: Goblin Menace,trine-2-goblin-menace,9/6/2012,E10+,79,2D Platformer
1300153931,Inquisitor,inquisitor,9/5/2012,,64,Western RPG
1300138694,NEO Scavenger,neo-scavenger,9/5/2012,,77,Turn-Based Strategy
1300029244,The Sims 3 Supernatural,the-sims-3-supernatural,9/4/2012,T,74,Virtual Life
1300151591,Shad'O,shado,9/4/2012,,68,Defense
1300168269,Beware Planet Earth!,beware-planet-earth,8/30/2012,,68,Defense
1300153275,Snapshot (2012),snapshot-2012,8/30/2012,E,74,2D Platformer
1300109040,Mutant Mudds,mutant-mudds,8/30/2012,,61,2D Platformer
1300143369,Starvoid,starvoid,8/30/2012,,60,MOBA
1300153093,Total War Battles: SHOGUN,total-war-battles-shogun,8/29/2012,,59,Action
1300141453,The Walking Dead: Episode 3 - Long Road Ahead,the-walking-dead-episode-3-long-road-ahead,8/29/2012,M,85,Point-and-Click
1300113300,They Bleed Pixels,they-bleed-pixels,8/29/2012,,74,2D Platformer
1300075963,Mass Effect 3: Leviathan,mass-effect-3-leviathan,8/28/2012,M,75,Action RPG
1300030558,Guild Wars 2,guild-wars-2,8/28/2012,T,90,MMORPG
1300146353,Jagged Alliance: Crossfire,jagged-alliance-crossfire,8/24/2012,T,63,Strategy
1300140095,Dark Souls: Prepare to Die Edition,dark-souls-prepare-to-die-edition,8/24/2012,M,85,Action RPG
1300139124,Tiny Troopers,tiny-troopers,8/24/2012,,57,Top-Down Shoot-'Em-Up
1300114979,Counter-Strike: Global Offensive,counter-strike-global-offensive,8/21/2012,M,83,Tactical FPS
1300091207,Galaxy On Fire 2,galaxy-on-fire-2,8/21/2012,,63,Space Combat Sim
1300152480,Thirty Flights of Loving,thirty-flights-of-loving,8/20/2012,,88,First-Person Adventure
1300120583,Transformers: Fall of Cybertron,transformers-fall-of-cybertron,8/20/2012,T,78,Third Person Shooter
1300147581,The Expendables 2 Videogame,the-expendables-2-videogame,8/17/2012,M,41,Top-Down Shoot-'Em-Up
1300107615,Tom Clancy's Ghost Recon Phantoms,tom-clancys-ghost-recon-online,8/15/2012,,70,Tactical Third Person Shooter
1300120499,Tales From Space: Mutant Blobs Attack,tales-from-space-mutant-blobs-attack,8/15/2012,E10+,83,2D Platformer
1300150892,Tower Wars (2012),tower-wars-2012,8/14/2012,,59,Real-Time Strategy
1300069209,Darksiders II,darksiders-ii,8/13/2012,M,81,Open-World Action
1300062606,Sleeping Dogs,sleeping-dogs,8/13/2012,M,80,Open-World Action
1300100060,Iron Brigade,iron-brigade,8/13/2012,T,75,Defense
1300127857,Hero Academy,hero-academy,8/10/2012,,75,Turn-Based Strategy
1300114914,Legends of Pegasus,legends-of-pegasus,8/10/2012,E10+,36,4X Strategy
1300149222,Unmechanical,unmechanical,8/8/2012,,74,2D Platformer
1300150764,Rigonauts,rigonauts,8/7/2012,,60,Strategy
1300147578,Symphony (2012),symphony-2012,8/6/2012,,75,Vertical Shoot-'Em-Up
1300071407,Battle vs Chess,battle-vs-chess,8/3/2012,T,69,Board
1300096312,Death Rally (2012),death-rally-2012,8/3/2012,T,62,Auto Racing
1300093206,The Elder Scrolls V: Skyrim - Dawnguard,the-elder-scrolls-v-skyrim-dawnguard,8/2/2012,M,66,Western RPG
1300115598,A Virus Named TOM,a-virus-named-tom,8/1/2012,,65,Action Puzzle
1300143988,Bullet Run,bullet-run,7/31/2012,T,53,FPS
1300147782,The Political Machine 2012,the-political-machine-2012,7/31/2012,,54,Turn-Based Strategy
1300138750,Orcs Must Die! 2,orcs-must-die-2,7/30/2012,T,83,Defense
1300150492,A Story About My Uncle,a-story-about-my-uncle,7/30/2012,,73,3D Platformer
1300059365,Inversion,inversion,7/26/2012,M,59,Third Person Shooter
1300133634,Kung Fu Strike: The Warrior's Rise,kung-fu-strike-the-warriors-rise,7/24/2012,T,63,3D Beat-'Em-Up
1300093215,Prototype 2,prototype-2,7/24/2012,M,76,Open-World Action
1300126713,7554,7554,7/20/2012,,41,FPS
1300149221,Anna,anna,7/11/2012,,55,First-Person Adventure
1300152830,McPixel,mcpixel,7/9/2012,,76,Adventure
1300167496,TRI,tri,7/8/2012,,74,Action
1300142260,Endless Space,endless-space,7/4/2012,T,77,4X Strategy
1300030976,The Secret World,the-secret-world,7/3/2012,M,74,MMORPG
1300141452,The Walking Dead: Episode 2 - Starved for Help,the-walking-dead-episode-2-starved-for-help,6/29/2012,M,84,Point-and-Click
1300147027,Hoodwink,hoodwink,6/28/2012,T,29,Adventure
1300167923,Vector Thrust,vector-thrust,6/26/2012,,57,Aircraft Combat Sim
1300069559,Tom Clancy's Ghost Recon: Future Soldier,tom-clancys-ghost-recon-future-soldier,6/26/2012,M,71,Tactical Third Person Shooter
1300108313,London 2012 - The Official Video Game of the Olympic Games,london-2012-the-official-video-game-of-the-olymp,6/26/2012,E,65,Athletics
1300044324,Battlefield 3: Close Quarters,battlefield-3-close-quarters,6/26/2012,M,73,Tactical FPS
1300062596,Spec Ops: The Line,spec-ops-the-line,6/25/2012,M,76,Tactical Third Person Shooter
1300139279,Penny Arcade Adventures: Episode Three,penny-arcade-adventures-episode-three,6/25/2012,,77,JRPG
1300140505,Pro Cycling Manager Season 2012: Le Tour de France,pro-cycling-manager-season-2012-le-tour-de-france,6/22/2012,,68,Biking
1300115581,The Dark Eye: Chains of Satinav,the-dark-eye-chains-of-satinav,6/22/2012,,75,Point-and-Click
1300116063,Quantum Conundrum,quantum-conundrum,6/21/2012,E,77,Puzzle
1300149656,Intrusion 2,intrusion-2,6/20/2012,,80,2D Platformer
1300144229,Magic: The Gathering - Duels of the Planeswalkers 2013,magic-the-gathering-duels-of-the-planeswalkers-2012,6/20/2012,T,77,Card Battle
1300136584,Resonance (2012),resonance-2012,6/19/2012,,76,Point-and-Click
1300044012,SpellForce 2: Faith in Destiny,spellforce-2-faith-in-destiny,6/19/2012,T,55,Western RPG
1300129784,LEGO Batman 2: DC Super Heroes,lego-batman-2-dc-super-heroes,6/19/2012,E10+,81,Action Adventure
1300134337,Sid Meier's Civilization V: Gods & Kings,sid-meiers-civilization-v-gods-and-kings,6/18/2012,E10+,80,4X Strategy
1300167971,Running with Rifles,running-with-rifles,6/13/2012,,78,Top-Down Shoot-'Em-Up
1300099914,Sins of a Solar Empire: Rebellion,sins-of-a-solar-empire-rebellion,6/12/2012,T,82,Strategy
1300123417,Krater,krater,6/12/2012,,52,Action RPG
1300095618,Gemini Wars,gemini-wars,6/8/2012,,53,Real-Time Strategy
1300167931,99 Levels To Hell,99-levels-to-hell,6/7/2012,,66,RPG
1300145007,Home (2012),home-2012,6/1/2012,,69,Adventure
1300020537,Max Payne 3,max-payne-3,5/31/2012,M,87,Third Person Shooter
1300106517,Iron Front: Liberation 1944,iron-front-liberation-1944,5/25/2012,T,55,Strategy
1300126577,DiRT Showdown,dirt-showdown,5/23/2012,E10+,72,Auto Racing Sim
1300127177,Alan Wake's American Nightmare,alan-wakes-american-nightmare,5/22/2012,T,73,Linear Action Adventure
1300115173,Gas Guzzlers: Combat Carnage,gas-guzzlers-combat-carnage,5/18/2012,T,58,Auto Racing
1300102261,Resident Evil: Operation Raccoon City,resident-evil-operation-raccoon-city,5/18/2012,M,48,Third Person Shooter
1300141616,Gratuitous Tank Battles,gratuitous-tank-battles,5/17/2012,,69,Strategy
1300025898,Diablo III,diablo-iii,5/15/2012,M,88,Action RPG
1300100046,Sonic the Hedgehog 4: Episode II,sonic-the-hedgehog-4-episode-ii,5/15/2012,E,54,2D Platformer
1300167955,Megabyte Punch,megabyte-punch,5/14/2012,,69,2D Platformer
1300081705,Street Fighter X Tekken,street-fighter-x-tekken,5/11/2012,T,79,2D Fighting
1300071203,Nexuiz,nexuiz,5/10/2012,T,54,Tactical FPS
1300116487,Warlock: Master of the Arcane,warlock-master-of-the-arcane,5/8/2012,E10+,71,Turn-Based Strategy
1300142162,Orion: Dino Horde,orion-dino-horde,5/4/2012,T,36,FPS
1300112691,Port Royale 3: Pirates and Merchants,port-royale-3-pirates-and-merchants,5/4/2012,T,54,Real-Time Strategy
1300097696,Sniper Elite V2,sniper-elite-v2,4/30/2012,M,66,Tactical Third Person Shooter
1300091709,Binary Domain,binary-domain,4/27/2012,M,68,Third Person Shooter
1300057086,Toy Soldiers,toy-soldiers,4/27/2012,T,71,Real-Time Strategy
1300130582,Dear Esther,dear-esther,4/26/2012,,75,First-Person Adventure
1300063292,Fireburst,fireburst,4/25/2012,T,59,Auto Racing Sim
1300161801,The Walking Dead: A Telltale Games Series,the-walking-dead-a-telltale-games-series,4/24/2012,,89,Point-and-Click
1300106312,UEFA Euro 2012,uefa-euro-2012,4/24/2012,E,64,Soccer Sim
1300098304,A Valley Without Wind,a-valley-without-wind,4/24/2012,T,54,Action Adventure
1300099271,The Walking Dead: Episode 1 - A New Day,the-walking-dead-episode-1-a-new-day,4/24/2012,M,82,Point-and-Click
1300099327,Risen 2: Dark Waters,risen-2-dark-waters,4/24/2012,M,69,Action RPG
1300138748,Lone Survivor,lone-survivor,4/23/2012,,81,Survival
1300043145,Mount & Blade: Warband - Napoleonic Wars,mount-and-blade-warband-napoleonic-wars,4/19/2012,,83,Western RPG
1300099213,MacGuffin's Curse,macguffins-curse,4/19/2012,,73,Adventure
1300102484,Botanicula,botanicula,4/19/2012,,82,Point-and-Click
1300116214,Super Monday Night Combat,super-monday-night-combat,4/19/2012,,76,MOBA
1300096017,Insanely Twisted Shadow Planet,insanely-twisted-shadow-planet,4/17/2012,E,76,Metroidvania
1300101019,Tribes: Ascend,tribes-ascend,4/12/2012,T,86,FPS
1300111768,Men of War: Condemned Heroes,men-of-war-condemned-heroes,4/12/2012,,57,Real-Time Tactics
1300116890,Avernum: Escape From the Pit,avernum-escape-from-the-pit,4/11/2012,,76,Western RPG
1300116287,Legend of Grimrock,legend-of-grimrock,4/11/2012,,82,RPG
1300099164,Naval War: Arctic Circle,naval-war-arctic-circle,4/10/2012,RP,64,Real-Time Strategy
1300140314,Out of the Park Baseball 13,out-of-the-park-baseball-13,4/9/2012,,85,Baseball Sim
1300170650,Syder Arcade,syder-arcade,4/9/2012,,76,Top-Down Shoot-'Em-Up
1300103731,Confrontation,confrontation,4/4/2012,,51,Real-Time Strategy
1300139406,Offspring Fling,offspring-fling,4/3/2012,,79,Puzzle
1300097876,Ridge Racer Unbounded,ridge-racer-unbounded,3/29/2012,T,72,Auto Racing
1300083289,Tropico 4: Modern Times,tropico-4-modern-times,3/29/2012,T,78,Management
1300079117,Rayman Origins,rayman-origins,3/29/2012,E10+,86,2D Platformer
1300097308,Gettysburg: Armored Warfare,gettysburg-armored-warfare,3/27/2012,,22,Action
1300125590,Total War: Shogun 2 - Fall of the Samurai,total-war-shogun-2-fall-of-the-samurai,3/22/2012,T,86,Turn-Based Strategy
1300123419,Yesterday,yesterday,3/22/2012,,65,Point-and-Click
1300134474,Waveform,waveform,3/20/2012,,81,Action Puzzle
1300061848,Ys: The Oath in Felghana,ys-the-oath-in-felghana,3/19/2012,,73,Action RPG
1300097835,Defenders of Ardania,defenders-of-ardania,3/14/2012,T,58,Defense
1300096876,Warp,warp,3/13/2012,M,75,Action
1300113239,All Zombies Must Die!,all-zombies-must-die,3/12/2012,T,58,Top-Down Shoot-'Em-Up
1300075957,Mass Effect 3,mass-effect-3,3/6/2012,M,89,Action RPG
1300029239,The Sims 3: Showtime,the-sims-3-showtime,3/6/2012,T,67,Virtual Life
1300091692,Stacking,stacking,3/6/2012,E10+,80,Third-Person Adventure
1300101784,J.U.L.I.A.,j-u-l-i-a,3/2/2012,,64,Point-and-Click
1300093706,Vessel (2012),vessel-2012,3/1/2012,E,81,2D Platformer
1300131596,Deep Black: Reloaded,deep-black-reloaded,3/1/2012,,39,Third Person Shooter
1300026800,WAKFU,wakfu,2/29/2012,,76,MMORPG
1300083396,Microsoft Flight,microsoft-flight,2/29/2012,E,64,Aircraft Combat Sim
1300135614,Painkiller: Recurring Evil,painkiller-recurring-evil,2/29/2012,,38,FPS
1300132920,Da New Guys: Day of the Jackass,da-new-guys-day-of-the-jackass,2/29/2012,,56,Point-and-Click
1300083937,Stronghold Kingdoms,stronghold-kingdoms,2/27/2012,,75,MMORPG
1300137345,Cubemen,cubemen,2/22/2012,,74,Defense
1300106624,Wargame: European Escalation,wargame-european-escalation,2/22/2012,,81,Real-Time Tactics
1300034622,Syndicate (2012),syndicate-2012,2/21/2012,M,69,Tactical FPS
1300130588,Realm of the Mad God,realm-of-the-mad-god,2/20/2012,,82,Top-Down Shoot-'Em-Up
1300121997,Qasir Al-Wasat,qasir-al-wasat,2/19/2012,,63,Action Adventure
1300024446,Alan Wake,alan-wake,2/16/2012,T,83,Survival
1300083415,Crusader Kings II,crusader-kings-ii,2/14/2012,T,82,Real-Time Strategy
1300135354,Cannon Fodder 3,cannon-fodder-3,2/9/2012,,49,Real-Time Strategy
1300098318,Fray (2012),fray-2012,2/8/2012,,27,Real-Time Strategy
1300097856,Jagged Alliance: Back in Action,jagged-alliance-back-in-action,2/8/2012,M,62,Strategy
1300071300,Kingdoms of Amalur: Reckoning,kingdoms-of-amalur-reckoning,2/7/2012,M,81,Action RPG
1300119554,Shank 2,shank-2,2/7/2012,M,72,2D Beat-'Em-Up
1300106776,Gotham City Impostors,gotham-city-impostors,2/7/2012,T,65,FPS
1300168019,KAIRO,kairo,2/6/2012,,76,First-Person Adventure
1300098281,The Darkness II,the-darkness-ii,2/6/2012,M,77,FPS
1300133038,Pineapple Smash Crew,pineapple-smash-crew,2/2/2012,,62,Top-Down Shoot-'Em-Up
1300034580,PixelJunk Eden,pixeljunk-eden,2/2/2012,,81,2D Platformer
1300133454,Analogue: A Hate Story,analogue-a-hate-story,2/1/2012,,62,Visual Novel
1300043408,Fortune Summoners: Secret of the Elemental Stone,fortune-summoners-secret-of-the-elemental-stone,1/30/2012,,60,Action RPG
1300096399,King Arthur II: The Role-Playing Wargame,king-arthur-ii-the-role-playing-wargame,1/27/2012,T,66,Strategy
1300131603,SOL: Exodus,sol-exodus,1/25/2012,,57,Space Combat Sim
1300054154,Victoria II: A House Divided,victoria-ii-a-house-divided,1/24/2012,T,76,Real-Time Strategy
1300127597,Law & Order: Legacies,law-and-order-legacies,1/24/2012,,53,Adventure
1300112612,Unstoppable Gorg,unstoppable-gorg,1/19/2012,E10+,73,Defense
1300118121,Dustforce,dustforce,1/17/2012,,79,2D Platformer
1300102270,Choplifter HD,choplifter-hd,1/11/2012,T,65,Vertical Shoot-'Em-Up
1300138869,Drakensang Online,drakensang-online,12/31/2011,,69,MMORPG
1300129680,Metal Dead,metal-dead,12/21/2011,,71,Point-and-Click
1300024894,Postal III,postal-iii,12/21/2011,,24,Third Person Shooter
1300038650,Star Wars: The Old Republic,star-wars-the-old-republic,12/20/2011,T,85,MMORPG
1300114904,Q.U.B.E.,q-u-b-e,12/17/2011,,69,Action Puzzle
1300126717,X3: Albion Prelude,x3-albion-prelude,12/15/2011,,75,Space Combat Sim
1300084378,Earth Defense Force: Insect Armageddon,earth-defense-force-insect-armageddon,12/14/2011,T,69,Third Person Shooter
1300126712,FlatOut 3: Chaos & Destruction,flatout-3-chaos-and-destruction,12/13/2011,,23,Auto Racing
1300003183,Duke Nukem Forever: The Doctor Who Cloned Me,duke-nukem-forever-the-doctor-who-cloned-me,12/13/2011,M,52,FPS
1300044322,Battlefield 3: Back to Karkand,battlefield-3-back-to-karkand,12/13/2011,M,86,Tactical FPS
1300147992,The Real Texas,the-real-texas,12/12/2011,,74,Open-World Action
1300079017,Trine 2,trine-2,12/7/2011,E10+,84,2D Platformer
1300108702,Winter Sports 2012: Feel the Spirit,winter-sports-2012-feel-the-spirit,12/6/2011,,22,Athletics
1300108320,APB: Reloaded,apb-reloaded,12/1/2011,M,56,MMORPG
1300104759,Assassin's Creed: Revelations,assassins-creed-revelations,11/29/2011,M,80,Open-World Action
1300041157,Afterfall: InSanity,afterfall-insanity,11/25/2011,,50,Survival
1300099820,Serious Sam 3: BFE,serious-sam-3-bfe,11/22/2011,,72,FPS
1300062600,Batman: Arkham City,batman-arkham-city,11/21/2011,T,91,Open-World Action
1300107421,SkyDrift,skydrift,11/21/2011,,73,Arcade Racing
1300122990,Kenshi,kenshi,11/21/2011,,75,RPG
1300098302,Grotesque Tactics 2: Dungeons & Donuts,grotesque-tactics-2-dungeons-and-donuts,11/21/2011,RP,48,Turn-Based Tactics
1300107910,LEGO Harry Potter: Years 5-7,lego-harry-potter-years-5-7,11/18/2011,E10+,80,Action Adventure
1300125012,Race Injection,race-injection,11/18/2011,,72,Auto Racing Sim
1300102646,Anno 2070,anno-2070,11/17/2011,T,83,Management
1300117455,Waves (2011),waves-2011,11/16/2011,,82,Action
1300097564,Sideway: New York,sideway-new-york,11/15/2011,,71,2D Platformer
1300104562,Need for Speed: The Run,need-for-speed-the-run,11/15/2011,T,69,Auto Racing Sim
1300097565,Rochard,rochard,11/15/2011,T,81,2D Platformer
1300079218,Jurassic Park: The Game,jurassic-park-the-game,11/15/2011,T,54,Point-and-Click
1300040956,Saints Row: The Third,saints-row-the-third,11/14/2011,M,84,Open-World Action
1300093205,The Elder Scrolls V: Skyrim,the-elder-scrolls-v-skyrim,11/10/2011,M,94,Western RPG
1300076389,Call of Duty: Modern Warfare 3,call-of-duty-modern-warfare-3,11/8/2011,M,78,FPS
1300119754,Wizorb,wizorb,11/7/2011,,81,Action Puzzle
1300139530,Xenonauts,xenonauts,11/4/2011,,77,Strategy
1300103728,Sonic Generations,sonic-generations,11/3/2011,E,77,3D Platformer
1300071474,The Lord of the Rings: War in the North,the-lord-of-the-rings-war-in-the-north,11/1/2011,M,66,Action RPG
1300112686,JASF: Jane's Advanced Strike Fighters,jasf-janes-advanced-strike-fighters,11/1/2011,T,48,Aircraft Combat Sim
1300113217,inMomentum,inmomentum,10/31/2011,,59,3D Platformer
1300068219,Sword of the Stars II: Lords of Winter,sword-of-the-stars-ii-lords-of-winter,10/28/2011,T,44,Strategy
1300054063,Ignite (2011),ignite-2011,10/28/2011,,59,Auto Racing
1300043336,The Book of Unwritten Tales,the-book-of-unwritten-tales,10/28/2011,T,82,Adventure
1300032613,A Stroke of Fate: Operation Valkyrie,a-stroke-of-fate-operation-valkyrie,10/28/2011,,58,Adventure
1300102470,Renegade Ops,renegade-ops,10/26/2011,T,76,Top-Down Shoot-'Em-Up
1300111769,Global Ops: Commando Libya,global-ops-commando-libya,10/26/2011,M,37,Third Person Shooter
1300089343,The Cursed Crusade,the-cursed-crusade,10/25/2011,M,55,Action Adventure
1300044321,Battlefield 3,battlefield-3,10/25/2011,M,89,Tactical FPS
1300119689,Serious Sam: The Random Encounter,serious-sam-the-random-encounter,10/24/2011,,64,JRPG
1300114218,The Haunted: Hell's Reach,the-haunted-hells-reach,10/24/2011,M,51,Survival
1300098562,Arcania: Fall of Setarrif,arcania-fall-of-setarrif,10/24/2011,T,41,Action RPG
1300077822,Stronghold 3,stronghold-3,10/24/2011,T,47,Real-Time Strategy
1300108574,Payday: The Heist,payday-the-heist,10/20/2011,M,76,FPS
1300112019,Cities XL 2012,cities-xl-2012,10/20/2011,E,61,Management
1300115176,Football Manager 2012,football-manager-2012,10/20/2011,E,84,Soccer Management
1300096486,Before the Echo,before-the-echo,10/20/2011,,70,Rhythm
1300033968,Deus Ex: Human Revolution - The Missing Link,deus-ex-human-revolution-the-missing-link,10/18/2011,M,73,Action Adventure
1300029231,The Sims 3: Pets,the-sims-3-pets,10/18/2011,T,79,Virtual Life
1300111107,FIFA Manager 12,fifa-manager-12,10/18/2011,E,72,Soccer Management
1300083551,Dungeon Defenders,dungeon-defenders,10/18/2011,E10+,81,Defense
1300102503,Take On Helicopters,take-on-helicopters,10/16/2011,T,70,Aircraft Sim
1300106622,Pro Evolution Soccer 2012,pro-evolution-soccer-2012,10/14/2011,,77,Soccer Sim
1300083381,Might & Magic: Heroes VI,might-and-magic-heroes-vi,10/13/2011,T,77,Turn-Based Strategy
1300102479,The Blackwell Deception,the-blackwell-deception,10/12/2011,,73,Adventure
1300114983,MDK2 HD,mdk2-hd,10/12/2011,,73,Third Person Shooter
1300069558,Dragon Age II: Mark of the Assassin,dragon-age-ii-mark-of-the-assassin,10/11/2011,M,83,Action RPG
1300104573,Disciples III: Resurrection,disciples-iii-resurrection,10/11/2011,T,63,Turn-Based Strategy
1300059747,Airline Tycoon 2,airline-tycoon-2,10/11/2011,E,57,Tycoon
1300103126,Dead Rising 2: Off the Record,dead-rising-2-off-the-record,10/11/2011,M,66,Open-World Action
1300099719,Orcs Must Die!,orcs-must-die,10/11/2011,T,83,Defense
1300168273,FOTONICA,fotonica,10/6/2011,,71,3D Platformer
1300103936,NBA 2K12,nba-2k12,10/4/2011,E,86,Basketball Sim
1300031282,RAGE,rage,10/3/2011,M,79,FPS
1300034027,Two Worlds II: Pirates of the Flying Fortress,two-worlds-ii-pirates-of-the-flying-fortress,9/30/2011,M,78,Action RPG
1300035377,Off-Road Drive,off-road-drive,9/29/2011,,60,Auto Racing Sim
1300119879,Fate of the World: Tipping Point,fate-of-the-world-tipping-point,9/29/2011,,69,Strategy
1300112104,The Binding of Isaac,the-binding-of-isaac,9/28/2011,,84,Top-Down Shoot-'Em-Up
1300113238,Worms Ultimate Mayhem,worms-ultimate-mayhem,9/28/2011,E10+,66,Artillery
1300080955,A Game of Thrones: Genesis,a-game-of-thrones-genesis,9/28/2011,,53,Real-Time Strategy
1300025601,Driver: San Francisco,driver-san-francisco,9/27/2011,T,80,Auto Racing
1300106311,FIFA Soccer 12,fifa-soccer-12,9/27/2011,E,89,Soccer Sim
1300078642,Total War: Shogun 2 - Rise of the Samurai,total-war-shogun-2-rise-of-the-samurai,9/27/2011,T,84,Turn-Based Strategy
1300108571,Dungeons: The Dark Lord,dungeons-the-dark-lord,9/27/2011,M,72,Strategy
1300112033,Railworks 3: Train Simulator 2012,railworks-3-train-simulator-2012,9/23/2011,E,67,Train Sim
1300099421,Oil Rush,oilrush,9/23/2011,,67,Real-Time Strategy
1300116475,Hector: Badge of Carnage - Episode 3: Beyond Reasonable Doom,hector-badge-of-carnage-episode-3-beyond-reaso,9/22/2011,,70,Point-and-Click
1300043864,Might & Magic: Clash of Heroes,might-and-magic-clash-of-heroes,9/22/2011,,76,Turn-Based Tactics
1300071298,Nuclear Dawn,nuclear-dawn,9/22/2011,M,71,FPS
1300043477,Fallout: New Vegas - Lonesome Road,fallout-new-vegas-lonesome-road,9/20/2011,M,57,Western RPG
1300100706,Rusty Hearts,rusty-hearts,9/20/2011,RP,79,MMORPG
1300102039,F1 2011,f1-2011,9/19/2011,E,83,Auto Racing Sim
1300103658,Xotic,xotic,9/16/2011,,67,FPS
1300110108,King Arthur: Fallen Champions,king-arthur-fallen-champions,9/16/2011,,54,Real-Time Strategy
1300058121,TrackMania 2 Canyon,trackmania-2-canyon,9/14/2011,E,81,Auto Racing
1300044343,Red Orchestra 2: Heroes of Stalingrad,red-orchestra-2-heroes-of-stalingrad,9/13/2011,M,76,FPS
1300098181,Call of Juarez: The Cartel,call-of-juarez-the-cartel,9/13/2011,M,51,FPS
1300112024,Hard Reset,hard-reset,9/13/2011,M,73,FPS
1300099819,Sengoku,sengoku,9/13/2011,T,70,Real-Time Strategy
1300099324,Rise of Immortals: Battle for Graxia,rise-of-immortals-battle-for-graxia,9/12/2011,RP,54,MOBA
1300078796,Men of War: Vietnam,men-of-war-vietnam,9/8/2011,T,68,Real-Time Tactics
1300079019,Rock of Ages,rock-of-ages,9/7/2011,E10+,74,Action
1300095542,Tiger Woods PGA Tour 12: The Masters,tiger-woods-pga-tour-12-the-masters,9/6/2011,E,43,Golf Sim
1300044016,"Warhammer 40,000: Space Marine",warhammer-40-000-space-marine,9/5/2011,M,74,Third Person Shooter
1300027055,Dead Island,dead-island,9/5/2011,M,80,Survival
1300146155,King Arthur's Gold,king-arthurs-gold,9/4/2011,,81,Real-Time Strategy
1300107676,The Baconing,the-baconing,8/31/2011,T,63,Action RPG
1300113236,Serious Sam Double D,serious-sam-double-d,8/30/2011,,66,Third Person Shooter
1300083284,Tropico 4,tropico-4,8/30/2011,T,78,Management
1300092169,Air Conflicts: Secret Wars,air-conflicts-secret-wars,8/30/2011,T,65,Aircraft Combat Sim
1300111761,The Sims Medieval: Pirates & Nobles,the-sims-medieval-pirates-and-nobles,8/30/2011,T,67,Virtual Life
1300065952,Achron,achron,8/29/2011,,54,Real-Time Strategy
1300033967,Deus Ex: Human Revolution,deus-ex-human-revolution,8/23/2011,M,90,Action Adventure
1300115822,Stellar Impact,stellar-impact,8/22/2011,,74,MOBA
1300106768,Blocks That Matter,blocks-that-matter,8/19/2011,,72,2D Platformer
1300079116,From Dust,from-dust,8/17/2011,E10+,76,Strategy
1300083379,Age of Empires Online,age-of-empires-online,8/16/2011,E10+,70,Command RTS
1300117043,No Time to Explain,no-time-to-explain,8/15/2011,,54,2D Platformer
1300042210,Edge (2011),edge-2011,8/11/2011,,74,3D Platformer
1300098353,Pirates of Black Cove,pirates-of-black-cove,8/2/2011,T,56,Strategy
1300061621,Chantelise: A Tale of Two Sisters,chantelise-a-tale-of-two-sisters,7/29/2011,,62,Action RPG
1300059104,E.Y.E: Divine Cybermancy,eye-divine-cybermancy,7/29/2011,RP,61,Western RPG
1300102476,Dead Horde,dead-horde,7/27/2011,,45,Survival
1300069557,Dragon Age II: Legacy,dragon-age-ii-legacy,7/26/2011,M,66,Action RPG
1300112682,The Asskickers,the-asskickers,7/21/2011,,31,2D Beat-'Em-Up
1300104758,Runespell: Overture,runespell-overture,7/20/2011,,69,RPG
1300043476,Fallout: New Vegas - Old World Blues,fallout-new-vegas-old-world-blues,7/19/2011,M,82,Western RPG
1300083433,Supreme Ruler: Cold War,supreme-ruler-cold-war,7/19/2011,RP,63,Turn-Based Strategy
1300065971,Tobe's Vertical Adventure,tobes-vertical-adventure,7/18/2011,,75,2D Platformer
1300032948,Black Prophecy (2011),black-prophecy-2011,7/13/2011,,70,MMORPG
1300079052,Cthulhu Saves the World,cthulhu-saves-the-world,7/13/2011,,78,JRPG
1300112070,Dungeons of Dredmor,dungeons-of-dredmor,7/13/2011,,79,Roguelike
1300078512,"Harry Potter and the Deathly Hallows, Part 2",harry-potter-and-the-deathly-hallows-part-2,7/12/2011,T,43,Third Person Shooter
1300092174,Panzer Corps,panzer-corps,7/11/2011,,80,Turn-Based Tactics
1300081256,Super Street Fighter IV: Arcade Edition,super-street-fighter-iv-arcade-edition,7/7/2011,T,84,2D Fighting
1300105796,Pro Cycling Manager Season 2011: Le Tour de France,pro-cycling-manager-season-2011-le-tour-de-france,7/1/2011,,74,Biking
1300099276,Puzzle Agent 2,puzzle-agent-2,6/30/2011,E,63,Puzzle
1300083392,Virtua Tennis 4,virtua-tennis-4,6/24/2011,E,66,Tennis
1300112607,Alpha Polaris: A Horror Adventure Game,alpha-polaris-a-horror-adventure-game,6/24/2011,,52,Point-and-Click
1300099269,Back to the Future: The Game - Episode V: OUTATIME,back-to-the-future-the-game-episode-v-outatime,6/23/2011,RP,75,Third-Person Adventure
1300110562,Out of the Park Baseball 12,out-of-the-park-baseball-12,6/23/2011,,79,Baseball Sim
1300074588,F.E.A.R. 3,f-e-a-r-3,6/21/2011,M,74,FPS
1300023754,Gods & Heroes: Rome Rising,gods-and-heroes-rome-rising,6/21/2011,T,50,MMORPG
1300098931,Disney/Pixar Cars 2,cars-2-the-video-game,6/21/2011,E10+,65,Auto Racing
1300078802,Dungeon Siege III,dungeon-siege-iii,6/20/2011,T,72,Action RPG
1300109743,Critical Mass (2011),critical-mass-2011,6/20/2011,,81,Matching Puzzle
1300112667,Space Pirates and Zombies,space-pirates-and-zombies,6/19/2011,,74,Adventure
1300110003,Solar 2,solar-2,6/17/2011,,72,Sandbox
1300101015,Magic: The Gathering - Duels of the Planeswalkers 2012,magic-the-gathering-duels-of-the-planeswalkers-2011-2,6/15/2011,T,77,Card Battle
1300042769,Alice: Madness Returns,alice-madness-returns,6/14/2011,M,75,3D Platformer
1300003181,Duke Nukem Forever,duke-nukem-forever,6/13/2011,M,54,FPS
1300107192,Storm: Frontline Nation,storm-frontline-nation,6/10/2011,,60,Turn-Based Strategy
1300109435,Vertex Dispenser,vertex-dispenser,6/10/2011,,70,Strategy
1300083436,Pride of Nations,pride-of-nations,6/7/2011,T,70,Turn-Based Strategy
1300069214,Red Faction: Armageddon,red-faction-armageddon,6/6/2011,M,75,Third Person Shooter
1300082403,Operation Flashpoint: Red River,operation-flashpoint-red-river,6/6/2011,M,67,FPS
1300025029,Dawn of Fantasy,dawn-of-fantasy,6/3/2011,T,59,Real-Time Strategy
1300029230,The Sims 3: Generations,the-sims-3-generations,5/31/2011,T,70,Virtual Life
1300106464,Hamilton's Great Adventure,hamiltons-great-adventure,5/31/2011,E,77,Adventure
1300071429,Hunted: The Demon's Forge,hunted-the-demons-forge,5/30/2011,M,61,Action Adventure
1300067099,Frozen Synapse,frozen-synapse,5/26/2011,,85,Turn-Based Tactics
1300094561,Dungeons & Dragons: Daggerdale,dungeons-and-dragons-daggerdale,5/25/2011,T,49,Action RPG
1300106243,Naval Warfare,naval-warfare,5/25/2011,,57,Top-Down Shoot-'Em-Up
1300089811,LEGO Pirates of the Caribbean: The Video Game,lego-pirates-of-the-caribbean-the-video-game,5/24/2011,E10+,73,Action Adventure
1300082407,DiRT 3,dirt-3,5/23/2011,T,86,Auto Racing Sim
1300054136,Fable III,fable-iii,5/17/2011,M,75,Action RPG
1300043475,Fallout: New Vegas - Honest Hearts,fallout-new-vegas-honest-hearts,5/17/2011,M,66,Western RPG
1300057579,The Witcher 2: Assassins of Kings,the-witcher-2-assassins-of-kings,5/17/2011,M,88,Action RPG
1300102902,Combat Mission: Battle for Normandy,combat-mission-battle-for-normandy,5/17/2011,,81,Turn-Based Strategy
1300078536,The First Templar,the-first-templar,5/12/2011,T,57,Linear Action Adventure
1300043571,Allods Online,allods-online,5/11/2011,,69,MMORPG
1300104559,Hydrophobia: Prophecy,hydrophobia-prophecy,5/9/2011,M,64,Survival
1300106459,Lume (2011),lume-2011,5/9/2011,,69,Puzzle
1300044023,Brink,brink,5/9/2011,T,70,FPS
1300096397,Garshasp: The Monster Slayer,garshasp-the-monster-slayer,5/9/2011,,49,Action Adventure
1300079005,Faery: Legends of Avalon,faery-legends-of-avalon,5/6/2011,E10+,59,RPG
1300079228,Fortix 2,fortix-2,5/6/2011,,74,Action Puzzle
1300083902,Section 8: Prejudice,section-8-prejudice,5/4/2011,T,77,FPS
1300097607,Mount & Blade: With Fire & Sword,mount-and-blade-with-fire-and-sword,5/3/2011,T,68,Western RPG
1300100006,Avadon: The Black Fortress,avadon-the-black-fortress,5/2/2011,,75,Western RPG
1300058793,Capsized,capsized,4/29/2011,,80,2D Platformer
1300099268,Back to the Future: The Game - Episode IV: Double Visions,back-to-the-future-the-game-episode-iv-double,4/29/2011,RP,71,Third-Person Adventure
1300105907,Universe Sandbox,universe-sandbox,4/29/2011,,83,Simulation
1300089806,Yar's Revenge,yars-revenge,4/28/2011,E10+,56,Top-Down Shoot-'Em-Up
1300080831,Hector: Badge of Carnage - Episode 1: We Negotiate With Terrorists,hector-badge-of-carnage-episode-1-we-negotiate,4/27/2011,,75,Point-and-Click
1300029690,Mythos (2011),mythos-2011,4/26/2011,,52,MMORPG
1300096502,IL-2 Sturmovik: Cliffs of Dover,il-2-sturmovik-cliffs-of-dover,4/26/2011,T,60,Aircraft Combat Sim
1300069348,Your Doodles Are Bugged!,your-doodles-are-bugged,4/25/2011,,69,Action Puzzle
1300080439,Darkspore,darkspore,4/25/2011,T,65,Action RPG
1300192011,DCS: A-10C Warthog,dcs-a-10c-warthog,4/22/2011,T,87,Aircraft Combat Sim
1300040924,Runaway: A Twist of Fate,runaway-a-twist-of-fate,4/21/2011,T,79,Point-and-Click
1300103782,Cargo! The Quest for Gravity,cargo-the-quest-for-gravity,4/21/2011,T,64,Action Adventure
1300075381,The Next Big Thing,the-next-big-thing,4/21/2011,E10+,75,Point-and-Click
1300079251,Black Mirror III: Final Fear,black-mirror-iii,4/19/2011,M,75,Third-Person Adventure
1300071258,Portal 2,portal-2,4/18/2011,E10+,95,FPS
1300069207,Elements of War,elements-of-war,4/18/2011,T,49,Real-Time Strategy
1300098546,The Rockin' Dead,the-rockin-dead,4/18/2011,T,45,Adventure
1300103918,Sanctum (2011),sanctum-2011,4/15/2011,,70,FPS
1300096643,Battle Slots,battle-slots,4/14/2011,E10+,72,Action Adventure
1300079288,WRC: FIA World Rally Championship,wrc-fia-world-rally-championship,4/14/2011,,65,Auto Racing Sim
1300069389,Magicka: Vietnam,magicka-vietnam,4/12/2011,T,60,Linear Action Adventure
1300088477,Anomaly: Warzone Earth,anomaly-warzone-earth,4/8/2011,E10+,80,Real-Time Strategy
1300100778,Dino D-Day,dino-d-day,4/8/2011,,53,FPS
1300034376,Shadow Harvest: Phantom Ops,shadow-harvest-phantom-ops,4/5/2011,M,34,Tactical Third Person Shooter
1300084013,Darkest Hour: A Hearts of Iron Game,darkest-hour-a-hearts-of-iron-game,4/5/2011,,81,Real-Time Strategy
1300083478,Hoard,hoard,4/4/2011,E,65,Real-Time Strategy
1300102563,Spiral Knights,spiral-knights,4/4/2011,,64,MMORPG
1300097561,Patrician IV: Rise of a Dynasty,patrician-iv-rise-of-a-dynasty,3/31/2011,,67,Tycoon
1300034521,Mass Effect 2: Arrival,mass-effect-2-arrival,3/29/2011,M,63,Western RPG
1300082564,Shift 2: Unleashed,shift-2-unleashed,3/29/2011,E10+,84,Auto Racing Sim
1300099267,Back to the Future: The Game - Episode III: Citizen Brown,back-to-the-future-the-game-episode-iii-citize,3/28/2011,E,71,Third-Person Adventure
1300083906,Theatre of War 3: Korea,theatre-of-war-3-korea,3/24/2011,,49,Strategy
1300092377,Ghostbusters: Sanctum of Slime,ghostbusters-sanctum-of-slime,3/23/2011,E10+,43,Action Adventure
1300044068,Crysis 2,crysis-2,3/22/2011,M,86,FPS
1300071225,Forsaken World,forsaken-world,3/22/2011,,69,MMORPG
1300069396,LEGO Star Wars III: The Clone Wars,lego-star-wars-iii-the-clone-wars,3/22/2011,E10+,76,Action Adventure
1300082562,The Sims Medieval,the-sims-medieval,3/22/2011,T,77,Virtual Life
1300076868,Assassin's Creed: Brotherhood,assassins-creed-brotherhood,3/22/2011,M,88,Open-World Action
1300099166,PAM: Post Apocalyptic Mayhem,pam-post-apocalyptic-mayhem,3/17/2011,RP,44,Vehicle Combat Sim
1300078641,Total War: Shogun 2,total-war-shogun-2,3/15/2011,T,90,Turn-Based Strategy
1300043999,Homefront,homefront,3/14/2011,M,70,FPS
1300100063,Battle: Los Angeles,battle-los-angeles,3/11/2011,T,38,FPS
1300089331,Battlefield: Play4Free,battlefield-play4free,3/10/2011,,68,Tactical FPS
1300069554,Dragon Age II,dragon-age-ii,3/8/2011,M,82,Action RPG
1300066980,RISK: Factions,risk-factions,3/8/2011,E10+,77,Board
1300089788,Major League Baseball 2K11,major-league-baseball-2k11,3/8/2011,E,74,Baseball Sim
1300100429,SpaceChem,spacechem,3/2/2011,,84,Puzzle
1300076124,Rift (2011),rift-2011,3/1/2011,T,84,MMORPG
1300083386,"Warhammer 40,000: Dawn of War II - Retribution",warhammer-40-000-dawn-of-war-ii-retribution,2/28/2011,M,80,Real-Time Strategy
1300084019,Fate of the World,fate-of-the-world,2/28/2011,,70,Strategy
1300078790,Men of War: Assault Squad,men-of-war-assault-squad,2/25/2011,T,77,Real-Time Tactics
1300076566,Trapped Dead,trapped-dead,2/25/2011,,50,Real-Time Strategy
1300003991,Painkiller: Redemption,painkiller-redemption,2/25/2011,,43,FPS
1300096157,Gemini Rue: Verschworung auf Barracus,gemini-rue-verschworung-auf-barracus,2/24/2011,,82,Point-and-Click
1300099668,CreaVures,creavures,2/23/2011,RP,55,2D Platformer
1300043474,Fallout: New Vegas - Dead Money,fallout-new-vegas-dead-money,2/22/2011,M,70,Western RPG
1300083423,Cities in Motion,cities-in-motion,2/22/2011,E,70,Management
1300028204,Gray Matter,gray-matter,2/22/2011,T,72,Point-and-Click
1300039462,Bulletstorm,bulletstorm,2/21/2011,M,82,FPS
1300099266,Back to the Future: The Game - Episode II: Get Tannen!,back-to-the-future-the-game-episode-ii-get-tan,2/17/2011,RP,74,Third-Person Adventure
1300083257,Dungeons,dungeons,2/10/2011,M,65,Strategy
1300071201,Test Drive Unlimited 2,test-drive-unlimited-2,2/8/2011,T,72,Auto Racing Sim
1300030143,Black Mirror II: Reigning Evil,black-mirror-ii-reigning-evil,2/8/2011,T,71,Third-Person Adventure
1300086631,You Don't Know Jack (2011),you-dont-know-jack-2011,2/8/2011,T,71,Trivia
1300034026,Two Worlds II,two-worlds-ii,2/3/2011,M,75,Action RPG
1300083401,Who's That Flying?!,whos-that-flying,1/31/2011,E10+,76,Vertical Shoot-'Em-Up
1300067124,Crasher,crasher,1/28/2011,,55,Vehicle Combat Sim
1300087872,Astroslugs,astroslugs,1/28/2011,E,74,Matching Puzzle
1300071493,Breach (2011),breach-2011,1/26/2011,T,61,Tactical FPS
1300035617,Venetica,venetica,1/25/2011,T,61,Action RPG
1300057521,Dead Space 2,dead-space-2,1/25/2011,M,87,Third Person Shooter
1300069380,Magicka,magicka,1/25/2011,T,74,Linear Action Adventure
1300071670,Monday Night Combat,monday-night-combat,1/24/2011,T,82,Third Person Shooter
1300059953,Magic: The Gathering - Tactics,magic-the-gathering-tactics,1/24/2011,T,62,Turn-Based Strategy
1300097688,Atom Zombie Smasher,atom-zombie-smasher,1/23/2011,T,75,Real-Time Strategy
1300097012,APOX,apox,1/20/2011,,48,Command RTS
1300067125,Bloodline Champions,bloodline-champions,1/13/2011,,79,MOBA
1300041022,Zeit Squared,zeit-squared,1/12/2011,E,72,Vertical Shoot-'Em-Up
1300089793,Majesty 2: Monster Kingdom,majesty-2-monster-kingdom,1/11/2011,T,56,Strategy
1300095886,NightSky,nightsky,1/6/2011,,78,Action Puzzle
1300034715,Edna & Harvey: The Breakout,edna-and-harvey-the-breakout,1/3/2011,T,56,Point-and-Click
1300106747,Steel Storm: Burning Retribution,steel-storm-burning-retribution,1/1/2011,,55,Vertical Shoot-'Em-Up
1300079219,Back to the Future: The Game - Episode I: It's About Time,back-to-the-future-the-game-episode-i-its-abo,12/22/2010,,74,Third-Person Adventure
1300093214,The Oddboxx,the-oddboxx,12/20/2010,,69,Compilation
1300042521,Battlefield: Bad Company 2 Vietnam,battlefield-bad-company-2-vietnam,12/18/2010,M,86,FPS
1300092007,Starpoint Gemini,starpoint-gemini,12/15/2010,,46,Real-Time Strategy
1300098548,The Dream Machine,the-dream-machine,12/14/2010,,75,Point-and-Click
1300096955,A.R.E.S. Extinction Agenda,a-r-e-s-extinction-agenda,12/14/2010,,68,2D Platformer
1300083894,Europa Universalis III: Divine Wind,europa-universalis-iii-divine-wind,12/14/2010,E10+,71,Strategy
1300054072,Greed Corp,greed-corp,12/10/2010,E,76,Turn-Based Strategy
1300075349,Jekyll & Hyde (2010),jekyll-and-hyde-2010,12/10/2010,,37,Adventure
1300062625,Disney's TRON: Evolution,disneys-tron-evolution,12/7/2010,T,57,Action Adventure
1300054198,World of Warcraft: Cataclysm,world-of-warcraft-cataclysm,12/7/2010,T,90,MMORPG
1300089166,Bejeweled 3,bejeweled-3,12/7/2010,E,82,Matching Puzzle
1300088308,Crimecraft: Bleedout,crimecraft-bleedout,12/4/2010,M,68,FPS
1300098313,Mark Leung: Revenge of the Bitch,mark-leung-revenge-of-the-bitch,12/3/2010,,79,RPG
1300089794,RUSH (2010),rush-2010,12/3/2010,,73,Puzzle
1300083490,DeathSpank: Thongs of Virtue,deathspank-thongs-of-virtue,11/30/2010,T,78,Action RPG
1300075491,nail'd,naild,11/30/2010,E10+,69,Auto Racing
1300071375,Spider-Man: Shattered Dimensions,spider-man-shattered-dimensions,11/24/2010,T,68,Linear Action Adventure
1300076823,Tom Clancy's HAWX 2,tom-clancys-hawx-2,11/22/2010,T,66,Aircraft Combat Sim
1300080464,Emergency 2012,emergency-2012,11/22/2010,T,61,Action
1300080533,Apache: Air Assault,apache-air-assault,11/19/2010,T,64,Aircraft Combat Sim
1300044518,Ion Assault,ion-assault,11/17/2010,E10+,62,Vertical Shoot-'Em-Up
1300089607,Alien Breed 3: Descent,alien-breed-3-descent,11/17/2010,T,64,Third Person Shooter
1300079073,Need for Speed: Hot Pursuit,need-for-speed-hot-pursuit,11/16/2010,E10+,86,Auto Racing
1300078366,"Harry Potter and the Deathly Hallows, Part 1",harry-potter-and-the-deathly-hallows-part-1,11/16/2010,T,37,Third Person Shooter
1300082405,Create,create,11/16/2010,E,54,Puzzle
1300088909,The UnderGarden,the-undergarden,11/10/2010,E,67,Puzzle
1300089003,Majesty 2: Battles of Ardania,majesty-2-battles-of-ardania,11/10/2010,T,55,Strategy
1300043876,Call of Duty: Black Ops,call-of-duty-black-ops,11/9/2010,M,81,Tactical FPS
1300089410,Darkstar: The Interactive Movie,darkstar-the-interactive-movie,11/8/2010,M,36,Action
1300039301,Divinity II: Flames of Vengeance,divinity-ii-flames-of-vengeance,11/5/2010,M,72,Action RPG
1300032628,Hegemony: Philip of Macedon,hegemony-philip-of-macedon,11/5/2010,,66,Real-Time Strategy
1300080440,Divinity II: The Dragon Knight Saga,divinity-ii-the-dragon-knight-saga,11/5/2010,M,82,Compilation
1300089390,Alternativa,alternativa,11/5/2010,,63,Adventure
1300083164,Football Manager 2011,football-manager-2011,11/4/2010,E,85,Soccer Management
1300069553,FIFA Manager 11,fifa-manager-11,11/3/2010,E,75,Soccer Management
1300075992,Blood Stone: 007,blood-stone-007,11/2/2010,T,63,Third Person Shooter
1300089944,Kaptain Brawe: A Brawe New World,kaptain-brawe-a-brawe-new-world,11/1/2010,T,69,Point-and-Click
1300083692,Bloody Good Time,bloody-good-time,10/29/2010,T,73,FPS
1300071702,Blood Bowl: Legendary Edition,blood-bowl-legendary-edition,10/28/2010,T,73,Football
1300071400,Vindictus,vindictus,10/27/2010,T,76,MMORPG
1300062597,Star Wars: The Force Unleashed II,star-wars-the-force-unleashed-ii,10/26/2010,T,59,Action
1300031262,Lego Universe,lego-universe,10/26/2010,E10+,70,MMORPG
1300029228,The Sims 3: Late Night Expansion Pack,the-sims-3-late-night-expansion-pack,10/26/2010,T,74,Virtual Life
1300083917,The Ball (2010),the-ball-2010,10/26/2010,M,68,Action Adventure
1300083219,CSI: Crime Scene Investigation: Fatal Conspiracy,csi-crime-scene-investigation-fatal-conspiracy,10/26/2010,M,47,Adventure
1300055166,Shank,shank,10/25/2010,M,67,2D Beat-'Em-Up
1300034223,DeathSpank,deathspank,10/25/2010,T,77,Action RPG
1300089323,Nimbus,nimbus,10/25/2010,,80,Vertical Shoot-'Em-Up
1300044914,Scorpion: Disfigured,scorpion-disfigured,10/22/2010,,44,FPS
1300076827,Guardians of Graxia,guardians-of-graxia,10/20/2010,,55,Board
1300043473,Fallout: New Vegas,fallout-new-vegas,10/19/2010,M,84,Western RPG
1300088110,EVE Online: Commissioned Officer Edition,eve-online-commissioned-officer-edition,10/19/2010,T,77,MMORPG
1300099150,Desktop Dungeons,desktop-dungeons,10/17/2010,,82,Roguelike
1300045439,Grotesque Tactics: Evil Heroes,grotesque-tactics-evil-heroes,10/15/2010,,65,Turn-Based Tactics
1300031091,Arcania: Gothic 4,arcania-gothic-4,10/15/2010,T,63,Action RPG
1300042814,Lost Planet 2,lost-planet-2,10/15/2010,T,63,Third Person Shooter
1300084023,Doc Clock: The Toasted Sandwich of Time,doc-clock-the-toasted-sandwich-of-time,10/15/2010,E,62,Puzzle
1300083952,Winter Voices Prologue: Avalanche,winter-voices-prologue-avalanche,10/15/2010,,47,Action RPG
1300080303,Cities XL 2011,cities-xl-2011,10/14/2010,E,70,Management
1300062087,Medal of Honor,medal-of-honor,10/12/2010,M,72,FPS
1300062108,Lionheart: Kings' Crusade,lionheart-kings-crusade,10/8/2010,T,71,Real-Time Strategy
1300076616,Pro Evolution Soccer 2011,pro-evolution-soccer-2011,10/8/2010,,79,Soccer Sim
1300068552,NBA 2K11,nba-2k11,10/5/2010,E,82,Basketball Sim
1300069550,FIFA Soccer 11,fifa-soccer-11,9/28/2010,E,83,Soccer Sim
1300033173,Borderlands: Claptrap's New Robot Revolution,borderlands-claptraps-new-robot-revolution,9/28/2010,M,69,FPS
1300043709,Front Mission Evolved,front-mission-evolved,9/28/2010,T,63,Third Person Shooter
1300071232,Lara Croft and the Guardian of Light,lara-croft-and-the-guardian-of-light,9/28/2010,T,82,Action Adventure
1300054234,Lost Horizon,lost-horizon,9/24/2010,T,77,Point-and-Click
1300032551,Darksiders,darksiders,9/23/2010,M,83,Open-World Action
1300044145,Final Fantasy XIV Online,final-fantasy-xiv-online,9/22/2010,T,49,MMORPG
1300070395,Blade Kitten,blade-kitten,9/22/2010,T,52,2D Platformer
1300083473,Alien Breed 2: Assault,alien-breed-2-assault,9/22/2010,T,63,Third Person Shooter
1300030430,Sid Meier's Civilization V,sid-meiers-civilization-v,9/21/2010,E10+,90,4X Strategy
1300043658,F1 2010,f1-2010,9/21/2010,E,84,Auto Racing Sim
1300071655,Patrician IV: Conquest by Trade,patrician-iv-conquest-by-trade,9/17/2010,,66,Tycoon
1300078435,King's Bounty: Crossworlds,kings-bounty-crossworlds,9/17/2010,T,78,Turn-Based Strategy
1300084401,Evochron Mercenary,evochron-mercenary,9/17/2010,,70,Space Combat Sim
1300079193,Star Wars: Clone Wars Adventures,star-wars-clone-wars-adventures,9/15/2010,E10+,65,MMORPG
1300083085,Recettear: An Item Shop's Tale,recettear-an-item-shops-tale,9/10/2010,,82,Virtual Life
1300060340,Amnesia: The Dark Descent,amnesia-the-dark-descent,9/8/2010,M,85,Survival
1300043174,R.U.S.E.,r-u-s-e,9/7/2010,T,76,Real-Time Strategy
1300034520,Mass Effect 2: Lair of the Shadow Broker,mass-effect-2-lair-of-the-shadow-broker,9/7/2010,M,86,Western RPG
1300020929,Dragon Age: Origins - Witch Hunt,dragon-age-origins-witch-hunt,9/7/2010,M,56,Western RPG
1300033249,Mafia II: Jimmy's Vendetta,mafia-ii-jimmys-vendetta,9/7/2010,M,67,Open-World Action
1300083585,Drawn: Dark Flight,drawn-dark-flight,8/31/2010,E,75,Action Puzzle
1300071659,Sam & Max: The Devil's Playhouse - Episode 5: The City That Dares Not Sleep,sam-and-max-the-devils-playhouse-episode-5,8/30/2010,E10+,81,Third-Person Adventure
1300043989,Ghost Pirates of Vooju Island,ghost-pirates-of-vooju-island,8/30/2010,T,66,Point-and-Click
1300054079,Ship Simulator Extremes,ship-simulator-extremes,8/27/2010,E,49,Marine Sim
1300044104,Worms 2: Armageddon,worms-2-armageddon,8/26/2010,E10+,79,Artillery
1300040962,Elemental: War of Magic,elemental-war-of-magic,8/24/2010,T,53,Turn-Based Strategy
1300033248,Mafia II,mafia-ii,8/23/2010,M,77,Open-World Action
1300061405,Kane & Lynch 2: Dog Days,kane-and-lynch-2-dog-days,8/17/2010,M,66,Third Person Shooter
1300054153,Victoria II,victoria-ii,8/13/2010,T,75,Real-Time Strategy
1300061843,Puzzle Quest 2,puzzle-quest-2,8/12/2010,E10+,83,Action Puzzle
1300040923,Burn Zombie Burn,burn-zombie-burn,8/12/2010,M,72,Top-Down Shoot-'Em-Up
1300020928,Dragon Age: Origins - Golems of Amgarrak,dragon-age-origins-golems-of-amgarrak,8/10/2010,M,57,Western RPG
1300057282,Alter Ego (2010),alter-ego-2010,8/3/2010,T,59,Point-and-Click
1300069111,Commander: Conquest of the Americas,commander-conquest-of-the-americas,7/30/2010,T,68,Command RTS
1300166600,Cart Life (2013),cart-life-2013,7/29/2010,,79,Simulation
1300081273,The Guild 2: Renaissance,the-guild-2-renaissance,7/28/2010,,56,Strategy
1300042451,Need for Speed World,need-for-speed-world,7/27/2010,E10+,62,Auto Racing Sim
1300031071,Starcraft II: Wings of Liberty,starcraft-ii-wings-of-liberty,7/27/2010,T,93,Command RTS
1300054141,Napoleon: Total War - The Peninsular Campaign,napoleon-total-war-the-peninsular-campaign,7/25/2010,T,75,Real-Time Strategy
1300071658,Sam & Max: The Devil's Playhouse - Episode 4: Beyond the Alley of the Dolls,sam-and-max-the-devils-playhouse-episode-4,7/20/2010,E10+,76,Third-Person Adventure
1300081554,Rhythm Zone,rhythm-zone,7/20/2010,,44,Rhythm
1300081110,Alien Swarm (2010),alien-swarm-2010,7/19/2010,,77,Tactical Third Person Shooter
1300081578,Razor 2: Hidden Skies,razor-2-hidden-skies,7/19/2010,,61,Vertical Shoot-'Em-Up
1300081577,Tidalis,tidalis,7/16/2010,,75,Stacking Puzzle
1300043109,Blacklight: Tango Down,blacklight-tango-down,7/14/2010,T,65,Tactical FPS
1300021196,Disciples III: Renaissance,disciples-iii-renaissance,7/13/2010,T,56,Turn-Based Strategy
1300026090,The Silver Lining - Episode 1: What is Decreed Must Be,the-silver-lining-episode-1-what-is-decreed-mus,7/10/2010,,66,Adventure
1300071385,Monkey Island 2 Special Edition: LeChuck's Revenge,monkey-island-2-special-edition-lechucks-revenge,7/7/2010,E10+,87,Point-and-Click
1300020927,Dragon Age: Origins - Leliana's Song,dragon-age-origins-lelianas-song,7/6/2010,,66,Western RPG
1300081564,Turba,turba,7/6/2010,,76,Matching Puzzle
1300076559,Puzzle Agent,puzzle-agent,6/30/2010,,70,Puzzle
1300054104,ArmA II: Operation Arrowhead,arma-ii-operation-arrowhead,6/29/2010,M,73,FPS
1300042019,Singularity (2010),singularity-2010,6/29/2010,M,76,FPS
1300023607,APB,apb,6/29/2010,M,58,MMORPG
1300080360,Reign: Conflict of Nations,reign-conflict-of-nations,6/28/2010,,60,Strategy
1300044072,LEGO Harry Potter: Years 1-4,lego-harry-potter-years-1-4,6/25/2010,E10+,79,Linear Action Adventure
1300071294,Sniper: Ghost Warrior,sniper-ghost-warrior,6/24/2010,M,55,Tactical FPS
1300062593,Transformers: War for Cybertron,transformers-war-for-cybertron,6/22/2010,T,75,Third Person Shooter
1300071657,Sam & Max: The Devil's Playhouse - Episode 3: They Stole Max's Brain!,sam-and-max-the-devils-playhouse-episode-3,6/22/2010,E10+,75,Third-Person Adventure
1300079038,Puzzle Dimension,puzzle-dimension,6/21/2010,E,79,Puzzle
1300065962,Pro Cycling Manager Season 2010: Le Tour de France,pro-cycling-manager-season-2010-le-tour-de-france,6/16/2010,,72,Biking
1300034519,Mass Effect 2: Overlord,mass-effect-2-overlord,6/15/2010,T,86,Western RPG
1300042043,Magic: The Gathering - Duels of the Planeswalkers,magic-the-gathering-duels-of-the-planeswalkers-2009-2,6/15/2010,T,69,Card Battle
1300043108,Making History II: The War of the World,making-history-ii-the-war-of-the-world,6/15/2010,E10+,38,Turn-Based Strategy
1300034624,Disney/Pixar Toy Story 3,toy-story-3,6/15/2010,E10+,73,3D Platformer
1300061844,Prince of Persia: The Forgotten Sands,prince-of-persia-the-forgotten-sands,6/8/2010,T,75,Linear Action Adventure
1300070397,Jolly Rover,jolly-rover,6/7/2010,E10+,71,Point-and-Click
1300074427,Hearts of Iron III: Semper Fi,hearts-of-iron-iii-semper-fi,6/7/2010,E,65,Real-Time Strategy
1300044526,Alien Breed: Evolution,alien-breed-evolution,6/3/2010,T,64,Survival
1300029223,The Sims 3: Ambitions,the-sims-3-ambitions,6/1/2010,T,74,Virtual Life
1300034847,Alpha Protocol,alpha-protocol,6/1/2010,M,73,Western RPG
1300043707,Blur,blur,5/25/2010,E10+,81,Auto Racing
1300093702,Revenge of the Titans,revenge-of-the-titans,5/24/2010,,79,Real-Time Strategy
1300071656,Sam & Max: The Devil's Playhouse - Episode 2: The Tomb of Sammun-Mak,sam-and-max-the-devils-playhouse-episode-2,5/18/2010,T,83,Third-Person Adventure
1300042770,Split/Second,split-second,5/18/2010,E10+,79,Auto Racing
1300020926,Dragon Age: Origins - Darkspawn Chronicles,dragon-age-origins-darkspawn-chronicles,5/18/2010,M,66,Western RPG
1300071464,DreamWorks Shrek Forever After,shrek-forever-after,5/18/2010,E10+,56,Action Adventure
1300071033,Tropico 3: Absolute Power,tropico-3-absolute-power,5/17/2010,T,79,Management
1300054287,Heroes of Newerth,heroes-of-newerth,5/12/2010,,76,MOBA
1300059178,Rocket Knight,rocket-knight,5/11/2010,E10+,63,2D Platformer
1300024147,Age of Conan: Rise of the Godslayer,age-of-conan-rise-of-the-godslayer,5/11/2010,M,83,MMORPG
1300061845,Serious Sam HD: The Second Encounter,serious-sam-hd-the-second-encounter,4/28/2010,M,76,FPS
1300030894,Tom Clancy's Splinter Cell: Conviction,tom-clancys-splinter-cell-conviction,4/27/2010,M,83,Action Adventure
1300033841,The Whispered World,the-whispered-world,4/26/2010,E,70,Point-and-Click
1300044081,Left 4 Dead 2: The Passing,left-4-dead-2-the-passing,4/22/2010,M,75,Tactical FPS
1300043166,Dark Fall 3: Lost Souls,dark-fall-3-lost-souls,4/21/2010,,75,First-Person Adventure
1300039038,The Misadventures of P.B. Winterbottom,the-misadventures-of-p-b-winterbottom,4/20/2010,E,79,Puzzle
1300054139,M.U.D. TV,m-u-d-tv,4/19/2010,T,53,Tycoon
1300018527,Rig'n'Roll,rignroll,4/16/2010,T,61,Auto Racing Sim
1300059921,Beat Hazard,beat-hazard,4/15/2010,E,70,Top-Down Shoot-'Em-Up
1300071392,Sam & Max: The Devil's Playhouse - Episode 1: The Penal Zone,sam-and-max-the-devils-playhouse-episode-1,4/15/2010,E10+,81,Third-Person Adventure
1300032761,The Scourge Project: Episodes 1 and 2,the-scourge-project-episodes-1-and-2,4/9/2010,,44,FPS
1300053821,Lead and Gold: Gangs of the Wild West,lead-and-gold-gangs-of-the-wild-west,4/8/2010,M,70,Third Person Shooter
1300034517,Mass Effect 2: Kasumi - Stolen Memory,mass-effect-2-kasumi-stolen-memory,4/6/2010,M,71,Western RPG
1300043975,Tiger Woods PGA Tour Online,tiger-woods-pga-tour-online,4/6/2010,,71,Golf Sim
1300069710,Plain Sight,plain-sight,4/5/2010,,76,3D Beat-'Em-Up
1300060459,Din's Curse,dins-curse,3/31/2010,T,76,Action RPG
1300039356,Prison Break: The Conspiracy,prison-break-the-conspiracy,3/30/2010,T,47,Adventure
1300067129,Majesty 2: Kingmaker,majesty-2-kingmaker,3/26/2010,T,60,Strategy
1300067037,Distant Worlds,distant-worlds,3/25/2010,,78,Real-Time Strategy
1300033637,Just Cause 2,just-cause-2,3/23/2010,M,84,Open-World Action
1300056673,The Settlers 7: Paths to a Kingdom,the-settlers-7-paths-to-a-kingdom,3/23/2010,E10+,79,Management
1300044420,Command & Conquer 4: Tiberian Twilight,command-and-conquer-4-tiberian-twilight,3/16/2010,T,64,Real-Time Strategy
1300020925,Dragon Age: Origins - Awakening,dragon-age-origins-awakening,3/16/2010,M,82,Western RPG
1300028258,Metro 2033,metro-2033,3/16/2010,M,81,FPS
1300056689,Sol Survivor,sol-survivor,3/15/2010,,75,Real-Time Strategy
1300043891,Shatter (2009),shatter-2009,3/15/2010,E,84,Arcade
1300069070,Order of War: Challenge,order-of-war-challenge,3/11/2010,,70,Real-Time Strategy
1300059515,I'm not Alone,im-not-alone,3/10/2010,,44,Survival
1300056667,"Warhammer 40,000: Dawn of War II - Chaos Rising",warhammer-40-000-dawn-of-war-ii-chaos-rising,3/10/2010,M,84,Real-Time Strategy
1300067107,Rise of Prussia,rise-of-prussia,3/9/2010,,54,Turn-Based Strategy
1300042162,Assassin's Creed II,assassins-creed-ii,3/9/2010,M,86,Open-World Action
1300044033,Sonic & Sega All-Stars Racing,sonic-and-sega-all-stars-racing,3/3/2010,E,65,Auto Racing
1300054115,Silent Hunter 5: Battle of the Atlantic,silent-hunter-5-battle-of-the-atlantic,3/2/2010,T,62,Marine Combat Sim
1300044828,Alice in Wonderland (2010),alice-in-wonderland-2010,3/2/2010,E10+,63,Action Adventure
1300042519,Battlefield: Bad Company 2,battlefield-bad-company-2,3/2/2010,M,87,FPS
1300041047,Supreme Commander 2,supreme-commander-2,3/1/2010,E10+,77,Command RTS
1300067197,Dawn of Discovery: Venice,dawn-of-discovery-venice,2/26/2010,T,78,Simulation
1300070558,Flotilla (2010),flotilla-2010,2/26/2010,,72,Turn-Based Strategy
1300033171,Borderlands: The Secret Armory of General Knoxx,borderlands-the-secret-armory-of-general-knoxx,2/25/2010,M,86,FPS
1300054140,Napoleon: Total War,napoleon-total-war,2/23/2010,T,81,Real-Time Strategy
1300059467,Art of Murder: Cards of Destiny,art-of-murder-cards-of-destiny,2/23/2010,T,57,Point-and-Click
1300042625,Aliens vs. Predator,aliens-vs-predator,2/16/2010,M,68,FPS
1300068749,Galcon Fusion,galcon-fusion,2/11/2010,,68,Strategy
1300054279,Sins of a Solar Empire: Diplomacy,sins-of-a-solar-empire-diplomacy,2/9/2010,T,79,Real-Time Strategy
1300034835,BioShock 2,bioshock-2,2/9/2010,M,88,FPS
1300066021,Max & the Magic Marker,max-and-the-magic-marker,2/8/2010,E,71,2D Platformer
1300043715,S.T.A.L.K.E.R.: Call of Pripyat,s-t-a-l-k-e-r-call-of-pripyat,2/2/2010,M,80,FPS
1300022353,Star Trek Online,star-trek-online,2/2/2010,T,66,MMORPG
1300030863,Global Agenda,global-agenda,2/1/2010,T,70,MMORPG
1300037588,Hotel Giant 2,hotel-giant-2,1/27/2010,E,58,Tycoon
1300034514,Mass Effect 2,mass-effect-2,1/26/2010,M,94,Western RPG
1300067809,Bob Came in Pieces,bob-came-in-pieces,1/22/2010,,73,Action Puzzle
1300061471,Mole Control,mole-control,1/20/2010,E,66,Logic Puzzle
1300033764,Dark Void,dark-void,1/19/2010,T,57,Third Person Shooter
1300043037,Vancouver 2010 - The Official Video Game of the Olympic Winter Games,vancouver-2010-the-official-video-game-of-the,1/15/2010,E,57,Athletics
1300020924,Dragon Age: Origins - Return to Ostagar,dragon-age-origins-return-to-ostagar,1/13/2010,M,69,Western RPG
1300033170,Borderlands: Mad Moxxi's Underdome Riot,borderlands-mad-moxxis-underdome-riot,1/7/2010,M,58,FPS
1300039300,Divinity II: Ego Draconis,divinity-ii-ego-draconis,1/5/2010,M,72,Action RPG
1300042993,Gobliiins 4,gobliiins-4,12/31/2009,,54,Adventure
1300065972,Wings of Prey,wings-of-prey,12/25/2009,T,78,Aircraft Combat Sim
1300054151,Europa Universalis III: Heir to the Throne,europa-universalis-iii-heir-to-the-throne,12/15/2009,E10+,86,Real-Time Strategy
1300053643,The Void (Ice-Pick Lodge),the-void-ice-pick-lodge,12/15/2009,,77,Survival
1300044522,Tales of Monkey Island Chapter 5: Rise of the Pirate God,tales-of-monkey-island-chapter-5-rise-of-the-pira,12/8/2009,E10+,81,Point-and-Click
1300030675,The Saboteur,the-saboteur,12/8/2009,M,76,Open-World Action
1300041108,DiRT 2,dirt-2,12/8/2009,T,89,Auto Racing Sim
1300033169,Borderlands: The Zombie Island of Dr. Ned,borderlands-the-zombie-island-of-dr-ned,12/8/2009,M,84,FPS
1300053641,Twin Sector,twin-sector,12/5/2009,E10+,49,Linear Action Adventure
1300057654,Zombie Driver,zombie-driver,12/4/2009,M,60,Future Racing
1300042161,James Cameron's Avatar: The Game,james-camerons-avatar-the-game,12/1/2009,T,59,Linear Action Adventure
1300055165,The Lord of the Rings Online: Siege of Mirkwood,the-lord-of-the-rings-online-siege-of-mirkwood,12/1/2009,T,83,MMORPG
1300028869,Rogue Warrior,rogue-warrior,12/1/2009,M,29,FPS
1300060799,Mystery Case Files: Dire Grove,mystery-case-files-dire-grove,11/25/2009,E10+,82,Hidden Object
1300041133,King Arthur: The Role-Playing Wargame,king-arthur-the-role-playing-wargame,11/24/2009,T,79,Real-Time Strategy
1300044434,Serious Sam HD: The First Encounter,serious-sam-hd-the-first-encounter,11/24/2009,M,68,FPS
1300043315,King's Bounty: Armored Princess,kings-bounty-armored-princess,11/19/2009,T,82,Turn-Based Strategy
1300057090,Gyromancer,gyromancer,11/18/2009,T,71,Matching Puzzle
1300059721,Armada 2526,armada-2526,11/17/2009,E10+,66,4X Strategy
1300044041,Lego Indiana Jones 2: The Adventure Continues,lego-indiana-jones-2-the-adventure-continues,11/17/2009,E10+,66,Action Adventure
1300061283,Gratuitous Space Battles,gratuitous-space-battles,11/16/2009,,72,Strategy
1300029224,The Sims 3: World Adventures,the-sims-3-world-adventures,11/16/2009,T,81,Virtual Life
1300031258,WorldShift,worldshift,11/16/2009,T,63,Real-Time Strategy
1300044080,Left 4 Dead 2,left-4-dead-2,11/16/2009,M,89,Tactical FPS
1300043405,Star Trek: D-A-C,star-trek-d-a-c,11/12/2009,E,50,Space Combat Sim
1300039118,Call of Duty: Modern Warfare 2,call-of-duty-modern-warfare-2,11/10/2009,M,86,FPS
1300060312,Guns of Icarus,guns-of-icarus,11/4/2009,,47,Action
1300039428,Shattered Horizon,shattered-horizon,11/4/2009,T,72,Tactical FPS
1300044853,Star Wars: The Force Unleashed - Ultimate Sith Edition,star-wars-the-force-unleashed-ultimate-sith-edi,11/3/2009,T,65,Compilation
1300055518,Chronicles of Mystery: The Tree of Life,chronicles-of-mystery-the-tree-of-life,11/3/2009,T,64,Puzzle
1300020921,Dragon Age: Origins,dragon-age-origins,11/3/2009,M,91,Western RPG
1300054073,Football Manager 2010,football-manager-2010,11/3/2009,E,87,Soccer Management
1300044494,Men of War: Red Tide,men-of-war-red-tide,11/1/2009,T,77,Real-Time Tactics
1300034365,Saw,saw,10/31/2009,M,55,Survival
1300039595,Ninja Blade,ninja-blade,10/31/2009,M,61,Linear Action Adventure
1300044517,FIFA Manager 10,fifa-manager-10,10/30/2009,E,75,Soccer Management
1300044521,Tales of Monkey Island Chapter 4: The Trial and Execution of Guybrush Threepwood,tales-of-monkey-island-chapter-4-the-trial-and-ex,10/30/2009,E10+,80,Point-and-Click
1300033268,Secret Files 2: Puritas Cordis,secret-files-2-puritas-cordis,10/29/2009,T,64,Adventure
1300054152,East India Company: Privateer,east-india-company-privateer,10/27/2009,,63,Action Adventure
1300044011,Painkiller: Resurrection,painkiller-resurrection,10/27/2009,M,38,FPS
1300040794,League of Legends,league-of-legends,10/27/2009,T,78,MOBA
1300043859,Torchlight,torchlight,10/27/2009,T,83,Action RPG
1300033168,Borderlands,borderlands,10/26/2009,M,81,FPS
1300044036,FIFA Soccer 10,fifa-soccer-10,10/26/2009,E,72,Soccer Sim
1300043324,Pro Evolution Soccer 2010,pro-evolution-soccer-2010,10/23/2009,E,78,Soccer Sim
1300076123,Out of the Park Baseball 11,out-of-the-park-baseball-11,10/22/2009,E10+,85,Baseball Sim
1300039340,Elven Legacy: Ranger,elven-legacy-ranger,10/20/2009,T,68,Turn-Based Strategy
1300041083,Tropico 3,tropico-3,10/20/2009,T,79,Management
1300055494,Machinarium,machinarium,10/16/2009,E10+,85,Point-and-Click
1300040562,Dragon Saga,dragon-saga,10/15/2009,E10+,65,MMORPG
1300044722,Nancy Drew: Warnings at Waverly Academy,nancy-drew-warnings-at-waverly-academy,10/13/2009,E,76,First-Person Adventure
1300043994,NBA 2K10,nba-2k10,10/12/2009,E,85,Basketball Sim
1300044456,Dreamkiller,dreamkiller,10/12/2009,M,47,FPS
1300035157,Cities XL,cities-xl,10/8/2009,E,69,Management
1300055496,Lucidity,lucidity,10/7/2009,,59,Action Puzzle
1300043826,Star Wars The Clone Wars: Republic Heroes,star-wars-the-clone-wars-republic-heroes,10/6/2009,T,46,Action Adventure
1300018305,Operation Flashpoint: Dragon Rising,operation-flashpoint-dragon-rising,10/6/2009,M,76,Tactical FPS
1300054276,RACE On,race-on,10/5/2009,E,73,Auto Racing
1300055913,Adam's Venture: The Search for the Lost Garden,adams-venture-the-search-for-the-lost-garden,10/2/2009,,52,Action
1300039251,Risen,risen,10/2/2009,M,77,Action RPG
1300044520,Tales of Monkey Island Chapter 3: Lair of the Leviathan,tales-of-monkey-island-chapter-3-lair-of-the-levi,9/29/2009,E10+,82,Point-and-Click
1300029749,Left 4 Dead: Crash Course,left-4-dead-crash-course,9/29/2009,M,78,FPS
1300030074,Dungeon Fighter Online,dungeon-fighter-online,9/22/2009,,78,MMORPG
1300043459,Order of War,order-of-war,9/22/2009,T,69,Real-Time Tactics
1300027486,Fallen Earth: Welcome to the Apocalypse,fallen-earth-welcome-to-the-apocalypse,9/22/2009,M,71,MMORPG
1300026751,Aion,aion,9/22/2009,T,76,MMORPG
1300044025,Madballs in Babo: Invasion,madballs-in-babo-invasion,9/17/2009,,79,Action
1300035162,Majesty 2: The Fantasy Kingdom Sim,majesty-2-the-fantasy-kingdom-sim,9/17/2009,T,72,Strategy
1300039337,Batman: Arkham Asylum,batman-arkham-asylum,9/15/2009,T,91,Action Adventure
1300045429,Runes of Magic Chapter II: The Elven Prophecy,runes-of-magic-chapter-ii-the-elven-prophecy,9/15/2009,,80,MMORPG
1300042449,Need for Speed: Shift,need-for-speed-shift,9/15/2009,E,83,Auto Racing Sim
1300034419,Red Faction: Guerrilla,red-faction-guerrilla,9/15/2009,M,82,Third Person Shooter
1300055830,Zuma's Revenge!,zumas-revenge,9/15/2009,E,78,Action Puzzle
1300034134,Heroes Over Europe,heroes-over-europe,9/8/2009,T,65,Aircraft Combat Sim
1300041888,Mini Ninjas,mini-ninjas,9/8/2009,E10+,74,Action Adventure
1300032260,Darkest of Days,darkest-of-days,9/7/2009,M,51,FPS
1300042456,AaaaaAAaaaAAAaaAAAAaAAAAA!!!: A Reckless Disregard for Gravity,aaaaaaaaaaaaaaaaaaaaaaaaa-a-reckless-disregard-for,9/3/2009,,81,3D Platformer
1300034533,Champions Online,champions-online,9/1/2009,T,72,MMORPG
1300044821,Nancy Drew Dossier: Resorting to Danger,nancy-drew-dossier-resorting-to-danger,8/25/2009,E10+,77,Hidden Object
1300041703,CrimeCraft,crimecraft,8/25/2009,M,57,Third Person Shooter
1300036662,Raven Squad: Operation Hidden Dagger,raven-squad-operation-hidden-dagger,8/25/2009,T,39,Command RTS
1300024478,Section 8,section-8,8/25/2009,T,72,FPS
1300044519,Tales of Monkey Island Chapter 2: The Siege of Spinner Cay,tales-of-monkey-island-chapter-2-the-siege-of-spi,8/20/2009,E10+,77,Point-and-Click
1300043797,Cricket (2009),ashes-cricket-2009,8/19/2009,,66,Cricket
1300045414,Osmos,osmos,8/18/2009,E,80,Puzzle
1300025743,Wolfenstein,wolfenstein,8/18/2009,M,74,FPS
1300154290,Yatagarasu,yatagarasu,8/15/2009,,73,2D Fighting
1300040626,Still Life 2,still-life-2,8/11/2009,M,67,Adventure
1300044495,Death to Spies: Moment of Truth,death-to-spies-moment-of-truth,8/7/2009,M,73,Action Adventure
1300039418,Hearts of Iron III,hearts-of-iron-iii,8/7/2009,E10+,77,Real-Time Strategy
1300019842,Fallout 3: Mothership Zeta,fallout-3-mothership-zeta,8/3/2009,M,68,Western RPG
1300045418,Bookworm Adventures: Volume 2,bookworm-adventures-volume-2,7/30/2009,E10+,79,Logic Puzzle
1300043179,"Wallace & Gromit's Grand Adventures, Episode 4: The Bogey Man",wallace-and-gromits-grand-adventures-episode-4,7/30/2009,E,72,Point-and-Click
1300043973,Watchmen: The End Is Nigh Part 2,watchmen-the-end-is-nigh-part-2,7/29/2009,M,44,2D Beat-'Em-Up
1300031464,Memento Mori (2008),memento-mori-2008,7/29/2009,M,66,First-Person Adventure
1300314986,Bionic Commando (2009),bionic-commando-2009,7/28/2009,M,69,Metroidvania
1300027800,East India Company,east-india-company,7/28/2009,T,67,Action Adventure
1300043180,Disney G-Force,disney-g-force,7/21/2009,E10+,61,3D Platformer
1300043997,The Secret of Monkey Island: Special Edition,the-secret-of-monkey-island-special-edition,7/15/2009,E10+,86,Point-and-Click
1300040875,Nancy Drew: The Ransom of the Seven Ships,nancy-drew-the-ransom-of-the-seven-ships,7/14/2009,E,78,First-Person Adventure
1300020302,Officers,officers,7/14/2009,E10+,64,Real-Time Strategy
1300042710,Pro Cycling Manager Season 2009: Le Tour de France,pro-cycling-manager-season-2009-le-tour-de-france,7/10/2009,E,69,Biking
1300039394,Arma II,arma-ii,7/7/2009,M,77,Tactical FPS
1300043998,Tales of Monkey Island Chapter 1: Launch of the Screaming Narwhal,tales-of-monkey-island-chapter-1-launch-of-the-sc,7/7/2009,E10+,79,Point-and-Click
1300053739,"Time Gentlemen, Please!",time-gentlemen-please,7/2/2009,,84,Point-and-Click
1300043321,Trine,trine,7/2/2009,E10+,80,2D Platformer
1300033759,Street Fighter IV,street-fighter-iv,7/1/2009,T,91,2D Fighting
1300035176,Harry Potter and the Half-Blood Prince,harry-potter-and-the-half-blood-prince,6/30/2009,E10+,64,Action Adventure
1300041673,Call of Juarez: Bound in Blood,call-of-juarez-bound-in-blood,6/30/2009,M,78,FPS
1300033275,Mata Hari: Betrayal is only a Kiss Away,mata-hari-betrayal-is-only-a-kiss-away,6/30/2009,T,63,Point-and-Click
1300042570,Ice Age: Dawn Of The Dinosaurs,ice-age-dawn-of-the-dinosaurs,6/30/2009,E10+,67,3D Platformer
1300044026,Rise of Flight: The First Great Air War,rise-of-flight-the-first-great-air-war,6/29/2009,E10+,77,Aircraft Combat Sim
1300043881,Superstars V8 Racing,superstars-v8-racing,6/26/2009,E,62,Auto Racing Sim
1300043404,Droplitz,droplitz,6/26/2009,E,78,Puzzle
1300034286,Battlefield Heroes,battlefield-heroes,6/25/2009,T,69,Tactical Third Person Shooter
1300033276,Blood Bowl,blood-bowl,6/25/2009,T,72,Football
1300039350,Overlord II,overlord-ii,6/23/2009,T,79,Action Adventure
1300039389,Fuel (2009),fuel-2009,6/23/2009,E,67,Racing
1300042547,Transformers: Revenge of the Fallen The Mobile Game,transformers-revenge-of-the-fallen-the-mobile-game,6/23/2009,T,58,Third Person Shooter
1300019841,Fallout 3: Point Lookout,fallout-3-point-lookout,6/23/2009,M,79,Western RPG
1300041076,America's Army 3,americas-army-3,6/17/2009,T,70,Tactical FPS
1300039409,Dawn of Discovery,dawn-of-discovery,6/17/2009,T,82,Tycoon
1300033925,Ghostbusters: The Video Game,ghostbusters-the-video-game,6/16/2009,T,74,Linear Action Adventure
1300043178,"Wallace & Gromit's Grand Adventures, Episode 3: Muzzled!",wallace-and-gromits-grand-adventures-episode-3,6/15/2009,,75,Point-and-Click
1300044356,Blueberry Garden,blueberry-garden,6/10/2009,E,68,2D Platformer
1300032815,Prototype (2009),prototype-2009,6/10/2009,M,79,Open-World Action
1300042545,Virtua Tennis 2009,virtua-tennis-2009,6/9/2009,E,68,Tennis
1300044369,Light of Altair,light-of-altair,6/4/2009,,66,Simulation
1300044607,Out of the Park Baseball 10,out-of-the-park-baseball-10,6/2/2009,,83,Baseball Sim
1300104575,Armageddon Riders,armageddon-riders,6/2/2009,,51,Auto Racing
1300029222,The Sims 3,the-sims-3,6/2/2009,T,86,Virtual Life
1300043976,Delta Force: Xtreme 2,delta-force-xtreme-2,5/27/2009,T,40,Tactical FPS
1300041124,Sherlock Holmes vs. Jack the Ripper,sherlock-holmes-vs-jack-the-ripper,5/26/2009,T,73,Adventure
1300042969,Restaurant Empire II,restaurant-empire-ii,5/26/2009,E,64,Tycoon
1300042171,Age of Pirates 2: City of Abandoned Ships,age-of-pirates-2-city-of-abandoned-ships,5/26/2009,M,61,Action RPG
1300034706,Damnation,damnation,5/22/2009,M,41,Third Person Shooter
1300033935,Terminator Salvation (2009),terminator-salvation-2009,5/19/2009,T,49,Third Person Shooter
1300032388,NecroVisioN,necrovision,5/18/2009,M,63,FPS
1300043960,Tunnel Rats: 1968,tunnel-rats-1968,5/15/2009,,30,FPS
1300044376,Downfall (2009),downfall-2009,5/15/2009,,75,Point-and-Click
1300059850,AI War: Fleet Command,ai-war-fleet-command,5/14/2009,,80,Real-Time Strategy
1300043711,Killing Floor,killing-floor,5/14/2009,M,72,FPS
1300033638,Battlestations: Pacific,battlestations-pacific,5/12/2009,T,74,Real-Time Strategy
1300043177,"Wallace & Gromit's Grand Adventures, Episode 2: The Last Resort",wallace-and-gromits-grand-adventures-episode-2,5/5/2009,E,72,Point-and-Click
1300019840,Fallout 3: Broken Steel,fallout-3-broken-steel,5/5/2009,M,81,Western RPG
1300043307,Plants vs. Zombies,plants-vs-zombies,5/5/2009,E10+,87,Defense
1300040533,X-MEN ORIGINS: WOLVERINE,x-men-origins-wolverine,5/1/2009,M,77,3D Beat-'Em-Up
1300025312,Velvet Assassin,velvet-assassin,4/30/2009,M,61,Tactical Third Person Shooter
1300043012,Stalin vs. Martians,stalin-vs-martians,4/29/2009,,25,Real-Time Strategy
1300031287,Free Realms,free-realms,4/29/2009,E10+,79,MMORPG
1300021560,Neverwinter Nights 2: Mysteries of Westgate,neverwinter-nights-2-mysteries-of-westgate,4/29/2009,T,73,Western RPG
1300042714,MLB Dugout Heroes,mlb-dugout-heroes,4/28/2009,,74,Baseball Sim
1300039257,Theatre of War 2: Africa 1943,theatre-of-war-2-africa-1943,4/24/2009,,63,Real-Time Tactics
1300026928,Cryostasis: The Sleep of Reason,cryostasis-the-sleep-of-reason,4/24/2009,T,69,FPS
1300025219,The Chronicles of Spellborn,the-chronicles-of-spellborn,4/23/2009,,77,MMORPG
1300033345,Zeno Clash,zeno-clash,4/21/2009,T,77,3D Beat-'Em-Up
1300034182,Demigod,demigod,4/14/2009,T,76,MOBA
1300043446,Cogs,cogs,4/14/2009,E,73,Puzzle
1300030740,DCS: Black Shark,dcs-black-shark,4/13/2009,T,82,Aircraft Sim
1300033484,Braid,braid,4/10/2009,E10+,90,2D Platformer
1300031462,Helldorado,helldorado,4/9/2009,T,65,Strategy
1300038450,FLOCK!,flock,4/7/2009,E,65,Action Puzzle
1300039339,Elven Legacy,elven-legacy,4/7/2009,T,71,Turn-Based Strategy
1300031058,The Chronicles of Riddick: Assault on Dark Athena,the-chronicles-of-riddick-assault-on-dark-athena,4/7/2009,M,80,FPS
1300037245,The Godfather II,the-godfather-ii,4/7/2009,M,63,Open-World Action
1300039705,Company of Heroes: Tales of Valor,company-of-heroes-tales-of-valor,4/7/2009,M,70,Real-Time Strategy
1300030087,And Yet It Moves,and-yet-it-moves,4/2/2009,E,75,2D Platformer
1300031642,Death Track: Resurrection,death-track-resurrection,3/31/2009,T,53,Auto Racing
1300034262,Leisure Suit Larry: Box Office Bust,leisure-suit-larry-box-office-bust,3/31/2009,M,20,Open-World Action
1300019839,Fallout 3: The Pitt,fallout-3-the-pitt,3/24/2009,M,78,Western RPG
1300024533,Dark Sector,dark-sector,3/24/2009,M,66,Third Person Shooter
1300026553,Wheelman,wheelman,3/24/2009,T,58,Auto Racing
1300030962,The Last Remnant,the-last-remnant,3/24/2009,M,66,JRPG
1300038451,Stormrise,stormrise,3/24/2009,M,42,Real-Time Strategy
1300041126,DreamWorks Monsters vs. Aliens,dreamworks-monsters-vs-aliens,3/23/2009,E10+,63,Action Adventure
1300035250,BattleForge,battleforge,3/23/2009,T,75,Real-Time Strategy
1300039011,"Wallace & Gromit's Grand Adventures, Episode 1: Fright of the Bumblebees",wallace-and-gromits-grand-adventures-episode-1,3/23/2009,,76,Point-and-Click
1300038647,Wanted: Weapons of Fate,wanted-weapons-of-fate,3/23/2009,M,62,Third Person Shooter
1300043172,MEVO & The Grooveriders,mevo-and-the-grooveriders,3/20/2009,,72,Rhythm
1300035795,Runes of Magic,runes-of-magic,3/19/2009,T,71,MMORPG
1300031274,The Path,the-path,3/18/2009,,79,Third-Person Adventure
1300039363,Grand Ages: Rome,grand-ages-rome,3/17/2009,T,72,Real-Time Strategy
1300042762,Drug Wars (2009),drug-wars-2009,3/17/2009,,35,FPS
1300033574,Tom Clancy's HAWX,tom-clancys-hawx,3/17/2009,T,70,Aircraft Combat Sim
1300034374,Men of War,men-of-war,3/16/2009,M,80,Real-Time Tactics
1300041574,Command & Conquer: Red Alert 3 - Uprising,command-and-conquer-red-alert-3-uprising,3/12/2009,T,64,Real-Time Strategy
1300042049,World in Conflict: Soviet Assault,world-in-conflict-soviet-assault,3/10/2009,T,72,Real-Time Strategy
1300041053,EVE Online: Special Edition,eve-online-special-edition,3/10/2009,T,88,Compilation
1300030488,Codename Panzers: Cold War,codename-panzers-cold-war,3/10/2009,T,67,Real-Time Strategy
1300037713,The Maw,the-maw,3/9/2009,E10+,75,3D Platformer
1300038935,Watchmen: The End Is Nigh,watchmen-the-end-is-nigh,3/4/2009,M,61,2D Beat-'Em-Up
1300041116,Grey's Anatomy: The Video Game,greys-anatomy-the-video-game,3/4/2009,T,36,Point-and-Click
1300033256,Empire: Total War,empire-total-war,3/3/2009,T,90,Real-Time Strategy
1300035649,Ceville,ceville,2/27/2009,E,73,Point-and-Click
1300028871,Sins of a Solar Empire: Entrenchment,sins-of-a-solar-empire-entrenchment,2/25/2009,T,80,Real-Time Strategy
1300030823,Tom Clancy's EndWar,tom-clancys-endwar,2/24/2009,T,68,Real-Time Tactics
1300033033,Puzzle Quest: Galactrix,puzzle-quest-galactrix,2/24/2009,E10+,72,Matching Puzzle
1300028382,Drakensang: The Dark Eye,drakensang-the-dark-eye,2/23/2009,T,75,Western RPG
1300043019,Emerald City Confidential,emerald-city-confidential,2/19/2009,T,71,Point-and-Click
1300035064,"Warhammer 40,000: Dawn of War II",warhammer-40-000-dawn-of-war-ii,2/18/2009,M,85,Real-Time Strategy
1300042579,Art of Murder: Hunt for the Puppeteer,art-of-murder-hunt-for-the-puppeteer,2/17/2009,T,56,Third-Person Adventure
1300034643,ShellShock 2: Blood Trails,shellshock-2-blood-trails,2/13/2009,M,40,FPS
1300038474,Perimeter II: New Earth,perimeter-ii-new-earth,2/10/2009,E10+,43,Real-Time Strategy
1300026549,F.E.A.R. 2: Project Origin,f-e-a-r-2-project-origin,2/10/2009,M,79,FPS
1300034659,X-Blades,x-blades,2/9/2009,M,54,3D Beat-'Em-Up
1300027448,Burnout Paradise,burnout-paradise,2/5/2009,E10+,87,Auto Racing
1300019838,Fallout 3 - Operation: Anchorage,fallout-3-operation-anchorage,1/27/2009,M,65,Western RPG
1300040847,MLB Front Office Manager,mlb-front-office-manager,1/26/2009,E,45,Baseball Sim
1300030804,Football Manager Live,football-manager-live,1/23/2009,,82,Soccer Management
1300034527,The Lord of the Rings: Conquest,the-lord-of-the-rings-conquest,1/13/2009,T,57,Action Adventure
1300027912,Cartoon Network Universe: FusionFall,cartoon-network-universe-fusionfall,1/13/2009,E10+,75,MMORPG
1300032519,Mirror's Edge,mirrors-edge,1/12/2009,T,81,Action Adventure
1300041572,Crayon Physics Deluxe,crayon-physics-deluxe,1/7/2009,E,79,Puzzle
1300030968,Saints Row 2,saints-row-2,1/5/2009,M,72,Open-World Action
1300042537,Closure (2009),closure-2009,1/1/2009,,78,2D Platformer
1300035400,FIFA Manager 09,fifa-manager-09,12/19/2008,E,69,Soccer Management
1300030791,Rise of the Argonauts,rise-of-the-argonauts,12/16/2008,M,59,Action RPG
1300041229,Strong Bad's Cool Game for Attractive People Episode 5: 8-Bit Is Enough,strong-bads-cool-game-for-attractive-people-2008-4,12/15/2008,E10+,82,Compilation
1300035188,Prince of Persia,prince-of-persia-2008,12/9/2008,T,82,Action Adventure
1300034611,Defense Grid: The Awakening,defense-grid-the-awakening,12/8/2008,E10+,81,Defense
1300042196,Buccaneer: The Pursuit of Infamy,buccaneer-the-pursuit-of-infamy,12/5/2008,E,68,Strategy
1300035588,Shaun White Snowboarding,shaun-white-snowboarding,12/2/2008,T,60,Skiing
1300027043,Grand Theft Auto IV,grand-theft-auto-iv,12/2/2008,M,90,Open-World Action
1300041084,Puzzlegeddon,puzzlegeddon,11/27/2008,,74,Action Puzzle
1300035132,Gothic 3: Forsaken Gods,gothic-3-forsaken-gods,11/20/2008,T,44,Western RPG
1300033642,Europa Universalis: Rome - Vae Victis,europa-universalis-rome-vae-victis,11/19/2008,E10+,79,Strategy
1300039721,CSI: NY,csi-ny,11/18/2008,T,53,First-Person Adventure
1300029439,Tomb Raider: Underworld,tomb-raider-underworld,11/18/2008,T,80,Action Adventure
1300032470,Legendary,legendary,11/18/2008,M,50,FPS
1300039709,Worldwide Soccer Manager 2009,worldwide-soccer-manager-2009,11/18/2008,E,83,Soccer Management
1300021558,Neverwinter Nights 2: Storm of Zehir,neverwinter-nights-2-storm-of-zehir,11/18/2008,T,73,Western RPG
1300029748,Left 4 Dead,left-4-dead,11/17/2008,M,89,FPS
1300037246,Need for Speed: Undercover,need-for-speed-undercover,11/17/2008,T,65,Auto Racing Sim
1300040955,Strong Bad's Cool Game for Attractive People Episode 4: Dangeresque 3: The Criminal Projective,strong-bads-cool-game-for-attractive-people-2008-3,11/17/2008,E10+,81,Compilation
1300023744,Spore Creepy & Cute Parts Pack,spore-creepy-and-cute-parts-pack,11/17/2008,E10+,53,Strategy
1300018428,The Lord of the Rings Online: Mines of Moria,the-lord-of-the-rings-online-mines-of-moria,11/17/2008,T,85,MMORPG
1300004549,EverQuest II: The Shadow Odyssey,everquest-ii-the-shadow-odyssey,11/17/2008,T,78,MMORPG
1300040627,Chronicles of Mystery: The Scorpio Ritual,chronicles-of-mystery-the-scorpio-ritual,11/14/2008,E10+,62,Point-and-Click
1300032946,World of Warcraft: Wrath of the Lich King,world-of-warcraft-wrath-of-the-lich-king,11/13/2008,T,91,MMORPG
1300037590,Pro Evolution Soccer 2009,pro-evolution-soccer-2009,11/12/2008,E,79,Soccer Sim
1300027157,Sacred 2: Fallen Angel,sacred-2-fallen-angel,11/11/2008,M,71,Action RPG
1300034044,Call of Duty: World at War,call-of-duty-world-at-war,11/10/2008,M,83,FPS
1300039585,Penny Arcade Adventures: Episode Two,penny-arcade-adventures-episode-two,11/7/2008,M,80,Adventure
1300032582,Silent Hill: Homecoming,silent-hill-homecoming,11/6/2008,M,64,Survival
1300041005,Iron Grip: Warlord,iron-grip-warlord,11/5/2008,,59,FPS
1300038280,DreamWorks Madagascar: Escape 2 Africa,madagascar-escape-2-africa-2008,11/4/2008,E10+,58,Action Adventure
1300035399,007: Quantum of Solace,quantum-of-solace,11/4/2008,T,70,FPS
1300041253,Eufloria,eufloria,11/4/2008,,63,Strategy
1300034530,Command & Conquer: Red Alert 3,command-and-conquer-red-alert-3,10/28/2008,T,82,Real-Time Strategy
1300035024,MotoGP 08,motogp-08,10/28/2008,E,65,Auto Racing Sim
1300035164,Spider-Man: Web of Shadows,spider-man-web-of-shadows,10/28/2008,T,52,Open-World Action
1300029256,MySims,mysims,10/28/2008,E,70,Virtual Life
1300019837,Fallout 3,fallout-3,10/28/2008,M,91,Western RPG
1300040717,Strong Bad's Cool Game for Attractive People Episode 3: Baddest of the Bands,strong-bads-cool-game-for-attractive-people-2008-2,10/27/2008,E10+,79,Compilation
1300040965,Bejeweled Twist,bejeweled-twist,10/27/2008,E,78,Matching Puzzle
1300039359,Space Trader - Merchant Marine,space-trader-merchant-marine,10/23/2008,T,53,FPS
1300032688,Bully: Scholarship Edition,bully-scholarship-edition,10/21/2008,T,72,Open-World Action
1300034644,Baseball Mogul 2009,baseball-mogul-2009,10/21/2008,E,65,Baseball Sim
1300032684,Far Cry 2,far-cry-2,10/21/2008,M,85,FPS
1300033517,Dead Space (2008),dead-space-2008,10/20/2008,M,86,Third Person Shooter
1300035590,NBA 2K9,nba-2k9,10/20/2008,E,80,Basketball Sim
1300034546,Guitar Hero: Aerosmith,guitar-hero-aerosmith,10/17/2008,T,69,Rhythm
1300037879,Sniper: Art of Victory,sniper-art-of-victory,10/16/2008,M,36,FPS
1300034386,X3: Terran Conflict,x3-terran-conflict,10/16/2008,T,73,Space Combat Sim
1300038704,Nancy Drew: The Haunting of Castle Malloy,nancy-drew-the-haunting-of-castle-malloy,10/16/2008,E,81,Point-and-Click
1300035950,FIFA Soccer 09,fifa-soccer-09,10/14/2008,E,77,Soccer Sim
1300035644,Dark Horizon,dark-horizon,10/7/2008,E10+,55,Space Combat Sim
1300034931,The Guild 2: Venice,the-guild-2-venice,10/7/2008,T,49,Real-Time Strategy
1300033288,Everlight of Magic & Power,everlight-of-magic-and-power,10/7/2008,T,63,Adventure
1300025606,Brothers in Arms: Hell's Highway,brothers-in-arms-hells-highway,10/7/2008,M,79,Tactical FPS
1300037711,Rhiannon: Curse of the Four Branches,rhiannon-curse-of-the-four-branches,10/5/2008,T,67,Point-and-Click
1300035508,The Hardy Boys: The Hidden Theft,the-hardy-boys-the-hidden-theft,9/30/2008,E10+,51,Point-and-Click
1300030815,Sword of the Stars: A Murder of Crows,sword-of-the-stars-a-murder-of-crows,9/30/2008,E10+,75,Strategy
1300038216,Galactic Civilizations II: Endless Universe,galactic-civilizations-ii-endless-universe,9/26/2008,,82,4X Strategy
1300030812,King's Bounty: The Legend,kings-bounty-the-legend,9/23/2008,T,79,Turn-Based Strategy
1300030580,LEGO Batman: The Videogame,lego-batman-the-videogame,9/23/2008,E10+,80,Action Adventure
1300033187,Ford Racing: Off Road,ford-racing-off-road,9/23/2008,E,39,Auto Racing Sim
1300029747,Line Rider 2: Unbound,line-rider-2-unbound,9/23/2008,E,73,Puzzle
1300035835,Sid Meier's Civilization IV: Colonization,sid-meiers-civilization-iv-colonization,9/22/2008,E10+,83,4X Strategy
1300035489,Nikopol: Secrets of the Immortals,nikopol-secrets-of-the-immortals,9/20/2008,T,68,Point-and-Click
1300030418,Multiwinia: Survival of the Flattest,multiwinia-survival-of-the-flattest,9/19/2008,,76,Real-Time Strategy
1300034535,Pure,pure,9/16/2008,E,80,Auto Racing
1300038499,The Witcher: Enhanced Edition,the-witcher-enhanced-edition,9/16/2008,M,86,Action RPG
1300035796,Crysis Warhead,crysis-warhead,9/16/2008,M,84,FPS
1300003778,Warhammer Online: Age of Reckoning,warhammer-online-age-of-reckoning,9/16/2008,T,86,MMORPG
1300030703,Peggle Nights (2008),peggle-nights-2008,9/16/2008,E,76,Action Puzzle
1300025246,Mount & Blade,mount-and-blade,9/16/2008,T,72,Western RPG
1300032587,S.T.A.L.K.E.R.: Clear Sky,s-t-a-l-k-e-r-clear-sky,9/15/2008,M,75,FPS
1300039328,Strong Bad's Cool Game for Attractive People Episode 2: Strong Badia the Free,strong-bads-cool-game-for-attractive-people-2008,9/15/2008,E10+,81,Compilation
1300026209,Romance of the Three Kingdoms XI,romance-of-the-three-kingdoms-xi,9/9/2008,E10+,70,Real-Time Strategy
1300023743,Spore,spore,9/7/2008,E10+,84,Strategy
1300026951,Mercenaries 2: World in Flames,mercenaries-2-world-in-flames,9/4/2008,T,70,Open-World Action
1300023709,Warhammer: Mark of Chaos - Battle March,warhammer-mark-of-chaos-battle-march,9/2/2008,M,65,Real-Time Strategy
1300035065,GTR Evolution,gtr-evolution,9/1/2008,E,83,Auto Racing Sim
1300040040,Outcry,outcry,8/28/2008,E10+,63,Point-and-Click
1300041399,Spore Galactic Adventures,spore-galactic-adventures,8/27/2008,E10+,70,Strategy
1300035155,Penumbra: Requiem,penumbra-requiem,8/27/2008,M,67,Survival
1300043540,iRacing,iracing,8/26/2008,,79,Auto Racing Sim
1300027835,FlatOut: Ultimate Carnage,flatout-ultimate-carnage,8/26/2008,T,79,Auto Racing
1300035803,The Sims 2 Apartment Life,the-sims-2-apartment-life,8/26/2008,T,75,Virtual Life
1300039476,Murder in the Abbey,murder-in-the-abbey,8/25/2008,E10+,64,Point-and-Click
1300032332,Dracula 3: The Path of the Dragon,dracula-3-path-of-the-dragon,8/21/2008,T,65,First-Person Adventure
1300029685,Sinking Island,sinking-island,8/21/2008,T,68,Third-Person Adventure
1300035801,Tank Universal: Challenger Eight,tank-universal-challenger-eight,8/21/2008,,67,FPS
1300031138,Shattered Suns,shattered-suns,8/19/2008,E10+,41,Real-Time Strategy
1300054385,Quantz,quantz,8/13/2008,,67,Action Puzzle
1300034284,Bionic Commando: Rearmed,bionic-commando-rearmed,8/13/2008,M,86,2D Platformer
1300032463,Space Siege,space-siege,8/12/2008,T,60,Action RPG
1300035119,Strong Bad's Cool Game for Attractive People Episode 1: Homestar Ruiner,strong-bads-cool-game-for-attractive-people,8/11/2008,T,73,Compilation
1300034227,Beijing 2008: The Official Video Game of the Olympic Games,beijing-2008-the-official-video-game-of-the,8/4/2008,E,52,Athletics
1300027934,Legend: Hand of God,legend-hand-of-god,8/1/2008,M,57,RPG
1300034317,City Life 2008 Edition,city-life-2008-edition,7/29/2008,T,66,Management
1300033701,Art of Murder: FBI Confidential,art-of-murder-fbi-confidential,7/29/2008,T,50,Third-Person Adventure
1300037182,Code of Honor 2: Conspiracy Island,code-of-honor-2-conspiracy-island,7/29/2008,M,32,FPS
1300035621,UberSoldier II,ubersoldier-ii,7/22/2008,M,62,FPS
1300038936,I-Fluid,i-fluid,7/22/2008,,69,Adventure
1300034585,The Golden Horde,the-golden-horde,7/15/2008,T,54,Real-Time Strategy
1300034923,Nancy Drew: The Phantom of Venice,nancy-drew-the-phantom-of-venice,7/11/2008,E,69,Point-and-Click
1300035608,Combat Arms,combat-arms,7/10/2008,T,71,FPS
1300024662,Devil May Cry 4,devil-may-cry-4,7/8/2008,M,78,Linear Action Adventure
1300030476,Code of Honor: The French Foreign Legion,code-of-honor-the-french-foreign-legion,7/4/2008,,38,FPS
1300035068,The Immortals of Terra: A Perry Rhodan Adventure,the-immortals-of-terra-a-perry-rhodan-adventure,7/3/2008,T,63,Third-Person Adventure
1300026753,Dungeon Runners,dungeon-runners,7/2/2008,T,74,MMORPG
1300028866,Supreme Ruler 2020,supreme-ruler-2020,7/1/2008,E10+,65,Turn-Based Strategy
1300035054,Pro Cycling Manager Season 2008: Le Tour de France,pro-cycling-manager-season-2008-le-tour-de-france,6/27/2008,E,48,Biking
1300026037,Samurai Warriors 2,samurai-warriors-2,6/27/2008,T,43,3D Beat-'Em-Up
1300473158,Roogoo,roogoo-2008,6/24/2008,E,72,Action Puzzle
1300035583,The Political Machine 2008,the-political-machine-2008,6/24/2008,E10+,73,Strategy
1300034175,Disney*Pixar WALL-E,disneypixar-wall-e,6/24/2008,E,58,3D Platformer
1300034626,SimCity Societies: Destinations,simcity-societies-destinations,6/23/2008,E10+,62,Management
1300025577,Alone in the Dark (2008),alone-in-the-dark-2008,6/23/2008,M,55,Survival
1300077460,Crazy Machines 2,crazy-machines-2,6/20/2008,E,72,Action Puzzle
1300037719,Spore Creature Creator,spore-creature-creator,6/17/2008,E,83,Strategy
1300030282,Insecticide: Episode 1,insecticide-episode-1,6/13/2008,E10+,65,Action Adventure
1300034554,The Incredible Hulk (2008),the-incredible-hulk-2008,6/10/2008,T,33,Open-World Action
1300034632,DreamWorks Kung Fu Panda,kung-fu-panda,6/3/2008,E10+,71,3D Platformer
1300030792,GRID (2008),grid-2008,6/3/2008,E,87,Auto Racing Sim
1300032822,Lego Indiana Jones: The Original Adventures,lego-indiana-jones-the-original-adventures,6/3/2008,E10+,78,Action Adventure
1300034384,Stronghold: Crusader Extreme,stronghold-crusader-extreme,6/2/2008,T,45,Compilation
1300038476,Out of the Park Baseball 9,out-of-the-park-baseball-9,6/1/2008,E,82,Baseball Sim
1300024120,A Vampyre Story,a-vampyre-story,5/31/2008,T,74,Point-and-Click
1300025740,Mass Effect,mass-effect,5/28/2008,M,89,Western RPG
1300034636,Lost Planet: Extreme Condition Colonies Edition,lost-planet-extreme-condition-colonies-edition,5/27/2008,T,70,Third Person Shooter
1300030641,Dracula: Origin,dracula-origin,5/23/2008,T,70,Point-and-Click
1300028368,Penny Arcade Adventures: Episode One,penny-arcade-adventures-episode-one,5/21/2008,M,77,Adventure
1300024146,Age of Conan: Unchained,age-of-conan-unchained,5/20/2008,M,80,MMORPG
1300042927,Dangerous High School Girls in Trouble,dangerous-high-school-girls-in-trouble,5/14/2008,,81,RPG
1300035491,Larva Mortus,larva-mortus,5/13/2008,,64,Action RPG
1300029291,Iron Man (2008),iron-man-2008,5/6/2008,T,32,Action Adventure
1300034806,Great War Nations: The Spartans,great-war-nations-the-spartans,5/5/2008,M,52,Real-Time Strategy
1300022986,Galactic Civilizations II: Twilight of the Arnor,galactic-civilizations-ii-twilight-of-the-arnor,4/30/2008,,92,4X Strategy
1300025686,Turok,turok,4/22/2008,M,65,FPS
1300035187,Noitu Love 2: Devolution,noitu-love-2-devolution,4/18/2008,,80,2D Beat-'Em-Up
1300033641,Europa Universalis: Rome,europa-universalis-rome,4/15/2008,E10+,73,Strategy
1300033959,Tom Clancy's Rainbow Six: Vegas 2,tom-clancys-rainbow-six-vegas-2,4/15/2008,M,78,Tactical FPS
1300027107,Jack Keane,jack-keane,4/15/2008,T,69,Adventure
1300032369,Sherlock Holmes: Nemesis,sherlock-holmes-nemesis,4/14/2008,E10+,71,First-Person Adventure
1300034101,"Sam & Max Episode 205: What's New, Beelzebub?",sam-and-max-episode-205-whats-new-beelzebub,4/10/2008,T,85,Point-and-Click
1300025575,Assassin's Creed,assassins-creed-2007,4/8/2008,M,79,Open-World Action
1300028360,Overclocked: A History of Violence,overclocked-a-history-of-violence,4/7/2008,M,70,Third-Person Adventure
1300020294,Sudden Strike 3: Arms for Victory,sudden-strike-3-arms-for-victory,4/1/2008,T,63,Real-Time Strategy
1300034807,Cleopatra: Riddle of the Tomb,cleopatra-riddle-of-the-tomb,3/31/2008,T,67,First-Person Adventure
1300022600,Stranger (2007),stranger-2007,3/26/2008,T,42,Real-Time Strategy
1300030760,Obscure: The Aftermath,obscure-the-aftermath-2008,3/25/2008,M,59,Survival
1300026563,Belief & Betrayal,belief-and-betrayal,3/25/2008,M,53,Third-Person Adventure
1300030198,Warriors Orochi,warriors-orochi,3/25/2008,T,51,3D Beat-'Em-Up
1300033154,Command & Conquer 3: Kane's Wrath,command-and-conquer-3-kanes-wrath,3/24/2008,T,77,Real-Time Strategy
1300033947,Ninja Reflex,ninja-reflex,3/21/2008,E10+,57,Action
1300034100,Sam & Max Episode 204: Chariots of the Dogs,sam-and-max-episode-204-chariots-of-the-dogs,3/13/2008,T,85,Point-and-Click
1300020809,XIII Century: Death or Glory,xiii-century-death-or-glory,3/12/2008,,62,Real-Time Strategy
1300034041,Imperium Romanum,imperium-romanum,3/11/2008,E10+,63,Management
1300033436,Lost Empire: Immortals,lost-empire-immortals,3/11/2008,E,58,4X Strategy
1300030247,Saga (2008),saga-2008,3/4/2008,,61,MMORPG
1300033576,"Warhammer 40,000: Dawn of War - Soulstorm",warhammer-40-000-dawn-of-war-soulstorm,3/4/2008,M,73,Real-Time Strategy
1300025934,The Lost Crown: A Ghost-hunting Adventure,the-lost-crown-a-ghost-hunting-adventure,3/3/2008,T,71,Adventure
1300033883,Rhem 3: The Secret Library,rhem-3-the-secret-library,2/28/2008,E,69,First-Person Adventure
1300033679,The Sims 2: FreeTime,the-sims-2-freetime,2/26/2008,T,74,Virtual Life
1300028438,Turning Point: Fall of Liberty,turning-point-fall-of-liberty,2/26/2008,T,39,FPS
1300027289,Lost: Via Domus,lost-via-domus,2/26/2008,T,52,Action Adventure
1300026798,Frontlines: Fuel of War,frontlines-fuel-of-war,2/25/2008,T,73,FPS
1300026966,The Club,the-club,2/19/2008,M,67,Third Person Shooter
1300034266,AudioSurf,audiosurf,2/15/2008,,85,Rhythm
1300034099,Sam & Max Episode 203: Night of the Raving Dead,sam-and-max-episode-203-night-of-the-raving-dea,2/12/2008,T,79,Point-and-Click
1300033928,Spaceforce: Captains,spaceforce-captains,2/12/2008,E10+,45,Turn-Based Strategy
1300033487,Penumbra: Black Plague,penumbra-black-plague,2/12/2008,M,78,Survival
1300028779,Conflict: Denied Ops,conflict-denied-ops,2/8/2008,M,58,FPS
1300030413,The Experiment (2007),the-experiment-2007,2/5/2008,T,68,Adventure
1300033116,The Spiderwick Chronicles,the-spiderwick-chronicles,2/5/2008,E10+,61,Adventure
1300028870,Sins of a Solar Empire,sins-of-a-solar-empire,2/4/2008,T,87,Real-Time Strategy
1300029682,The Sims 2: Castaway,the-sims-2-castaway,1/29/2008,T,73,Virtual Life
1300020604,Pacific Storm: Allies,pacific-storm-allies,1/28/2008,T,60,Real-Time Strategy
1300033801,The Wonderful End of the World,the-wonderful-end-of-the-world,1/25/2008,,69,Puzzle
1300030475,Ship Simulator 2008,ship-simulator-2008,1/21/2008,E,62,Marine Sim
1300018149,Pirates of the Burning Sea,pirates-of-the-burning-sea,1/21/2008,T,76,MMORPG
1300025381,Savage 2: A Tortured Soul,savage-2-a-tortured-soul,1/16/2008,T,75,FPS
1300024980,Rail Simulator,rail-simulator,1/16/2008,E,72,Train Sim
1300034098,Sam & Max Episode 202: Moai Better Blues,sam-and-max-episode-202-moai-better-blues,1/10/2008,T,80,Point-and-Click
1300506873,Down in Bermuda,down-in-bermuda,1/14/2021,,68,Adventure
1300529728,Sunlight,sunlight,1/14/2021,,83,First-Person Adventure
1300529846,Conspiracy!,conspiracy,1/20/2021,,71,Adventure
1300509801,Skul: The Hero Slayer,skul-the-hero-slayer,1/21/2021,T,80,2D Platformer
1300505682,Encodya,encodya,1/26/2021,,67,Point-and-Click
1300530283,The Sims 4: Paranormal Stuff Pack,the-sims-4-paranormal-stuff-pack,1/26/2021,T,76,Virtual Life
1300507968,Metal Unit,metal-unit,1/27/2021,,64,2D Platformer
1300524538,Ryte - The Eye of Atlantis,ryte-the-eye-of-atlantis,1/27/2021,,63,First-Person Adventure
1300513877,Sarawak,sarawak,1/28/2021,,78,Point-and-Click
1300504793,The Captain is Dead,the-captain-is-dead,1/31/2021,,46,Board
1300525332,Field of Glory II: Medieval,field-of-glory-ii-medieval,2/4/2021,,75,Turn-Based Tactics
1300527024,Nioh 2: The Complete Edition,nioh-2-the-complete-edition,2/5/2021,M,86,Action RPG
1300518777,Kinetic Edge,kinetic-edge,2/5/2021,,64,Puzzle
1300526092,Dragonborne,dragonborne,2/12/2021,,59,RPG
1300515533,Nerve (2021),nerve-2021,2/16/2021,,67,Arcade
1300508709,Nebuchadnezzar,nebuchadnezzar,2/17/2021,,73,Management
1300498431,Mutropolis,mutropolis,2/18/2021,,71,Point-and-Click
1300516311,THE SHORE,the-shore,2/19/2021,,59,Survival
1300514239,Fights in Tight Spaces,fights-in-tight-spaces,2/24/2021,,78,Card Battle
1300531710,Room to Grow (2021),room-to-grow-2021,2/25/2021,,76,Puzzle
1300515993,Cardaclysm: Shards of the Four,cardaclysm-shards-of-the-four,2/26/2021,,65,Card Battle
1300532823,The Climb 2,the-climb-2,3/4/2021,,75,Action
1300519102,The Life and Suffering of Sir Brante,the-life-and-suffering-of-sir-brante,3/4/2021,,82,Text Adventure
1300502047,Stronghold: Warlords,stronghold-warlords,3/9/2021,,65,Command RTS
1300526973,Blind Drive,blind-drive,3/10/2021,,87,Adventure
1300532339,Pascal's Wager: Definitive Edition,pascals-wager-definitive-edition,3/11/2021,,64,Action RPG
1300533230,Total War: Three Kingdoms - Fates Divided,total-war-three-kingdoms-fates-divided,3/11/2021,,78,Real-Time Strategy
1300526544,Flow Weaver,flow-weaver,3/11/2021,,48,First-Person Adventure
1300514925,Adios,adios,3/16/2021,,78,First-Person Adventure
1300516668,Red Ronin,red-ronin,3/17/2021,,70,Turn-Based Tactics
1300508570,Endzone: A World Apart,endzone-a-world-apart,3/18/2021,,72,Management
1300530788,Neurodeck : Psychological Deckbuilder,neurodeck-psychological-deckbuilder,3/18/2021,,63,Card Battle
1300525759,Arkham Horror: Mother's Embrace,arkham-horror-mothers-embrace,3/23/2021,,48,Turn-Based Tactics
1300492473,Chronicle of Innsmouth: Mountains of Madness,chronicle-of-innsmouth-mountains-of-madness,3/23/2021,,68,Point-and-Click
1300533291,Immortals Fenyx Rising: Myths of the Eastern Realm,immortals-fenyx-rising-myths-of-the-eastern-realm,3/25/2021,,65,Open-World Action
1300515902,The Fabled Woods,the-fabled-woods,3/25/2021,,47,First-Person Adventure
1300490661,Super Seducer 3: The Final Seduction,super-seducer-3-the-final-seduction,3/26/2021,,33,Visual Novel
1300518007,Elite: Dangerous - Odyssey,elite-dangerous-odyssey,3/29/2021,,55,Space Sim
1300499068,Shelter 3,shelter-3,3/30/2021,,52,Adventure
1300559855,Kingdom Hearts III + Re Mind,kingdom-hearts-iii-plus-re-mind,3/30/2021,E10+,83,Action RPG
1300493314,Nanotale - Typing Chronicles,nanotale-typing-chronicles,3/31/2021,,68,Adventure
1300524899,Scarlet Hood and the Wicked Wood,scarlet-hood-and-the-wicked-wood,4/8/2021,,71,Adventure
1300532773,3 out of 10: Season Two,3-out-of-10-season-two,4/8/2021,,79,Adventure
1300499140,Trials of Fire,trials-of-fire,4/9/2021,,81,Turn-Based Tactics
1300533582,Demon Skin,demon-skin,4/13/2021,,48,Action RPG
1300515819,Forgotten Fields,forgotten-fields,4/14/2021,,59,Third-Person Adventure
1300505082,TASOMACHI: Behind the Twilight,tasomachi-behind-the-twilight,4/14/2021,,56,Third-Person Adventure
1300533554,The Darkside Detective: A Fumble in the Dark,the-darkside-detective-a-fumble-in-the-dark,4/15/2021,,84,Point-and-Click
1300501059,Quantum League,quantum-league,4/15/2021,,70,Tactical FPS
1300535001,Stellaris: Nemesis,stellaris-nemesis,4/15/2021,,77,Real-Time Strategy
1300514708,Silicon Dreams,silicon-dreams,4/20/2021,,81,First-Person Adventure
1300518641,Don't Forget Me,dont-forget-me,4/20/2021,,62,Point-and-Click
1300532161,MotoGP 21,motogp-21,4/22/2021,E,68,Auto Racing Sim
1300535491,Immortals Fenyx Rising: The Lost Gods,immortals-fenyx-rising-the-lost-gods,4/22/2021,,72,Open-World Action
1300522612,Wraith: The Oblivion - Afterlife,wraith-the-oblivion-afterlife,4/22/2021,,76,Survival
1300513403,Clan O'Conall and the Crown of the Stag,clan-oconall-and-the-crown-of-the-stag,4/27/2021,,78,2D Platformer
1300521685,Insurmountable,insurmountable,4/29/2021,,74,Survival
1300533976,Total War: Rome Remastered,total-war-rome-remastered,4/29/2021,T,75,Real-Time Strategy
1300533475,The World After,the-world-after,5/5/2021,,61,Point-and-Click
1300494930,The Invisible Hand,the-invisible-hand,5/7/2021,,69,Virtual Career
1300531509,Base One,base-one,5/11/2021,,56,Management
1300504253,Hundred Days - Winemaking Simulator,hundred-days-winemaking-simulator,5/13/2021,,74,Tycoon
1300504396,Before We Leave,before-we-leave,5/13/2021,,72,Management
1300535913,Essays on Empathy,essays-on-empathy,5/18/2021,,80,Compilation
1300514499,Siege Survival: Gloria Victis,siege-survival-gloria-victis,5/18/2021,,69,RPG
1300500040,Of Bird and Cage,of-bird-and-cage,5/20/2021,,43,First-Person Adventure
1300524529,Mind Scanners,mind-scanners,5/20/2021,,76,Strategy
1300525843,Not Another Weekend,not-another-weekend,5/20/2021,,75,Point-and-Click
1300522268,Lacuna - A Sci-Fi Noir Adventure,lacuna-a-sci-fi-noir-adventure,5/20/2021,,86,Adventure
1300502011,Unexplored 2: The Wayfarer's Legacy,unexplored-2-the-wayfarers-legacy,5/20/2021,,69,Action RPG
1300261528,Imagine Earth,imagine-earth,5/25/2021,,78,Management
1300503692,Solasta: Crown of the Magister,solasta-crown-of-the-magister,5/27/2021,,77,Turn-Based Tactics
1300537555,Iron Harvest: Operation Eagle,iron-harvest-operation-eagle,5/27/2021,,76,Command RTS
1300527857,The Longest Road on Earth,the-longest-road-on-earth,5/27/2021,,71,Adventure
1300510585,Tainted Grail: Conquest,tainted-grail-conquest,5/27/2021,,82,Card Battle
1300513891,Pecaminosa,pecaminosa,5/27/2021,,68,Action RPG
1300468559,Griftlands,griftlands,6/1/2021,,84,Card Battle
1300537648,World of Warcraft Classic: Burning Crusade Classic,world-of-warcraft-classic-burning-crusade-classic,6/1/2021,,79,MMORPG
1300537646,The Sims 4: Dream Home Decorator,the-sims-4-dream-home-decorator,6/1/2021,T,80,Virtual Life
1300530843,The Elder Scrolls Online: Blackwood,the-elder-scrolls-online-blackwood,6/1/2021,M,75,MMORPG
1300533214,The Magnificent Trufflepigs,the-magnificent-trufflepigs,6/2/2021,,66,First-Person Adventure
1300532447,Sunblaze,sunblaze,6/3/2021,,78,2D Platformer
1300534346,Pro Cycling Manager 2021,pro-cycling-manager-2021,6/3/2021,,69,Team Sports
1300535169,Wasteland 3: The Battle of Steeltown,wasteland-3-the-battle-of-steeltown,6/3/2021,,73,Western RPG
1300512798,Ynglet,ynglet,6/5/2021,,81,2D Platformer
1300532716,Open Country,open-country,6/10/2021,T,56,Hunting
1300533910,WE ARE FOOTBALL,we-are-football,6/10/2021,,67,Soccer Management
1300527999,A Rogue Escape,a-rogue-escape,6/10/2021,,73,First-Person Adventure
1300505234,Minute of Islands,minute-of-islands,6/13/2021,,73,Adventure
1300493144,Lumberhill,lumberhill,6/13/2021,,62,Party
1300521935,Cruelty Squad,cruelty-squad,6/15/2021,,89,FPS
1300480591,Wildermyth,wildermyth,6/15/2021,,86,Turn-Based Tactics
1300481202,Red Solstice 2: Survivors,red-solstice-2-survivors,6/17/2021,,65,Top-Down Shoot-'Em-Up
1300515407,Old World,old-world,7/1/2021,,80,4X Strategy
1300520542,Eastern Exorcist,eastern-exorcist,7/7/2021,,73,Action RPG
1300534602,Swords of Legends Online,swords-of-legends-online,7/9/2021,,72,MMORPG
1300520565,Claire de Lune,claire-de-lune,7/12/2021,,63,Linear Action Adventure
1300539757,Total War: WARHAMMER II - The Silence & The Fury,total-war-warhammer-ii-the-silence-and-the-fury,7/14/2021,,84,Real-Time Tactics
1300518688,Lost at Sea,lost-at-sea,7/15/2021,,64,First-Person Adventure
1300531491,"Warhammer 40,000: Battlesector",warhammer-40000-battlesector,7/15/2021,,72,Turn-Based Tactics
1300460596,Dark Future: Blood Red States,dark-future-blood-red-states,7/20/2021,,78,Vehicle Combat Sim
1300539342,The Sims 4: Cottage Living,the-sims-4-cottage-living,7/22/2021,T,80,Virtual Life
1300526861,YUKI (2021),yuki-2021,7/22/2021,,82,Rail Shooter
1300483447,Idol Manager,idol-manager,7/26/2021,,73,Tycoon
1300504621,Tribes of Midgard,tribes-of-midgard,7/27/2021,T,73,Action RPG
1300534793,Night Book,night-book,7/27/2021,,49,Adventure
1300538306,Final Fantasy III Pixel Remaster,final-fantasy-iii-pixel-remaster,7/28/2021,E10+,79,JRPG
1300538305,Final Fantasy II Pixel Remaster,final-fantasy-ii-pixel-remaster,7/28/2021,E10+,77,JRPG
1300538304,Final Fantasy Pixel Remaster,final-fantasy-pixel-remaster,7/28/2021,E,80,JRPG
1300516292,Banners of Ruin,banners-of-ruin,7/30/2021,,71,Card Battle
1300519368,Vesper (2021),vesper-2021,7/30/2021,,75,2D Platformer
1300504797,GRIME,grime,8/2/2021,,81,Metroidvania
1300491899,Jupiter Hell,jupiter-hell,8/5/2021,,78,Turn-Based Tactics
1300522712,City of Gangsters,city-of-gangsters,8/9/2021,,67,Tycoon
1300535021,Patron,patron,8/10/2021,,71,Management
1300499326,Seed of Life,seed-of-life,8/11/2021,,58,Action Adventure
1300535648,Car Mechanic Simulator 2021,car-mechanic-simulator-2021,8/11/2021,,70,Virtual Career
1300510421,Naraka: Bladepoint,naraka-bladepoint,8/12/2021,,71,3D Beat-'Em-Up
1300528922,Faraday Protocol,faraday-protocol,8/12/2021,,70,First-Person Adventure
1300505579,Humankind,humankind,8/17/2021,E10+,77,4X Strategy
1300506420,Ambition: A Minuet in Power,ambition-a-minuet-in-power,8/18/2021,,75,Visual Novel
1300499702,Hell Architect,hell-architect,8/18/2021,,59,Management
1300540566,The Vale: Shadow of the Crown,the-vale-shadow-of-the-crown,8/19/2021,,82,Action Adventure
1300537163,Behind the Frame: The Finest Scenery,behind-the-frame-the-finest-scenery,8/25/2021,,73,Adventure
1300523791,Myst,myst,8/26/2021,E,78,First-Person Adventure
1300538612,SPOOKWARE,spookware,8/26/2021,,71,Party
1300524962,Star Drift Evolution,star-drift-evolution,8/27/2021,,82,Auto Racing
1300497670,Lamentum,lamentum,8/27/2021,,74,Survival
1300514205,Tinytopia,tinytopia,8/30/2021,,76,Management
1300534280,Maneater: Truth Quest,maneater-truth-quest,8/31/2021,,66,Open-World Action
1300513643,Song of Iron,song-of-iron,8/31/2021,,71,Action Adventure
1300505548,The Big Con,the-big-con,8/31/2021,,77,Adventure
1300532944,Blake: The Visual Novel,blake-the-visual-novel,8/31/2021,,82,Visual Novel
1300534988,WRC 10 The Official Game,wrc-10-the-official-game,9/2/2021,E,74,Auto Racing Sim
1300490885,Encased: a sci-fi post-apocalyptic RPG,encased-a-sci-fi-post-apocalyptic-rpg,9/7/2021,,73,Western RPG
1300538307,Final Fantasy IV Pixel Remaster,final-fantasy-iv-pixel-remaster,9/8/2021,E10+,83,JRPG
1300531819,RICO London,rico-london,9/9/2021,,41,FPS
1300507788,Arboria,arboria,9/9/2021,,75,Action RPG
1300515674,TRUDOGRAD,trudograd,9/13/2021,,80,Turn-Based Tactics
1300506205,Gas Station Simulator,gas-station-simulator,9/15/2021,,72,Virtual Career
1300525962,The Amazing American Circus,the-amazing-american-circus,9/16/2021,,53,Tycoon
1300508372,I Am Fish,i-am-fish,9/16/2021,,69,3D Platformer
1300538283,World War Z: Aftermath,world-war-z-aftermath,9/21/2021,M,80,Tactical Third Person Shooter
1300535730,Sheltered 2,sheltered-2,9/21/2021,,60,Strategy
1300543318,MechWarrior 5: Mercenaries - Legend of the Kestrel Lancers,mechwarrior-5-mercenaries-legend-of-the-kestrel,9/23/2021,,76,Vehicle Combat Sim
1300531061,The Plane Effect,the-plane-effect,9/23/2021,,68,Adventure
1300522727,Rhythm of the Universe: Ionia,rhythm-of-the-universe-ionia,9/23/2021,,40,Action Adventure
1300519523,Dread Templar,dread-templar,9/28/2021,,72,FPS
1300479696,AWAY: The Survival Series,away-the-survival-series,9/28/2021,,54,Open-World Action
1300493625,New World,new-world,9/28/2021,T,70,MMORPG
1300535200,Warp Frontier,warp-frontier,9/28/2021,,66,Point-and-Click
1300540639,Outer Wilds: Echoes of the Eye,outer-wilds-echoes-of-the-eye,9/28/2021,,82,Open-World Action
1300511912,INDUSTRIA,industria,9/30/2021,,67,FPS
1300509867,Impostor Factory,impostor-factory,9/30/2021,,80,Adventure
1300513277,Rogue Lords,rogue-lords,9/30/2021,T,72,Roguelike
1300532769,Song in the Smoke,song-in-the-smoke,10/7/2021,,78,Survival
1300491536,Lone Echo II,lone-echo-ii,10/12/2021,T,78,Action Adventure
1300498870,Back 4 Blood,back-4-blood,10/12/2021,M,77,FPS
1300507195,Midnight Protocol,midnight-protocol,10/13/2021,,79,RPG
1300521131,Stolen Realm,stolen-realm,10/14/2021,,76,Turn-Based Tactics
1300541991,Into the Pit,into-the-pit,10/19/2021,,67,FPS
1300522633,War Mongrels,war-mongrels,10/19/2021,,68,Real-Time Tactics
1300543135,Assassin's Creed Valhalla - Discovery Tour: Viking Age,assassins-creed-valhalla-discovery-tour-viking-age,10/19/2021,E,76,Open-World Action
1300527850,Escape Simulator,escape-simulator,10/19/2021,,82,First-Person Adventure
1300534935,They Always Run,they-always-run,10/20/2021,T,73,2D Platformer
1300531702,Disciples: Liberation,disciples-liberation,10/21/2021,M,73,Turn-Based Strategy
1300469302,Growbot,growbot,10/21/2021,,70,Point-and-Click
1300530509,Kathy Rain: Director's Cut,kathy-rain-directors-cut,10/26/2021,,87,Point-and-Click
1300535154,Grotto,grotto,10/26/2021,,75,First-Person Adventure
1300538383,Super Robot Wars 30,super-robot-wars-30,10/27/2021,T,79,Turn-Based Tactics
1300472388,Age of Empires IV,age-of-empires-iv,10/28/2021,T,81,Command RTS
1300528872,Happy Game,happy-game,10/28/2021,,81,Adventure
1300543941,Subway Midnight,subway-midnight,10/28/2021,,69,Adventure
1300590414,DIG - Deep In Galaxies,dig-deep-in-galaxies,10/31/2021,,73,2D Platformer
1300497209,To The Rescue!,to-the-rescue,11/2/2021,,57,Tycoon
1300538330,Conway: Disappearance at Dahlia View,conway-disappearance-at-dahlia-view,11/2/2021,,71,First-Person Adventure
1300542873,Football Manager 2022,football-manager-2022,11/9/2021,E,85,Soccer Management
1300538308,Final Fantasy V Pixel Remaster,final-fantasy-v-pixel-remaster,11/10/2021,,82,JRPG
1300510200,Moncage,moncage,11/15/2021,,70,Puzzle
1300507463,Surviving the Aftermath,surviving-the-aftermath,11/16/2021,T,67,Management
1300547101,Far Cry 6 - Vaas: Insanity,far-cry-6-vaas-insanity,11/16/2021,,76,FPS
1300516312,The Last Stand: Aftermath,the-last-stand-aftermath,11/16/2021,,73,Top-Down Shoot-'Em-Up
1300508328,Arcadia Fallen,arcadia-fallen,11/17/2021,,76,Visual Novel
1300526192,Warhammer Age of Sigmar: Tempestfall,warhammer-age-of-sigmar-tempestfall,11/17/2021,,62,Action
1300500209,Undungeon,undungeon,11/18/2021,,66,Action RPG
1300510253,Solar Ash,solar-ash,12/2/2021,T,78,Action Adventure
1300538322,Mechajammer,mechajammer,12/2/2021,,41,Turn-Based Tactics
1300535139,Archvale,archvale,12/2/2021,,82,Top-Down Shoot-'Em-Up
1300528617,Century: Age of Ashes,century-age-of-ashes,12/2/2021,E10+,73,Aircraft Combat Sim
1300518621,ICARUS,icarus,12/3/2021,,67,Survival
1300547072,This Is the President,this-is-the-president,12/6/2021,,68,Strategy
1300460675,Thunder Tier One,thunder-tier-one,12/7/2021,,65,Top-Down Shoot-'Em-Up
1300530258,Space Warlord Organ Trading Simulator,space-warlord-organ-trading-simulator,12/7/2021,,64,Tycoon
1300518686,Wolfstride,wolfstride,12/7/2021,,76,RPG
1300486956,Halo Infinite,halo-infinite,12/8/2021,T,80,FPS
1300477956,Wytchwood,wytchwood,12/9/2021,E10+,78,Adventure
1300538216,Firegirl: Hack 'n Splash Rescue,firegirl-hack-n-splash-rescue,12/14/2021,,62,2D Platformer
1300506611,Trash Sailors,trash-sailors,12/16/2021,,68,Survival
1300489366,Scarf (2021),scarf-2021,12/23/2021,,69,3D Platformer
1300507729,Sands of Salzaar,sands-of-salzaar,12/15/2021,,66,Western RPG
1300516932,Chasing Static,chasing-static,10/14/2021,,65,First-Person Adventure
1300506754,The Alien Cube,the-alien-cube,10/14/2021,,72,First-Person Adventure
1300498186,The Riftbreaker,the-riftbreaker,10/14/2021,T,83,Action RPG
1300530372,HighFleet,highfleet,7/27/2021,,74,Real-Time Strategy
1300498656,Dandy Ace,dandy-ace,3/25/2021,,80,Action RPG
1300507746,RetroMania Wrestling,retromania-wrestling,2/25/2021,,66,Wrestling
1300500073,Shattered - Tale of the Forgotten King,shattered-tale-of-the-forgotten-king,2/17/2021,,68,Action RPG
1300603970,Lost Eidolons: Veil of the Witch,lost-eidolons-veil-of-the-witch,10/9/2025,,75,Turn-Based Tactics
1300621884,Marisa of Liartop Mountain,marisa-of-liartop-mountain,9/19/2025,,74,RPG
1300701353,Puzzle Quest: Immortal Edition,puzzle-quest-immortal-edition,9/18/2025,,77,Matching Puzzle
1300686994,"Warhammer 40,000: Dawn of War - Definitive Edition",warhammer-40000-dawn-of-war-definitive-edition,8/14/2025,M,76,Real-Time Strategy
1300688461,Dead Take,dead-take,7/31/2025,,76,First-Person Adventure
1300628862,Phantom Squad,phantom-squad,7/18/2025,,70,Top-Down Shoot-'Em-Up
1300521160,The Necromancer's Tale,the-necromancers-tale,7/17/2025,,77,RPG
1300514919,The Night is Grey,the-night-is-grey,1/5/2024,,84,Point-and-Click
1300572567,Reigns: Three Kingdoms,reigns-three-kingdoms,1/11/2024,,68,Board
1300539877,Sovereign Syndicate,sovereign-syndicate,1/15/2024,,77,Western RPG
1300540292,Atlas Wept,atlas-wept,1/16/2024,,75,JRPG
1300591474,Home Safety Hotline,home-safety-hotline,1/16/2024,,76,Adventure
1300617772,Yuuna and the Haunted Hot Springs The Thrilling Steamy Maze Kiwami,yuuna-and-the-haunted-hot-springs-the-thrilling,1/17/2024,,54,RPG
1300488768,Rising Lords,rising-lords,1/18/2024,,69,Turn-Based Tactics
1300543576,Stargate: Timekeepers,stargate-timekeepers,1/23/2024,,72,Real-Time Tactics
1300523098,Graven,graven,1/23/2024,,65,Action Adventure
1300594210,Anomaly Agent,anomaly-agent,1/24/2024,,84,2D Platformer
1300537061,Phantom Abyss,phantom-abyss,1/25/2024,,72,Action Adventure
1300579347,Oblivion Override,oblivion-override,1/25/2024,,83,2D Platformer
1300578423,Chronique des Silencieux,chronique-des-silencieux,1/29/2024,,64,Point-and-Click
1300609776,Eastward: Octopia,eastward-octopia,1/31/2024,,74,RPG
1300587678,BlazBlue Entropy Effect,blazblue-entropy-effect,1/31/2024,,83,2D Platformer
1300579001,Boxes: Lost Fragments,boxes-lost-fragments,2/1/2024,,84,Adventure
1300566167,CLeM,clem,2/6/2024,,79,Adventure
1300571344,The Inquisitor,the-inquisitor,2/8/2024,,58,Action Adventure
1300501197,Airhead,airhead,2/12/2024,,70,Metroidvania
1300575911,Islands of Insight,islands-of-insight,2/13/2024,,79,Open-World Action
1300625196,SpellForce: Conquest of Eo - Demon Scourge,spellforce-conquest-of-eo-demon-scourge,2/13/2024,,85,Turn-Based Tactics
1300618316,Deathwish Enforcers Special Edition,deathwish-enforcers-special-edition,2/14/2024,,81,2D Beat-'Em-Up
1300609779,GUNVOLT RECORDS: Cychronicle,gunvolt-records-cychronicle,2/15/2024,,73,Rhythm
1300612127,The Lost Legends of Redwall: The Scout Anthology,the-lost-legends-of-redwall-the-scout-anthology,2/20/2024,,59,Compilation
1300554140,Terminator: Dark Fate - Defiance,terminator-dark-fate-defiance,2/21/2024,,72,Real-Time Strategy
1300492032,Inkulinati,inkulinati,2/22/2024,,78,Turn-Based Strategy
1300510414,Sons of the Forest,sons-of-the-forest,2/22/2024,,86,Survival
1300540536,Sokobond Express,sokobond-express,2/22/2024,,83,Action Puzzle
1300502008,Timemelters,timemelters,2/28/2024,,89,Action Adventure
1300616691,Minami Lane,minami-lane,2/28/2024,,78,Tycoon
1300590024,Tamarak Trail,tamarak-trail,2/29/2024,,76,Turn-Based Strategy
1300572892,Captain Velvet Meteor: The Jump+ Dimensions,captain-velvet-meteor-the-jump-plus-dimensions,3/1/2024,,82,Turn-Based Tactics
1300622496,WE ARE FOOTBALL 2024,we-are-football-2024,3/4/2024,,73,Soccer Management
1300618663,Sixty Four,sixty-four,3/4/2024,,62,Strategy
1300606575,Expeditions: A MudRunner Game,expeditions-a-mudrunner-game,3/5/2024,E,77,Vehicle Sim
1300507205,Zoria: Age of Shattering,zoria-age-of-shattering,3/7/2024,,70,Turn-Based Tactics
1300598163,New Star GP,new-star-gp,3/7/2024,,75,Auto Racing
1300594856,BORE BLASTERS,bore-blasters,3/8/2024,,77,Action
1300603081,SUMMERHOUSE,summerhouse,3/8/2024,,76,Simulation
1300596508,Death of a Wish,death-of-a-wish,3/11/2024,,77,Action RPG
1300530522,Goblin Stone,goblin-stone,3/12/2024,,72,Turn-Based Strategy
1300611700,Horizon Forbidden West: Complete Edition,horizon-forbidden-west-complete-edition,3/21/2024,,89,Open-World Action
1300516565,Bears In Space,bears-in-space,3/22/2024,,79,FPS
1300567226,Between Horizons,between-horizons,3/25/2024,,83,Adventure
1300569423,Outpost: Infinity Siege,outpost-infinity-siege,3/26/2024,,55,FPS
1300610738,Millennia,millennia,3/26/2024,,69,4X Strategy
1300615478,Unleaving,unleaving,3/27/2024,,73,2D Platformer
1300537330,Minishoot' Adventures,minishoot-adventures,4/2/2024,,87,Top-Down Shoot-'Em-Up
1300573973,Death Noodle Delivery,death-noodle-delivery,4/3/2024,,67,Action Adventure
1300606648,Planetiles,planetiles,4/3/2024,,80,Strategy
1300591447,Beat Slayer,beat-slayer,4/4/2024,,75,3D Beat-'Em-Up
1300523621,Sons of Valhalla,sons-of-valhalla,4/5/2024,,73,Strategy
1300591662,Spirit City: Lofi Sessions,spirit-city-lofi-sessions,4/8/2024,,80,Virtual Life
1300575849,Yellow Taxi Goes Vroom,yellow-taxi-goes-vroom,4/9/2024,,78,3D Platformer
1300533081,Turbo Kid,turbo-kid,4/9/2024,,80,Metroidvania
1300623718,Children of the Sun,children-of-the-sun,4/9/2024,,81,Action Adventure
1300626126,Gigantic: Rampage Edition,gigantic-rampage-edition,4/9/2024,,65,MOBA
1300572383,Ereban: Shadow Legacy,ereban-shadow-legacy,4/10/2024,,69,Linear Action Adventure
1300571752,Inkbound,inkbound,4/10/2024,,80,Turn-Based Tactics
1300509213,KartRider: Drift,kartrider-drift,1/9/2023,E,76,Auto Racing
1300571744,Path of the Midnight Sun,path-of-the-midnight-sun,1/10/2023,,79,JRPG
1300579599,Sailing Era,sailing-era,1/11/2023,,65,RPG
1300569157,Aquatico,aquatico,1/12/2023,,61,Management
1300532888,RE:CALL (2023),recall-2023,1/17/2023,,73,Adventure
1300577469,Colossal Cave,colossal-cave,1/19/2023,,53,Adventure
1300541514,Mahokenshi,mahokenshi,1/24/2023,,72,Turn-Based Tactics
1300578236,Warlander,warlander,1/24/2023,,64,MOBA
1300528367,Hell is Others,hell-is-others,1/26/2023,,78,Top-Down Shoot-'Em-Up
1300587481,"Marvel's Midnight Suns - The Good, the Bad, and the Undead",marvels-midnight-suns-the-good-the-bad-and-the,1/26/2023,,75,Turn-Based Tactics
1300583756,Pizza Tower,pizza-tower,1/26/2023,,89,2D Platformer
1300573697,The King's Dilemma: Chronicles,the-kings-dilemma-chronicles,1/30/2023,,78,RPG
1300572400,Backfirewall_,backfirewall,1/30/2023,,82,First-Person Adventure
1300527600,Rhythm Sprout,rhythm-sprout,2/1/2023,,80,Rhythm
1300577768,Tails: The Backbone Preludes,tails-the-backbone-preludes,2/2/2023,,77,Adventure
1300518528,PERISH,perish,2/2/2023,,62,FPS
1300572408,SpellForce: Conquest of Eo,spellforce-conquest-of-eo,2/3/2023,,77,Turn-Based Tactics
1300579244,Souls of Chronos,souls-of-chronos,2/13/2023,,61,JRPG
1300522743,Pharaoh: A New Era,pharaoh-a-new-era,2/15/2023,,76,Management
1300587820,Shadow Warrior 3: Definitive Edition,shadow-warrior-3-definitive-edition,2/16/2023,,76,FPS
1300489874,The Settlers: New Allies,the-settlers-new-allies,2/17/2023,E10+,54,Management
1300571665,Aces and Adventures,aces-and-adventures,2/23/2023,,84,Card Battle
1300547106,The Pale Beyond,the-pale-beyond,2/24/2023,,77,Adventure
1300519454,Patch Quest,patch-quest,3/2/2023,,80,Action Adventure
1300579909,King Of The Castle,king-of-the-castle,3/2/2023,,71,Turn-Based Strategy
1300535027,Rogue Spirit,rogue-spirit,3/7/2023,,71,Action Adventure
1300478823,Contraband Police,contraband-police,3/8/2023,,77,Virtual Career
1300520557,Terraformers,terraformers,3/9/2023,,80,Management
1300505133,The Last Spell,the-last-spell,3/9/2023,T,82,Turn-Based Tactics
1300525930,Life of Delta,life-of-delta,3/13/2023,,71,Point-and-Click
1300515739,Rough Justice: '84,rough-justice-84,3/13/2023,,78,Strategy
1300466792,Barotrauma,barotrauma,3/13/2023,,81,Marine Combat Sim
1300541969,Vernal Edge,vernal-edge,3/14/2023,,76,Metroidvania
1300591422,The Sims 4: Growing Together,the-sims-4-growing-together,3/16/2023,T,82,Virtual Life
1300516397,INFINITE GUITARS,infinite-guitars,3/30/2023,,62,Rhythm
1300534107,The Last Worker,the-last-worker,3/30/2023,M,53,First-Person Adventure
1300577220,Ravenbound,ravenbound,3/30/2023,T,54,Action RPG
1300577242,The Great War: Western Front,the-great-war-western-front,3/30/2023,T,72,Real-Time Tactics
1300592367,The Murder of Sonic the Hedgehog,the-murder-of-sonic-the-hedgehog,3/31/2023,E,82,Visual Novel
1300543284,Beyond Contact,beyond-contact,4/4/2023,,62,Survival
1300581367,Wall World,wall-world,4/5/2023,,74,Defense
1300523175,Rendezvous,rendezvous,4/10/2023,,57,Action Adventure
1300511565,Plantera 2: Golden Acorn,plantera-2-golden-acorn,4/12/2023,,75,Strategy
1300538218,Hunt the Night,hunt-the-night,4/12/2023,,80,Action Adventure
1300593002,Total War: WARHAMMER III - Forge of the Chaos Dwarfs,total-war-warhammer-iii-forge-of-the-chaos-dwarfs,4/13/2023,,83,Real-Time Tactics
1300572886,Mega Man Battle Network Legacy Collection Vol. 1,mega-man-battle-network-legacy-collection-vol-1,4/14/2023,,80,Compilation
1300572887,Mega Man Battle Network Legacy Collection Vol. 2,mega-man-battle-network-legacy-collection-vol-2,4/14/2023,,80,Compilation
1300542730,Beyond the Long Night,beyond-the-long-night,4/17/2023,,76,Action Adventure
1300572380,Minecraft Legends,minecraft-legends,4/18/2023,E10+,65,Real-Time Strategy
1300539487,Three Kingdom: The Journey,three-kingdom-the-journey,4/18/2023,,63,Card Battle
1300575932,Desktop Dungeons: Rewind,desktop-dungeons-rewind,4/18/2023,,81,Roguelike
1300575823,Arcana of Paradise -The Tower-,arcana-of-paradise-the-tower-,4/19/2023,,71,Real-Time Strategy
1300535597,Zoeti,zoeti,4/20/2023,,69,Card Battle
1300540652,Mr. Sun's Hatbox,mr-suns-hatbox,4/20/2023,,76,2D Platformer
1300580973,Outer Terror,outer-terror,4/20/2023,,73,Top-Down Shoot-'Em-Up
1300578455,Rusted Moss,rusted-moss,4/23/2023,,78,Metroidvania
1300577223,Stranded: Alien Dawn,stranded-alien-dawn,4/25/2023,T,81,Real-Time Strategy
1300578665,Omega Strikers,omega-strikers,4/27/2023,E10+,79,Soccer
1300571894,Dungeon Drafters,dungeon-drafters,4/27/2023,,75,Turn-Based Tactics
1300573427,Varney Lake,varney-lake,4/28/2023,,75,Visual Novel
1300534972,City of Beats,city-of-beats,5/1/2023,,79,Top-Down Shoot-'Em-Up
1300569443,Arto,arto,5/1/2023,,58,Action Adventure
1300538294,Redfall,redfall,5/2/2023,M,53,FPS
1300586940,Age of Wonders 4,age-of-wonders-4,5/2/2023,T,83,4X Strategy
1300575905,Showgunners,showgunners,5/2/2023,,75,Turn-Based Tactics
1300573205,Mia and the Dragon Princess,mia-and-the-dragon-princess,5/3/2023,,51,Adventure
1300537541,Knight Crawlers,knight-crawlers,5/4/2023,,60,Action RPG
1300594631,The Case of the Golden Idol - Golden Idol Mysteries: The Spider of Lanka,the-case-of-the-golden-idol-golden-idol-mysteries,5/4/2023,,79,Point-and-Click
1300516347,HROT,hrot,5/16/2023,,86,FPS
1300589544,Humanity,humanity,5/16/2023,,84,Action Puzzle
1300482667,Firmament,firmament,5/18/2023,E10+,68,First-Person Adventure
1300535205,Blooming Business: Casino,blooming-business-casino,5/23/2023,,71,Tycoon
1300538107,Planet of Lana,planet-of-lana,5/23/2023,,80,Action Adventure
1300569406,Do Not Feed the Monkeys 2099,do-not-feed-the-monkeys-2099,5/25/2023,,81,Simulation
1300516118,Protodroid DeLTA,protodroid-delta,5/25/2023,,73,3D Platformer
1300541257,Bat Boy,bat-boy,5/25/2023,,78,2D Platformer
1300594852,Return to Grace,return-to-grace,5/30/2023,,78,First-Person Adventure
1300455900,System Shock,system-shock,5/30/2023,M,78,FPS
1300543523,DOOMBLADE,doomblade,5/31/2023,,83,Metroidvania
1300526821,STASIS: BONE TOTEM,stasis-bone-totem,5/31/2023,,85,Point-and-Click
1300586936,Nocturnal,nocturnal,6/7/2023,,81,2D Platformer
1300590648,Pro Cycling Manager 2023,pro-cycling-manager-2023,6/8/2023,,69,Biking
1300590614,Tour de France 2023,tour-de-france-2023,6/8/2023,,73,Biking
1300531430,Daydream: Forgotten Sorrow,daydream-forgotten-sorrow,6/14/2023,,61,Linear Action Adventure
1300541110,Fall of Porcupine,fall-of-porcupine,6/15/2023,,72,Adventure
1300571336,SOULVARS,soulvars,6/18/2023,,68,Card Battle
1300535674,The Bookwalker: Thief of Tales,the-bookwalker-thief-of-tales,6/22/2023,,80,Action Adventure
1300485510,Nimbus INFINITY,nimbus-infinity,6/22/2023,,57,Third Person Shooter
1300569916,Brotato,brotato,6/23/2023,,76,Top-Down Shoot-'Em-Up
1300591622,Sludge Life 2,sludge-life-2,6/27/2023,,71,Open-World Action
1300535098,Liberte,liberte,7/3/2023,,52,Action RPG
1300488765,Gravity Circuit,gravity-circuit,7/13/2023,,89,2D Platformer
1300566804,Ed-0: Zombie Uprising,ed-0-zombie-uprising,7/13/2023,,70,Action Adventure
1300595601,Testament: The Order of High-Human,testament-the-order-of-high-human,7/13/2023,,40,Western RPG
1300597518,Invector: Rhythm Galaxy,invector-rhythm-galaxy,7/14/2023,,74,Rhythm
1300589871,Sticky Business,sticky-business,7/17/2023,,72,Virtual Career
1300571583,Full Void,full-void,7/18/2023,,68,2D Platformer
1300534603,Turbo Overkill,turbo-overkill,7/18/2023,M,86,FPS
1300541139,My Friendly Neighborhood,my-friendly-neighborhood,7/18/2023,,82,Survival
1300591002,Let's! Revolution!,lets-revolution,7/19/2023,,88,Turn-Based Strategy
1300577021,Homeseek,homeseek,7/20/2023,,62,Real-Time Strategy
1300598419,The Sims 4: Horse Ranch,the-sims-4-horse-ranch,7/20/2023,T,68,Virtual Life
1300482756,Unholy,unholy,7/20/2023,,52,Survival
1300516918,Space Cats Tactics,space-cats-tactics,7/24/2023,,46,Turn-Based Tactics
1300591383,The Banished Vault,the-banished-vault,7/25/2023,,70,Strategy
1300593612,Xuan-Yuan Sword: Mists Beyond the Mountains,xuan-yuan-sword-mists-beyond-the-mountains,7/25/2023,,54,JRPG
1300474228,Arcadian Atlas,arcadian-atlas,7/27/2023,,63,Turn-Based Tactics
1300575656,Ninja or Die: Shadow of the Sun,ninja-or-die-shadow-of-the-sun,8/2/2023,,65,2D Platformer
1300591343,UFO: Unidentified Falling Objects,ufo-unidentified-falling-objects,8/9/2023,,76,Action Puzzle
1300489789,Lifeless Moon,lifeless-moon,8/10/2023,,64,Third-Person Adventure
1300523794,The Dragoness: Command of the Flame,the-dragoness-command-of-the-flame,8/10/2023,,59,Turn-Based Tactics
1300604405,The Expanse: A Telltale Series - Episode 2,the-expanse-a-telltale-series-episode-2,8/10/2023,,75,Third-Person Adventure
1300604409,Quake II - Enhanced Edition,quake-ii-enhanced-edition,8/10/2023,M,89,FPS
1300525690,Verne: The Shape of Fantasy,verne-the-shape-of-fantasy,8/14/2023,,73,Adventure
1300540376,Astronaut: The Best,astronaut-the-best,8/15/2023,,73,Tycoon
1300592660,Hammerwatch II,hammerwatch-ii,8/15/2023,,66,Action RPG
1300591859,En Garde!,en-garde,8/16/2023,,76,Action Adventure
1300573721,Affogato,affogato,8/17/2023,,69,JRPG
1300531889,SPRAWL,sprawl,8/23/2023,,76,FPS
1300604406,The Expanse: A Telltale Series - Episode 3,the-expanse-a-telltale-series-episode-3,8/24/2023,,68,Third-Person Adventure
1300584799,Don Duality,don-duality,8/25/2023,,75,Tycoon
1300532791,Strategic Mind: Spirit of Liberty,strategic-mind-spirit-of-liberty,8/28/2023,,60,Turn-Based Strategy
1300534004,Untamed Tactics,untamed-tactics,8/28/2023,,56,Turn-Based Tactics
1300518500,Goodbye Volcano High,goodbye-volcano-high,8/29/2023,,82,Adventure
1300537236,Daymare: 1994 Sandcastle,daymare-1994-sandcastle,8/30/2023,M,61,Survival
1300534971,Pocket Bravery,pocket-bravery,8/31/2023,,74,2D Fighting
1300597036,Teenage Mutant Ninja Turtles: Shredder's Revenge - Dimension Shellshock,teenage-mutant-ninja-turtles-shredders-revenge-2023,8/31/2023,,87,2D Beat-'Em-Up
1300486989,Starfield,starfield,9/6/2023,M,85,Western RPG
1300536784,The Many Pieces of Mr. Coo,the-many-pieces-of-mr-coo,9/6/2023,,72,Point-and-Click
1300505671,SYNCED,synced,9/7/2023,T,69,Tactical Third Person Shooter
1300571411,Wandering Sword,wandering-sword,9/14/2023,,80,Turn-Based Tactics
1300527943,AK-xolotl,ak-xolotl,9/14/2023,,75,Top-Down Shoot-'Em-Up
1300553302,Dune: Spice Wars,dune-spice-wars,9/14/2023,,73,4X Strategy
1300589663,Deceit 2,deceit-2,9/14/2023,,48,Survival
1300568022,Summum Aeterna,summum-aeterna,9/14/2023,,71,2D Platformer
1300579775,Boti: Byteland Overclocked,boti-byteland-overclocked,9/15/2023,,63,3D Platformer
1300517914,Party Animals,party-animals,9/20/2023,E10+,76,Party
1300537864,Moonstone Island,moonstone-island,9/20/2023,,80,Trainer RPG
1300545220,Astrea: Six-Sided Oracles,astrea-six-sided-oracles,9/21/2023,,85,Card Battle
1300537858,"El Paso, Elsewhere",el-paso-elsewhere,9/26/2023,,78,Third Person Shooter
1300602226,Counter-Strike 2,counter-strike-2,9/27/2023,,82,Tactical FPS
1300595420,OVERPASS 2,overpass-2,9/28/2023,E,63,Auto Racing
1300589274,I Expect You to Die 3: Cog in the Machine,i-expect-you-to-die-3-cog-in-the-machine,9/28/2023,,89,First-Person Adventure
1300572282,Wildmender,wildmender,9/28/2023,,78,Sandbox
1300535497,Torn Away,torn-away,9/29/2023,,85,Action Adventure
1300591694,Savant - Ascent REMIX,savant-ascent-remix,9/29/2023,,79,2D Platformer
1300581104,Limerick: Cadence Mansion,limerick-cadence-mansion,9/29/2023,,73,Survival
1300590291,The Lamplighters League,the-lamplighters-league,10/3/2023,,73,Turn-Based Tactics
1300595287,Station to Station,station-to-station,10/3/2023,,80,Tycoon
1300597648,High on Life: High on Knife,high-on-life-high-on-knife,10/3/2023,,69,FPS
1300545590,The Fabulous Fear Machine,the-fabulous-fear-machine,10/4/2023,,77,Strategy
1300532101,Bang-On Balls: Chronicles,bang-on-balls-chronicles,10/5/2023,,86,3D Platformer
1300573165,[I] doesn't exist - a modern text adventure,i-doesnt-exist-a-modern-text-adventure,10/5/2023,,73,Text Adventure
1300520903,Forza Motorsport,forza-motorsport,10/9/2023,E,83,Auto Racing Sim
1300572673,Land of the Vikings,land-of-the-vikings,10/9/2023,,76,Management
1300516032,Harvest Island,harvest-island,10/10/2023,,54,RPG
1300555033,Monolith,monolith,10/11/2023,,73,Point-and-Click
1300595843,Total War: PHARAOH,total-war-pharaoh,10/11/2023,T,74,Turn-Based Strategy
1300500501,Tribe: Primitive Builder,tribe-primitive-builder,10/12/2023,,64,Sandbox
1300597205,Star Trek: Infinite,star-trek-infinite,10/12/2023,,65,Real-Time Strategy
1300591720,Windy Meadow - A Roadwarden Tale,windy-meadow-a-roadwarden-tale,10/16/2023,,79,Visual Novel
1300601598,Skull Island: Rise of Kong,skull-island-rise-of-kong,10/17/2023,T,23,Action Adventure
1300573450,Kona II: Brume,kona-ii-brume,10/18/2023,,79,Third-Person Adventure
1300613450,Galactic Civilizations IV: Supernova,galactic-civilizations-iv-supernova,10/19/2023,,74,4X Strategy
1300575490,Slay the Princess,slay-the-princess,10/23/2023,,90,Visual Novel
1300524464,Scene Investigators,scene-investigators,10/24/2023,,76,First-Person Adventure
1300505134,Dark Envoy,dark-envoy,10/24/2023,,68,Action RPG
1300598245,Palia,palia,10/24/2023,,77,Virtual Life
1300590290,Cities: Skylines II,cities-skylines-ii,10/24/2023,E,74,Management
1300525406,You Will Die Here Tonight,you-will-die-here-tonight,10/31/2023,,61,Survival
1300502051,Circuit Superstars,circuit-superstars,10/31/2023,,82,Auto Racing
1300543059,Lunacid,lunacid,10/31/2023,,82,Western RPG
1300563867,Peaky Blinders: The King's Ransom,peaky-blinders-the-kings-ransom,11/2/2023,,75,Action Adventure
1300571402,For the King II,for-the-king-ii,11/2/2023,,76,Roguelike
1300001704,Radiant Silvergun,radiant-silvergun,11/3/2023,,90,Vertical Shoot-'Em-Up
1300609203,Football Manager 2024,football-manager-2024,11/6/2023,E,84,Soccer Management
1300572649,Shattered Heaven,shattered-heaven,11/8/2023,,77,Card Battle
1300586864,Cobalt Core,cobalt-core,11/8/2023,,94,Card Battle
1300584742,Risk of Rain Returns,risk-of-rain-returns,11/8/2023,T,84,2D Platformer
1300533141,SANABI,sanabi,11/9/2023,,83,2D Platformer
1300515792,Bzzzt,bzzzt,11/13/2023,,91,2D Platformer
1300519041,Coral Island,coral-island,11/14/2023,,82,Virtual Life
1300602313,Invincible Presents: Atom Eve,invincible-presents-atom-eve,11/14/2023,,79,Visual Novel
1300613909,Zipp's Cafe,zipps-cafe,11/15/2023,,69,Adventure
1300606176,Sociable Soccer 24,sociable-soccer-24,11/15/2023,,69,Soccer
1300537151,Universe For Sale,universe-for-sale,11/16/2023,,80,Adventure
1300591021,The Kindeman Remedy,the-kindeman-remedy,11/16/2023,,65,Real-Time Strategy
1300542086,Valfaris: Mecha Therion,valfaris-mecha-therion,11/21/2023,,83,Horizontal Shoot-'Em-Up
1300478240,Knuckle Sandwich,knuckle-sandwich,11/22/2023,,70,RPG
1300597542,Last Train Home,last-train-home,11/28/2023,,80,Real-Time Strategy
1300598920,Make Way,make-way,12/4/2023,,83,Arcade Racing
1300551523,Chessarama,chessarama,12/5/2023,,73,Strategy
1300569796,Disney Dreamlight Valley,disney-dreamlight-valley,12/5/2023,,70,Virtual Life
1300597439,While the Iron's Hot,while-the-irons-hot,12/5/2023,,63,Open-World Action
1300541591,Blood West,blood-west,12/5/2023,,80,FPS
1300501824,Undying,undying,12/7/2023,,74,Survival
1300619089,The Sims 4: For Rent,the-sims-4-for-rent,12/7/2023,T,67,Virtual Life
1300577221,THE FINALS,the-finals,12/7/2023,,80,Tactical FPS
1300494787,Raccoo Venture,raccoo-venture,12/14/2023,,67,3D Platformer
1300620946,Buckshot Roulette,buckshot-roulette,12/28/2023,,85,Strategy
1300505753,The White Door,the-white-door,1/9/2020,,77,Point-and-Click
1300494206,Lightmatter,lightmatter,1/15/2020,E10+,73,Action Puzzle
1300062654,Wizardry: Labyrinth of Lost Souls,wizardry-labyrinth-of-lost-souls,1/15/2020,,61,Western RPG
1300510580,Total War: Three Kingdoms - Mandate of Heaven,total-war-three-kingdoms-mandate-of-heaven,1/16/2020,,80,Real-Time Strategy
1300511891,Frostpunk: The Last Autumn,frostpunk-the-last-autumn,1/21/2020,,79,Management
1300511983,The Sims 4: Tiny Living,the-sims-4-tiny-living,1/21/2020,T,73,Virtual Life
1300493005,Warcraft III: Reforged,warcraft-iii-reforged,1/28/2020,T,59,Real-Time Strategy
1300462881,The Pedestrian,the-pedestrian,1/29/2020,,81,Action Puzzle
1300512211,Might & Magic: Chess Royale,might-and-magic-chess-royale,1/30/2020,,65,Turn-Based Tactics
1300506093,SIMULACRA 2,simulacra-2,1/30/2020,,69,Virtual Life
1300492710,Through the Darkest of Times,through-the-darkest-of-times,1/30/2020,,71,Strategy
1300463037,Days of War,days-of-war,2/4/2020,,60,FPS
1300493651,The Blind Prophet,the-blind-prophet,2/5/2020,,68,Point-and-Click
1300487472,Nom Nom Apocalypse,nom-nom-apocalypse,2/13/2020,,44,Top-Down Shoot-'Em-Up
1300497189,Into the Radius,into-the-radius,2/13/2020,,76,FPS
1300512000,Mission: It's Complicated,mission-its-complicated,2/14/2020,,91,Turn-Based Strategy
1300507097,Table Manners,table-manners,2/14/2020,,51,Virtual Life
1300512722,Corruption 2029,corruption-2029,2/17/2020,,64,Turn-Based Strategy
1300511954,Taur,taur,2/19/2020,,70,Defense
1300498836,Conglomerate 451,conglomerate-451,2/20/2020,,60,Western RPG
1300504918,Wasteland Remastered,wasteland-remastered,2/25/2020,,64,Western RPG
1300498843,Warlander (2020),warlander-2020,2/26/2020,,59,Action RPG
1300003504,Kingdom Under Fire: The Crusaders,kingdom-under-fire-the-crusaders,2/28/2020,,60,Real-Time Strategy
1300108715,Halo: Combat Evolved Anniversary,halo-combat-evolved-anniversary,3/3/2020,M,79,FPS
1300512611,Hypergalactic Psychic Table Tennis 3000,hypergalactic-psychic-table-tennis-3000,3/3/2020,,77,Arcade
1300489563,The Longing,the-longing,3/5/2020,,79,Adventure
1300513781,Total War: Three Kingdoms - A World Betrayed,total-war-three-kingdoms-a-world-betrayed,3/19/2020,,80,Real-Time Strategy
1300500372,Panzer Corps 2,panzer-corps-2,3/19/2020,,86,Turn-Based Tactics
1300509340,Half-Life: Alyx,half-life-alyx,3/23/2020,,93,FPS
1300501967,Bleeding Edge,bleeding-edge,3/24/2020,T,62,Third Person Shooter
1300485379,Iron Danger,iron-danger,3/25/2020,,73,Turn-Based Tactics
1300513595,"Borderlands 3: Guns, Love, and Tentacles",borderlands-3-guns-love-and-tentacles,3/26/2020,M,72,FPS
1300512937,Down the Rabbit Hole,down-the-rabbit-hole,3/26/2020,E10+,68,Puzzle
1300492248,Starport Delta,starport-delta,3/27/2020,,51,Management
1300514739,Planet Zoo: South America Pack,planet-zoo-south-america-pack,4/7/2020,,62,Tycoon
1300493385,Pattern,pattern,4/7/2020,,61,First-Person Adventure
1300500268,The Procession to Calvary,the-procession-to-calvary,4/9/2020,M,78,Point-and-Click
1300494839,Ancient Enemy,ancient-enemy,4/9/2020,,73,Card Battle
1300510196,STATIONflow,stationflow,4/15/2020,,74,Tycoon
1300496393,Drug Dealer Simulator,drug-dealer-simulator,4/16/2020,,59,Virtual Career
1300513800,The Flower Collectors,the-flower-collectors,4/21/2020,,63,First-Person Adventure
1300500473,The Shattering,the-shattering,4/21/2020,,69,First-Person Adventure
1300505621,Help Will Come Tomorrow,help-will-come-tomorrow,4/21/2020,E10+,67,Real-Time Strategy
1300483278,Iratus: Lord of the Dead,iratus-lord-of-the-dead,4/23/2020,,78,Roguelike
1300497317,112 Operator,112-operator,4/23/2020,,73,Strategy
1300515367,XCOM: Chimera Squad,xcom-chimera-squad,4/23/2020,T,77,Turn-Based Tactics
1300515366,Remnant: From the Ashes - Swamps of Corsus,remnant-from-the-ashes-swamps-of-corsus,4/28/2020,M,81,Third Person Shooter
1300486970,Gears Tactics,gears-tactics,4/28/2020,M,80,Turn-Based Tactics
1300507794,Legends of Runeterra,legends-of-runeterra,4/29/2020,T,87,Card Battle
1300500905,Follia - Dear father,follia-dear-father,4/29/2020,,54,Survival
1300509193,Deathtrap Dungeon: The Interactive Video Adventure,deathtrap-dungeon-the-interactive-video-adventure,4/30/2020,,76,RPG
1300486118,Someday You'll Return,someday-youll-return,5/5/2020,,66,Adventure
1300515055,Shop Titans,shop-titans,5/5/2020,,42,Tycoon
1300490345,Wintermoor Tactics Club,wintermoor-tactics-club,5/5/2020,,80,Turn-Based Tactics
1300510676,Wavey The Rocket,wavey-the-rocket,5/7/2020,,62,Action
1300516458,Halo 2: Anniversary,halo-2-anniversary,5/12/2020,M,71,FPS
1300513561,Song of Horror Episode 5,song-of-horror-episode-5,5/14/2020,,66,Survival
1300477862,Total Tank Simulator,total-tank-simulator,5/20/2020,,66,Real-Time Strategy
1300506179,Timelie,timelie,5/20/2020,,77,Linear Action Adventure
1300513149,Crucible (2020),crucible-2020,5/20/2020,T,56,Tactical Third Person Shooter
1300500939,Old Gods Rising,old-gods-rising,5/20/2020,,54,First-Person Adventure
1300505566,Dungeon Defenders: Awakened,dungeon-defenders-awakened,5/28/2020,,74,Defense
1300514722,Aeronautica Imperialis: Flight Command,aeronautica-imperialis-flight-command,5/28/2020,,54,Strategy
1300514628,Poly Bridge 2,poly-bridge-2,5/28/2020,,69,Strategy
1300513617,Valorant,valorant,6/2/2020,T,80,Tactical FPS
1300514153,Pro Cycling Manager 2020,pro-cycling-manager-2020,6/4/2020,E,66,Biking
1300502235,The Wizards - Dark Times,the-wizards-dark-times,6/4/2020,,83,Action Adventure
1300516673,The Sims 4: Eco Lifestyle,the-sims-4-eco-lifestyle,6/5/2020,T,82,Virtual Life
1300513983,Command & Conquer Remastered Collection,command-and-conquer-remastered-collection,6/5/2020,T,82,Compilation
1300513692,Europa Universalis IV: Emperor,europa-universalis-iv-emperor,6/9/2020,,78,Real-Time Strategy
1300505759,The Dark Eye : Book of Heroes,the-dark-eye-book-of-heroes,6/9/2020,,48,RPG
1300486975,Waking,waking,6/18/2020,,44,Action
1300512797,The Academy: The First Riddle,the-academy-the-first-riddle,6/19/2020,,59,Third-Person Adventure
1300517996,Flying Red Barrel - The Diary of a Little Aviator,flying-red-barrel-the-diary-of-a-little-aviator,6/19/2020,,61,Vertical Shoot-'Em-Up
1300512315,The Innsmouth Case,the-innsmouth-case,6/23/2020,,73,Text Adventure
1300501711,Phantom: Covert Ops,phantom-covert-ops,6/25/2020,M,75,FPS
1300517307,Borderlands 3: Bounty of Blood,borderlands-3-bounty-of-blood,6/25/2020,M,77,FPS
1300517466,Anno History Collection,anno-history-collection,6/25/2020,,72,Compilation
1300513608,Trackmania,trackmania,7/1/2020,E,74,Auto Racing
1300023694,Halo 3,halo-3,7/14/2020,,88,FPS
1300506297,Rogue Company,rogue-company,7/20/2020,,75,Tactical Third Person Shooter
1300465776,Necrobarista,necrobarista,7/22/2020,,81,Visual Novel
1300512534,Into A Dream,into-a-dream,7/30/2020,,55,Adventure
1300505781,Necronator: Dead Wrong,necronator-dead-wrong,7/30/2020,,66,Defense
1300516007,What Happened,what-happened,7/30/2020,,61,First-Person Adventure
1300494377,Fae Tactics,fae-tactics,7/31/2020,,77,Turn-Based Tactics
1300478621,Hellbound (2020),hellbound-2020,8/4/2020,,61,FPS
1300515037,Company of Crime,company-of-crime,8/7/2020,,66,Strategy
1300476521,Horizon Zero Dawn: Complete Edition,horizon-zero-dawn-complete-edition,8/7/2020,T,84,Open-World Action
1300504892,Willy Morgan and the Curse of Bone Town,willy-morgan-and-the-curse-of-bone-town,8/11/2020,,71,Point-and-Click
1300467634,Risk of Rain 2,risk-of-rain-2,8/11/2020,,85,Third Person Shooter
1300480649,Popup Dungeon,popup-dungeon,8/12/2020,,73,Roguelike
1300517901,Milky Way Prince: The Vampire Star,milky-way-prince-the-vampire-star,8/13/2020,,67,Visual Novel
1300513605,Ever Forward,ever-forward,8/13/2020,E10+,65,Action Adventure
1300512617,The Revenant Prince,the-revenant-prince,8/13/2020,,53,JRPG
1300518480,Lovingly Evil,lovingly-evil,8/19/2020,,77,Visual Novel
1300486967,Battletoads,battletoads,8/20/2020,E10+,66,Action
1300507744,Griefhelm,griefhelm,8/20/2020,,57,2D Fighting
1300507701,Eternal Hope,eternal-hope,8/20/2020,,70,2D Platformer
1300521454,Ogre Tale,ogre-tale,8/20/2020,,63,2D Beat-'Em-Up
1300518630,Remnant: From the Ashes - Subject 2923,remnant-from-the-ashes-subject-2923,8/20/2020,,78,Third Person Shooter
1300516077,Jessika,jessika,8/25/2020,,53,Adventure
1300510424,Surgeon Simulator 2: Access All Areas,surgeon-simulator-2-access-all-areas,8/27/2020,,70,Virtual Career
1300509214,Tell Me Why,tell-me-why,8/27/2020,,75,Adventure
1300483269,Iron Harvest,iron-harvest,9/1/2020,,75,Command RTS
1300523345,Cook-Out: A Sandwich Tale,cook-out-a-sandwich-tale,9/3/2020,,86,Virtual Life
1300522093,Total War: Three Kingdoms - The Furious Wild,total-war-three-kingdoms-the-furious-wild,9/3/2020,,80,Real-Time Strategy
1300515908,STRIDE,stride,9/4/2020,,71,Action Adventure
1300522606,The Sims 4: Star Wars - Journey to Batuu,the-sims-4-star-wars-journey-to-batuu,9/8/2020,T,70,Virtual Life
1300502050,CastleStorm II,castlestorm-ii,9/9/2020,,68,Strategy
1300513715,Redneck Ed: Astro Monsters Show,redneck-ed-astro-monsters-show,9/10/2020,,53,2D Beat-'Em-Up
1300522407,Borderlands 3: Psycho Krieg and the Fantastic Fustercluck,borderlands-3-psycho-krieg-and-the-fantastic,9/10/2020,M,72,FPS
1300507890,As Far As The Eye,as-far-as-the-eye,9/10/2020,,70,Management
1300513211,The Dungeon of Naheulbeuk: The Amulet of Chaos,the-dungeon-of-naheulbeuk-the-amulet-of-chaos,9/17/2020,M,72,RPG
1300517479,Welcome to Elk,welcome-to-elk,9/17/2020,,82,Point-and-Click
1300514902,Pendragon,pendragon,9/22/2020,,74,Turn-Based Tactics
1300523618,Halo: The Master Chief Collection - Halo 3: ODST,halo-the-master-chief-collection-halo-3-odst,9/22/2020,M,91,FPS
1300515216,The Girl of Glass: A Summer Bird's Tale,the-girl-of-glass-a-summer-birds-tale,9/22/2020,,75,Point-and-Click
1300460408,Gnomes & Goblins,gnomes-and-goblins,9/23/2020,,41,First-Person Adventure
1300494546,Darksburg,darksburg,9/23/2020,,61,Survival
1300476309,Projection: First Light,projection-first-light,9/29/2020,,75,2D Platformer
1300511987,Bartlow's Dread Machine,bartlows-dread-machine,9/29/2020,,70,Top-Down Shoot-'Em-Up
1300501060,Commander '85,commander-85,9/30/2020,,45,First-Person Adventure
1300489666,Train Station Renovation,train-station-renovation,10/1/2020,,68,Virtual Career
1300521139,HADR,hadr,10/6/2020,,79,Adventure
1300524090,The Solitaire Conspiracy,the-solitaire-conspiracy,10/6/2020,,70,Board
1300491502,The Uncertain: Light at the End,the-uncertain-light-at-the-end,10/8/2020,,44,Action Adventure
1300524279,Neighbours back From Hell,neighbours-back-from-hell,10/8/2020,,69,Action Puzzle
1300257521,Robotics;Notes Elite,roboticsnotes-elite,10/13/2020,,82,Adventure
1300512643,Partisans 1941,partisans-1941,10/14/2020,,74,Real-Time Tactics
1300518362,Re:Turn - One Way Trip,return-one-way-trip,10/14/2020,,67,Adventure
1300505135,"Cook, Serve, Delicious! 3?!",cook-serve-delicious-3,10/14/2020,E10+,79,Tycoon
1300514316,The Signifier,the-signifier,10/15/2020,,68,First-Person Adventure
1300487002,Noita,noita,10/15/2020,,76,Open-World Action
1300497904,Tears of Avia,tears-of-avia,10/15/2020,,56,Turn-Based Tactics
1300502066,This is the Zodiac Speaking,this-is-the-zodiac-speaking,10/15/2020,,59,First-Person Adventure
1300502048,Lucifer Within Us,lucifer-within-us,10/15/2020,,76,Action Adventure
1300508935,Airplane Mode,airplane-mode,10/15/2020,,53,Virtual Life
1300500438,Ring of Pain,ring-of-pain,10/15/2020,,74,Card Battle
1300522608,Age of Empires III: Definitive Edition,age-of-empires-iii-definitive-edition,10/15/2020,T,75,Command RTS
1300452290,Aquanox Deep Descent,aquanox-deep-descent,10/16/2020,T,65,Marine Combat Sim
1300513568,Drone Swarm,drone-swarm,10/20/2020,,66,Real-Time Strategy
1300452385,Uppers,uppers,10/21/2020,,60,3D Beat-'Em-Up
1300505922,Monster Prom 2: Monster Camp,monster-prom-2-monster-camp,10/23/2020,,80,Visual Novel
1300501473,Hammerting,hammerting,10/27/2020,,64,Strategy
1300514821,Strobophagia | Rave Horror,strobophagia-rave-horror,10/28/2020,,52,Survival
1300501386,Transient,transient,10/28/2020,,65,First-Person Adventure
1300517646,Stirring Abyss,stirring-abyss,10/29/2020,,76,Turn-Based Tactics
1300525062,SHUT IN,shut-in,10/30/2020,,78,Adventure
1300518231,SpellForce 3: Fallen God,spellforce-3-fallen-god,11/3/2020,,77,Real-Time Tactics
1300507400,The Last Show of Mr. Chardish,the-last-show-of-mr-chardish,11/5/2020,,79,Third-Person Adventure
1300513190,Kosmokrats,kosmokrats,11/5/2020,,73,Strategy
1300525330,Borderlands 3: Designer's Cut,borderlands-3-designers-cut,11/10/2020,M,61,FPS
1300505456,The Falconeer,the-falconeer,11/10/2020,T,68,Aircraft Combat Sim
1300525890,The Sims 4: Snowy Escape,the-sims-4-snowy-escape,11/13/2020,T,80,Virtual Life
1300488800,Phantom Brigade,phantom-brigade,11/16/2020,,71,Turn-Based Tactics
1300108726,Halo 4,halo-4,11/17/2020,M,84,FPS
1300485511,Mars Horizon,mars-horizon,11/17/2020,,71,Tycoon
1300522601,Bridge Constructor: The Walking Dead,bridge-constructor-the-walking-dead,11/19/2020,,72,Strategy
1300508697,World of Warcraft: Shadowlands,world-of-warcraft-shadowlands,11/23/2020,T,83,MMORPG
1300524222,Football Manager 2021,football-manager-2021,11/24/2020,E,85,Soccer Management
1300528702,Amazing Cultivation Simulator,amazing-cultivation-simulator,11/25/2020,,73,Tycoon
1300500946,Project Wingman: Frontline 59,project-wingman-frontline-59,12/1/2020,,75,Aircraft Combat Sim
1300523466,Startup Panic,startup-panic,12/3/2020,,65,Tycoon
1300507590,Shadow Empire,shadow-empire,12/3/2020,,78,4X Strategy
1300502015,Per Aspera,per-aspera,12/3/2020,,78,Tycoon
1300520835,ALTDEUS: Beyond Chronos,altdeus-beyond-chronos,12/4/2020,,78,Visual Novel
1300510555,Suzerain,suzerain,12/4/2020,,81,4X Strategy
1300507073,Medal of Honor: Above and Beyond,medal-of-honor-above-and-beyond,12/10/2020,M,66,Light Gun
1300525329,Morkredd,morkredd,12/10/2020,E,74,Action Puzzle
1300497571,Airborne Kingdom,airborne-kingdom,12/17/2020,,76,Management
1300505694,Medieval Dynasty,medieval-dynasty,12/17/2020,T,73,Survival
1300504947,Ratropolis,ratropolis,12/22/2020,,82,Real-Time Strategy
1300506530,Omori,omori,12/25/2020,,87,RPG
1300521961,Orwell's Animal Farm,orwells-animal-farm,12/10/2020,,65,Adventure
1300482109,PositronX,positronx,10/29/2020,,63,FPS
1300501971,Microsoft Flight Simulator,microsoft-flight-simulator,8/18/2020,E,91,Aircraft Sim
1300520472,The Sims 4: Nifty Knitting,the-sims-4-nifty-knitting,7/28/2020,T,63,Virtual Life
1300489362,Paws and Soul,paws-and-soul,7/16/2020,,48,Third-Person Adventure
1300506892,Towaga: Among Shadows,towaga-among-shadows,7/14/2020,,58,Action
1300507723,Tales From Off-Peak City Vol. 1,tales-from-off-peak-city-vol-1,5/15/2020,,83,First-Person Adventure
1300498427,VirtuaVerse,virtuaverse,5/12/2020,,75,Point-and-Click
1300513592,Stellaris: Federations,stellaris-federations,3/17/2020,,74,Real-Time Strategy
1300522313,Tank Mechanic Simulator,tank-mechanic-simulator,2/20/2020,,57,Virtual Career
1300480590,Darwin Project,darwin-project,1/13/2020,,74,Tactical Third Person Shooter
1300598090,Constance,constance,2025-11-24,,84,Metroidvania
1300597194,Lysfanga: The Time Shift Warrior,lysfanga-the-time-shift-warrior,2024-02-13,,74,Action Adventure
1300606903,Telmari,telmari,2024-02-16,,59,2D Platformer
1300499589,Last Epoch,last-epoch,2024-02-21,,80,Action RPG
1300578978,Solium Infernum,solium-infernum,2024-02-22,T,85,Turn-Based Strategy
1300578984,CorpoNation: The Sorting Process,corponation-the-sorting-process,2024-02-22,,74,Adventure
1300583886,Quilts and Cats of Calico,quilts-and-cats-of-calico,2024-03-05,,83,Board
1300520907,As Dusk Falls,as-dusk-falls,2024-03-07,M,80,Adventure
1300602873,Top Racer Collection,top-racer-collection,2024-03-07,E,72,Compilation
1300576443,Parry Nightmare,parry-nightmare,2024-03-21,,76,Top-Down Shoot-'Em-Up
1300522494,Broken Roads,broken-roads,2024-04-10,,61,Western RPG
1300628291,Life Eater,life-eater,2024-04-16,,68,Adventure
1300507480,Rauniot,rauniot,2024-04-17,,63,Point-and-Click
1300611674,The Hungry Lamb,the-hungry-lamb,2024-04-22,,79,Visual Novel
1300580831,Swarm Grinder,swarm-grinder,2024-04-22,,73,Top-Down Shoot-'Em-Up
1300577799,Sucker for Love: Date to Die For,sucker-for-love-date-to-die-for,2024-04-23,,80,Visual Novel
1300633080,Remnant II: The Forgotten Kingdom,remnant-ii-the-forgotten-kingdom,2024-04-23,,78,Third Person Shooter
1300615579,POOLS,pools,2024-04-26,,77,First-Person Adventure
1300617796,Rusty's Retirement,rustys-retirement,2024-04-26,,81,Tycoon
1300635189,Total War: WARHAMMER III - Elspeth: Thrones of Decay,total-war-warhammer-iii-elspeth-thrones-of-decay,2024-04-30,,83,Real-Time Tactics
1300520948,The Lullaby of Life,the-lullaby-of-life,2024-04-30,,82,Adventure
1300597516,Undead Inc.,undead-inc,2024-05-02,,59,Tycoon
1300631027,Solo Leveling: ARISE,solo-leveling-arise,2024-05-08,,70,Action RPG
1300620393,King Arthur: Legion IX,king-arthur-legion-ix,2024-05-09,,72,Turn-Based Tactics
1300506129,Homeworld 3,homeworld-3,2024-05-13,E10+,75,Real-Time Strategy
1300586517,Fabledom,fabledom,2024-05-13,,77,Management
1300543760,ROBOBEAT,robobeat,2024-05-14,,83,FPS
1300540461,Dread Delusion,dread-delusion,2024-05-14,,73,Western RPG
1300494086,Samurai Warriors 4 DX,samurai-warriors-4-dx,2024-05-14,T,82,3D Beat-'Em-Up
1300550314,Men of War II,men-of-war-ii,2024-05-15,,72,Real-Time Strategy
1300567228,Baladins,baladins,2024-05-15,,75,RPG
1300597061,Mullet MadJack,mullet-madjack,2024-05-15,,88,FPS
1300579547,Still Joking,still-joking,2024-05-16,,66,Visual Novel
1300538938,Ghost of Tsushima: Director's Cut,ghost-of-tsushima-directors-cut,2024-05-16,,89,Open-World Action
1300502014,Songs of Conquest,songs-of-conquest,2024-05-20,,78,Turn-Based Tactics
1300510410,Senua's Saga: Hellblade II,senuas-saga-hellblade-ii,2024-05-21,M,81,Action Adventure
1300569356,Survival: Fountain of Youth,survival-fountain-of-youth,2024-05-21,,74,Survival
1300599657,An English Haunting,an-english-haunting,2024-05-22,,83,Point-and-Click
1300632933,RKGK / Rakugaki,rkgk-rakugaki,2024-05-22,T,76,3D Platformer
1300550823,The Tribe Must Survive,the-tribe-must-survive,2024-05-23,,68,Strategy
1300619306,Zet Zillions,zet-zillions,2024-05-23,,82,Card Battle
1300590558,Galacticare,galacticare,2024-05-23,,80,Tycoon
1300533964,RIPOUT,ripout,2024-05-28,,76,FPS
1300512535,"Rolling Hills: Make Sushi, Make Friends",rolling-hills-make-sushi-make-friends,2024-06-04,,74,Tycoon
1300504166,Chornobyl Liquidators,chornobyl-liquidators,2024-06-06,,56,First-Person Adventure
1300515563,Autopsy Simulator,autopsy-simulator,2024-06-06,,63,Virtual Career
1300545433,Blockbuster Inc.,blockbuster-inc,2024-06-06,,75,Tycoon
1300627873,Pro Cycling Manager 2024,pro-cycling-manager-2024,2024-06-06,,65,Biking
1300628820,Monster Hunter Stories Collection,monster-hunter-stories-collection,2024-06-14,,81,Compilation
1300486123,Workers & Resources: Soviet Republic,workers-and-resources-soviet-republic,2024-06-20,,81,Management
1300569141,Noreya: The Gold Project,noreya-the-gold-project,2024-06-21,,65,Metroidvania
1300610952,Dystopika,dystopika,2024-06-21,,79,Management
1300621038,Uncover the Smoking Gun,uncover-the-smoking-gun,2024-06-23,,80,First-Person Adventure
1300581273,Riven,riven,2024-06-25,E10+,86,First-Person Adventure
1300576886,Once Human,once-human,2024-07-09,,71,Survival
1300509014,KAKU: Ancient Seal,kaku-ancient-seal,2024-07-12,,76,Open-World Action
1300513212,Gestalt: Steam & Cinder,gestalt-steam-and-cinder,2024-07-16,,74,Metroidvania
1300512323,EvilvEvil,evilvevil,2024-07-16,,63,FPS
1300641479,CLICKOLDING,clickolding,2024-07-16,,70,Adventure
1300597504,Dungeons of Hinterberg,dungeons-of-hinterberg,2024-07-18,E10+,80,Open-World Action
1300622294,Vampire Therapist,vampire-therapist,2024-07-18,,81,Visual Novel
1300544647,The Operator,the-operator,2024-07-22,,78,Adventure
1300602878,Veritus,veritus,2024-07-22,,76,RPG
1300500257,ete,ete,2024-07-23,,70,First-Person Adventure
1300628808,F1 Manager 2024,f1-manager-2024,2024-07-23,E,81,Auto Racing Sim
1300644279,Total War: PHARAOH DYNASTIES,total-war-pharaoh-dynasties,2024-07-25,,83,Turn-Based Strategy
1300641746,The Sims 4: Lovestruck,the-sims-4-lovestruck,2024-07-25,T,71,Virtual Life
1300677760,MARVEL Cosmic Invasion,marvel-cosmic-invasion,2025-12-01,,79,2D Beat-'Em-Up
1300621327,Alisa: Developer's Cut,alisa-developers-cut,2024-02-06,T,81,Survival
1300575901,Cryptmaster,cryptmaster,2024-05-09,,77,RPG
1300506620,Die by the Blade,die-by-the-blade,2024-05-16,,53,3D Fighting
1300516003,Isles of Sea and Sky,isles-of-sea-and-sky,2024-05-22,,85,Adventure
1300591892,Harvest Hunt,harvest-hunt,2024-05-22,,59,Survival
1300627872,Tour de France 2024,tour-de-france-2024,2024-06-06,,66,Racing Sim
1300637702,"Warhammer 40,000: Boltgun - Forges of Corruption",warhammer-40000-boltgun-forges-of-corruption,2024-06-18,,73,FPS
1300636559,Stray Gods: The Roleplaying Musical - Orpheus,stray-gods-the-roleplaying-musical-orpheus,2024-06-27,,83,RPG
1300589591,Linkito,linkito,2024-07-23,,83,Puzzle
1300594150,Weyrdlets,weyrdlets,2024-07-23,,69,Virtual Pet
1300605280,Sword of Convallaria,sword-of-convallaria,2024-07-31,,70,Turn-Based Tactics
1300530182,Kitsune Tails,kitsune-tails,2024-08-01,,76,2D Platformer
1300634516,Thalassa: Edge of the Abyss,thalassa-edge-of-the-abyss,2024-08-01,,77,First-Person Adventure
1300564823,One Btn Bosses,one-btn-bosses,2024-08-06,,85,Action
1300628349,Creatures of Ava,creatures-of-ava,2024-08-07,,72,Open-World Action
1300623403,Fate/stay night REMASTERED,fate-stay-night-remastered,2024-08-07,,89,Visual Novel
1300593937,Dungeons & Degenerate Gamblers,dungeons-and-degenerate-gamblers,2024-08-08,,74,Card Battle
1300639237,Five Nights at Freddy's: Into the Pit,five-nights-at-freddys-into-the-pit,2024-08-08,,87,Action Adventure
1300632564,The Crush House,the-crush-house,2024-08-09,,73,First-Person Adventure
1300614917,Dark and Deep,dark-and-deep,2024-08-13,,71,Survival
1300591730,Leximan,leximan,2024-08-13,,79,RPG
1300550968,"Love, Ghostie",love-ghostie,2024-08-14,,78,Adventure
1300501834,The Crimson Diamond,the-crimson-diamond,2024-08-15,,88,Text Adventure
1300607656,Arco,arco,2024-08-15,,86,RPG
1300524718,Farewell North,farewell-north,2024-08-16,,80,Third-Person Adventure
1300628217,Elemental Exiles,elemental-exiles,2024-08-20,,71,Card Battle
1300498516,Tactical Breach Wizards,tactical-breach-wizards,2024-08-22,,87,Turn-Based Tactics
1300484890,3 Minutes To Midnight,3-minutes-to-midnight,2024-08-22,,81,Point-and-Click
1300634102,World of Warcraft: The War Within,world-of-warcraft-the-war-within,2024-08-26,T,85,MMORPG
1300646044,Fairy Tail: Dungeons,fairy-tail-dungeons,2024-08-26,,79,Card Battle
1300538246,Core Keeper,core-keeper,2024-08-27,,85,Sandbox
1300598257,Umamusume: Pretty Derby - Party Dash,umamusume-pretty-derby-party-dash,2024-08-30,,68,Party
1300597445,Star Trucker,star-trucker,2024-09-03,,73,Space Sim
1300645596,Spectre Divide,spectre-divide,2024-09-03,T,57,Tactical FPS
1300495807,Date A Live: Ren Dystopia,date-a-live-ren-dystopia,2024-09-05,,78,Visual Novel
1300538219,Demon's Mirror,demons-mirror,2024-09-05,,76,Card Battle
1300607861,Hive Jump 2: Survivors,hive-jump-2-survivors,2024-09-10,,76,Top-Down Shoot-'Em-Up
1300487011,Satisfactory,satisfactory,2024-09-10,,91,Sandbox
1300577694,Hollowbody,hollowbody,2024-09-12,,74,Survival
1300630592,DeathSprint 66,deathsprint-66,2024-09-12,,74,Future Racing
1300577214,Edge of Sanity,edge-of-sanity,2024-09-13,,80,Survival
1300580224,Judero,judero,2024-09-16,,81,Action Adventure
1300646045,Fairy Tail: Beach Volleyball Havoc,fairy-tail-beach-volleyball-havoc,2024-09-16,,52,Volleyball
1300580324,Marko: Beyond Brave,marko-beyond-brave,2024-09-17,,51,Metroidvania
1300544717,Toy Tactics,toy-tactics,2024-09-19,,86,Real-Time Strategy
1300624904,Parking Garage Rally Circuit,parking-garage-rally-circuit,2024-09-20,,77,Auto Racing
1300596566,Athena Crisis,athena-crisis,2024-09-23,,83,Turn-Based Tactics
1300583950,Tiny Glade,tiny-glade,2024-09-23,,74,Management
1300586721,Halls of Torment,halls-of-torment,2024-09-24,,88,Top-Down Shoot-'Em-Up
1300651176,Remnant II: The Dark Horizon,remnant-ii-the-dark-horizon,2024-09-24,,78,Third Person Shooter
1300652763,Crusader Kings III: Roads to Power,crusader-kings-iii-roads-to-power,2024-09-24,,87,Real-Time Strategy
1300626130,Beyond Galaxyland,beyond-galaxyland,2024-09-24,E10+,81,Action Adventure
1300590972,Echo Point Nova,echo-point-nova,2024-09-24,,85,FPS
1300642177,Warhammer 40K: Rogue Trader - Void Shadows,warhammer-40k-rogue-trader-void-shadows,2024-09-24,,86,Western RPG
1300630442,Golden Lap,golden-lap,2024-09-26,,78,Tycoon
1300643452,Apartment Story,apartment-story,2024-09-26,,67,Third-Person Adventure
1300607983,Mouthwashing,mouthwashing,2024-09-26,,88,First-Person Adventure
1300639548,Starfield: Shattered Space,starfield-shattered-space,2024-09-30,,62,Western RPG
1300631543,Metal: Hellsinger VR,metal-hellsinger-vr,2024-10-03,,79,FPS
1300591695,Kvark,kvark,2024-10-03,,75,FPS
1300515516,Diplomacy is Not an Option,diplomacy-is-not-an-option,2024-10-04,,80,Real-Time Strategy
1300620275,Grunn,grunn,2024-10-04,,84,First-Person Adventure
1300580797,Phoenix Springs,phoenix-springs,2024-10-07,,72,Point-and-Click
1300524245,Extra Coin,extra-coin,2024-10-08,,78,Adventure
1300631966,Dead Season,dead-season,2024-10-08,,69,Turn-Based Tactics
1300575035,Duck Paradox,duck-paradox,2024-10-09,,77,2D Platformer
1300538226,Amber Isle,amber-isle,2024-10-10,,72,Virtual Life
1300565503,Last Time I Saw You,last-time-i-saw-you,2024-10-10,,80,Adventure
1300584301,Thronefall,thronefall,2024-10-11,,92,Defense
1300621966,Citadelum,citadelum,2024-10-17,,68,Management
1300584035,Wayfinder,wayfinder,2024-10-21,,73,Action RPG
1300529862,PRIM,prim,2024-10-23,,81,Point-and-Click
1300544576,ZERO Sievert,zero-sievert,2024-10-23,,81,Top-Down Shoot-'Em-Up
1300626381,Technotopia,technotopia,2024-10-23,,85,Management
1300656997,Red Dead Redemption Featuring Undead Nightmare,red-dead-redemption-featuring-undead-nightmare,2024-10-29,M,83,Open-World Action
1300592638,Mirthwood,mirthwood,2024-11-06,,66,RPG
1300543610,Death of the Reprobate,death-of-the-reprobate,2024-11-07,,81,Point-and-Click
1300648061,Goat Simulator: Remastered,goat-simulator-remastered,2024-11-07,,65,Open-World Action
1300598396,Chicken Police: Into the HIVE!,chicken-police-into-the-hive,2024-11-07,,76,Visual Novel
1300553299,Slitterhead,slitterhead,2024-11-08,,66,Survival
1300571633,HeistGeist,heistgeist,2024-11-11,,73,Card Battle
1300565095,In Sink,in-sink,2024-11-12,,70,First-Person Adventure
1300587401,XENOTILT,xenotilt,2024-11-12,,86,Pinball
1300615718,Is this Game Trying to Kill Me?,is-this-game-trying-to-kill-me,2024-11-12,,80,First-Person Adventure
1300631696,Void Sols,void-sols,2024-11-12,,81,Top-Down Shoot-'Em-Up
1300579365,Forgotten but Unbroken,forgotten-but-unbroken,2024-11-18,,68,Turn-Based Tactics
1300590267,Once Alive,once-alive,2024-11-18,,63,First-Person Adventure
1300026671,Utopia City,utopia-city,2024-11-19,,23,FPS
1300591301,Toads of the Bayou,toads-of-the-bayou,2024-11-19,,66,Turn-Based Tactics
1300625009,THRESHOLD (Julien Eveille),threshold-julien-eveille,2024-11-19,,83,First-Person Adventure
1300597497,Microsoft Flight Simulator 2024,microsoft-flight-simulator-2024,2024-11-19,E,78,Aircraft Sim
1300083333,S.T.A.L.K.E.R. 2: Heart of Chornobyl,stalker-2-heart-of-chornobyl,2024-11-20,,73,FPS
1300627794,Luma Island,luma-island,2024-11-20,,80,Open-World Action
1300493913,Alaloth - Champions of The Four Kingdoms,alaloth-champions-of-the-four-kingdoms,2024-11-21,,79,Action RPG
1300579998,Spirit Mancer,spirit-mancer,2024-11-22,,71,2D Platformer
1300591310,Void Crew,void-crew,2024-11-25,,80,Action Adventure
1300540701,30 Birds,30-birds,2024-11-27,,83,Adventure
1300615724,S4U: CITYPUNK 2011 AND LOVE PUNCH,s4u-citypunk-2011-and-love-punch,2025-01-08,,78,Adventure
1300643464,Threefold Recital,threefold-recital,2025-01-13,,76,Action Adventure
1300540238,Age of Darkness: Final Stand,age-of-darkness-final-stand,2025-01-15,,74,Real-Time Strategy
1300628169,The Roottrees are Dead,the-roottrees-are-dead,2025-01-15,,86,Point-and-Click
1300584881,IDUN - Frontline Survival,idun-frontline-survival,2025-01-20,,73,Defense
1300647273,Lonely Mountains: Snow Riders,lonely-mountains-snow-riders,2025-01-21,,87,Skiing
1300580162,Dead of Darkness,dead-of-darkness,2025-01-23,,76,Survival
1300652168,Dragon Takers,dragon-takers,2025-01-23,,48,JRPG
1300595771,Mark of the Deep,mark-of-the-deep,2025-01-24,,81,Action Adventure
1300643529,Orcs Must Die! Deathtrap,orcs-must-die-deathtrap,2025-01-28,,69,Defense
1300659750,Virtua Fighter 5 R.E.V.O.,virtua-fighter-5-revo,2025-01-28,T,75,3D Fighting
1300490274,The End of the Sun,the-end-of-the-sun,2025-01-29,,63,First-Person Adventure
1300539817,Coridden,coridden,2025-01-29,,75,Action RPG
1300483518,Foundation,foundation,2025-01-31,,84,Management
1300668785,The Sims: Legacy Collection,the-sims-legacy-collection,2025-01-31,,67,Virtual Life
1300575758,Rift of the NecroDancer,rift-of-the-necrodancer,2025-02-05,,79,Rhythm
1300637192,Keep Driving,keep-driving,2025-02-06,,84,RPG
1300510060,Slender Threads,slender-threads,2025-02-07,,80,Point-and-Click
1300661896,A Game About Digging A Hole,a-game-about-digging-a-hole,2025-02-07,,75,Sandbox
1300512538,Door Kickers 2: Task Force North,door-kickers-2-task-force-north,2025-02-10,,84,Linear Action Adventure
1300624920,COLD VR,cold-vr,2025-02-11,,59,Light Gun
1300637100,The Executive - A Movie Industry Tycoon,the-executive-a-movie-industry-tycoon,2025-02-11,,70,Tycoon
1300592455,Dawnfolk,dawnfolk,2025-02-13,,83,Strategy
1300520906,Avowed,avowed,2025-02-18,M,77,Action RPG
1300594967,Cabernet,cabernet,2025-02-20,,88,RPG
1300692439,EvoCreo,evocreo,2026-01-07,,69,Trainer RPG
1300623970,Cozy Caravan,cozy-caravan,2026-01-08,,79,Virtual Life
1300666568,Code Violet,code-violet,2026-01-10,M,27,Survival
1300681827,Confidential Killings - A Detective Game,confidential-killings-a-detective-game,2026-01-12,,78,Adventure
1300546008,Big Hops,big-hops,2026-01-12,,78,3D Platformer
1300665834,Quarantine Zone: The Last Check,quarantine-zone-the-last-check,2026-01-12,,68,Strategy
1300564733,Temirana: The Lucky Princess and the Tragic Knights,temirana-the-lucky-princess-and-the-tragic-knights,2026-01-13,T,81,Visual Novel
1300694502,Kotama and Academy Citadel,kotama-and-academy-citadel,2026-01-14,,77,Metroidvania
1300609063,Philna Fantasy,philna-fantasy,2026-01-14,,70,Action RPG
1300600459,Kejora,kejora,2026-01-14,,56,2D Platformer
1300588157,BrokenLore: UNFOLLOW,brokenlore-unfollow,2026-01-15,,65,First-Person Adventure
1300619646,The Legend of Heroes: Trails beyond the Horizon,the-legend-of-heroes-trails-beyond-the-horizon,2026-01-15,T,80,JRPG
1300661509,Craftlings,craftlings,2026-01-15,,74,Management
